standard_code,level,points,dimension,theme,good_practice,action,verification_detail,verification_medium,link,valid_answers,linked_resources
P001,Fundamental,5,Ambiente,Agua,Gestionar los recursos hídricos en el predio,El predio registra mensualmente el consumo de agua de riego especificando la fuente de abastecimiento y su uso.,"Registro de consumo de agua de riego mensual con especificaciones de la siguiente información:  - Fecha.  - Cultivo.  - Sector o cuartel.  - Fuente de abastecimiento disponible (canal, pozo, suministro de agua potable, red aljibe, etc.).  - Superficie.  - Tiempo de riego.  - Días de riego en la semana.  - Volumen de agua aplicado en el día (litros).  - Volumen de agua acumulado (litros).",Bitácora,https://ciruelacertificada.cl/?s=P001&jet_ajax_search_settings=%7B%22current_query%22%3A%7B%22taxonomy%22%3A%22estandares-recursos%22%2C%22term%22%3A%22recurso-produccion-primaria%22%7D%2C%22sentence%22%3Atrue%2C%22search_in_taxonomy%22%3Atrue%2C%22search_in_taxonomy_source%22%3A%5B%22elementor_library_category%22%2C%22acciones-relacionadas%22%5D%7D,"['Si cumplo', 'No cumplo', 'No cumplo, pero me es factible', 'No aplica a mi sistema productivo']","[476, 572, 717, 862]"
P002,Básico,2,Ambiente,Agua,Gestionar los recursos hídricos en el predio,"El predio capacita a quienes trabajan como tomadores de decisiones en el ámbito hídrico, abordando estrategias para la gestión eficiente del recurso.","Registro de la ejecución de capacitaciones (lista de asistencia identificando sexo de quien participa, tema expuesto, persona que expone, material expuesto, registro fotográfico y certificación entregada) o certificado de participación en instancias de capacitación externa (cursos, seminarios, congresos, etc.). Se verifica que al menos una persona atingente al área, haya recibido esta capacitación.",Foto,https://ciruelacertificada.cl/?s=P002&jet_ajax_search_settings=%7B%22current_query%22%3A%7B%22taxonomy%22%3A%22estandares-recursos%22%2C%22term%22%3A%22recurso-produccion-primaria%22%7D%2C%22sentence%22%3Atrue%2C%22search_in_taxonomy%22%3Atrue%2C%22search_in_taxonomy_source%22%3A%5B%22elementor_library_category%22%2C%22acciones-relacionadas%22%5D%7D,"['Si cumplo', 'No cumplo', 'No cumplo, pero me es factible', 'No aplica a mi sistema productivo']","[547, 573, 718, 863]"
P003,Básico,2,Ambiente,Agua,Gestionar los recursos hídricos en el predio,El predio cuenta con un mapa con la ubicación de las fuentes de aprovisionamiento de agua dentro de la explotación.,"Mapa o plano de las fuentes de agua, ya sea en digital o en papel.",Foto,https://ciruelacertificada.cl/?s=P003&jet_ajax_search_settings=%7B%22current_query%22%3A%7B%22taxonomy%22%3A%22estandares-recursos%22%2C%22term%22%3A%22recurso-produccion-primaria%22%7D%2C%22sentence%22%3Atrue%2C%22search_in_taxonomy%22%3Atrue%2C%22search_in_taxonomy_source%22%3A%5B%22elementor_library_category%22%2C%22acciones-relacionadas%22%5D%7D,"['Si cumplo', 'No cumplo', 'No cumplo, pero me es factible', 'No aplica a mi sistema productivo']","[574, 719, 864]"
P004,Básico,2,Ambiente,Agua,Gestionar los recursos hídricos en el predio,"El predio capacita a las personas que trabajan en la ejecución de acciones asociadas al riego, abordando acciones operativas que permitan la gestión eficiente del recurso.","Registro de la ejecución de capacitaciones (lista de asistencia identificando sexo quien participa, tema expuesto, persona que expone, material expuesto, registro fotográfico y certificación entregada).",Foto,https://ciruelacertificada.cl/?s=P004&jet_ajax_search_settings=%7B%22current_query%22%3A%7B%22taxonomy%22%3A%22estandares-recursos%22%2C%22term%22%3A%22recurso-produccion-primaria%22%7D%2C%22sentence%22%3Atrue%2C%22search_in_taxonomy%22%3Atrue%2C%22search_in_taxonomy_source%22%3A%5B%22elementor_library_category%22%2C%22acciones-relacionadas%22%5D%7D,"['Si cumplo', 'No cumplo', 'No cumplo, pero me es factible', 'No aplica a mi sistema productivo']","[548, 575, 720, 865]"
P005,Intermedio,3,Ambiente,Agua,Gestionar los recursos hídricos en el predio,El predio cuenta con planos de la infraestructura de riego asociada a su producción.,"Plano de equipamiento de riego, ya sea en formato digital o en papel.",Foto,https://ciruelacertificada.cl/?s=P005&jet_ajax_search_settings=%7B%22current_query%22%3A%7B%22taxonomy%22%3A%22estandares-recursos%22%2C%22term%22%3A%22recurso-produccion-primaria%22%7D%2C%22sentence%22%3Atrue%2C%22search_in_taxonomy%22%3Atrue%2C%22search_in_taxonomy_source%22%3A%5B%22elementor_library_category%22%2C%22acciones-relacionadas%22%5D%7D,"['Si cumplo', 'No cumplo', 'No cumplo, pero me es factible', 'No aplica a mi sistema productivo']","[576, 721, 866]"
P006,Avanzado,4,Ambiente,Agua,Gestionar los recursos hídricos en el predio,"El predio que posee pozo profundo, utiliza instrumentos de medición para registrar su caudal, cumpliendo con el monitoreo de extracciones exigido por la DGA.","Registro del monitoreo de extracciones DGA que cuenta con:  - Datos del titular: Nombre, RUT y dirección del titular de la autorización de extracción.  - Datos de la fuente: Nombre, código y ubicación de la fuente de agua de la que se extrae.  - Datos de la extracción:  * Fecha y hora de inicio y término de la extracción.  * Caudal y/o volumen extraído.  * Nombre y firma de quién realizó la extracción.  - Datos del medidor (Número de serie, fecha de calibración y factor de corrección del medidor de flujo utilizado para medir la extracción).",Archivo,https://ciruelacertificada.cl/?s=P006&jet_ajax_search_settings=%7B%22current_query%22%3A%7B%22taxonomy%22%3A%22estandares-recursos%22%2C%22term%22%3A%22recurso-produccion-primaria%22%7D%2C%22sentence%22%3Atrue%2C%22search_in_taxonomy%22%3Atrue%2C%22search_in_taxonomy_source%22%3A%5B%22elementor_library_category%22%2C%22acciones-relacionadas%22%5D%7D,"['Si cumplo', 'No cumplo', 'No cumplo, pero me es factible', 'No aplica a mi sistema productivo']","[577, 722, 867]"
P007,Avanzado,4,Ambiente,Agua,Gestionar los recursos hídricos en el predio,El predio cuenta con un documento que define un plan de gestión del recurso hídrico.,"Plan de gestión del recurso hídrico que considere la siguiente información:  - Indicador de eficiencia del uso del agua utilizada (litros de agua/kg ciruela fresca).  - Meta de eficiencia del uso del agua en base al indicador propuesto en el punto anterior.  - Propuesta de un porcentaje de reducción del uso del agua, en el caso de que no se cumpla con la meta de eficiencia.",Archivo,https://ciruelacertificada.cl/?s=P007&jet_ajax_search_settings=%7B%22current_query%22%3A%7B%22taxonomy%22%3A%22estandares-recursos%22%2C%22term%22%3A%22recurso-produccion-primaria%22%7D%2C%22sentence%22%3Atrue%2C%22search_in_taxonomy%22%3Atrue%2C%22search_in_taxonomy_source%22%3A%5B%22elementor_library_category%22%2C%22acciones-relacionadas%22%5D%7D,"['Si cumplo', 'No cumplo', 'No cumplo, pero me es factible', 'No aplica a mi sistema productivo']","[474, 578, 723, 868]"
P008,Básico,2,Ambiente,Agua,Minimizar las pérdidas de agua en el predio,El predio monitorea regularmente las fugas o roturas dentro de su infraestructura hídrica.,Check list o calendarización de monitoreo de comprobación de fugas con la siguiente información.  - Tipo de evento.  - Fecha de ejecución.  - Equipo o infraestructura.  - Detalle de labores.  - Responsable.,Bitácora,https://ciruelacertificada.cl/?s=P008&jet_ajax_search_settings=%7B%22current_query%22%3A%7B%22taxonomy%22%3A%22estandares-recursos%22%2C%22term%22%3A%22recurso-produccion-primaria%22%7D%2C%22sentence%22%3Atrue%2C%22search_in_taxonomy%22%3Atrue%2C%22search_in_taxonomy_source%22%3A%5B%22elementor_library_category%22%2C%22acciones-relacionadas%22%5D%7D,"['Si cumplo', 'No cumplo', 'No cumplo, pero me es factible', 'No aplica a mi sistema productivo']","[480, 579, 724, 869]"
P009,Básico,2,Ambiente,Agua,Minimizar las pérdidas de agua en el predio,"El predio cuenta con señalética orientada al ahorro de agua en lugares críticos (servicios higiénicos y de alimentación, zona de lavado de equipos y maquinarias).","Inspección visual de señaléticas de ahorro de agua en servicios higiénicos y de alimentación, zona de lavado de equipos y maquinarias.",Foto,https://ciruelacertificada.cl/?s=P009&jet_ajax_search_settings=%7B%22current_query%22%3A%7B%22taxonomy%22%3A%22estandares-recursos%22%2C%22term%22%3A%22recurso-produccion-primaria%22%7D%2C%22sentence%22%3Atrue%2C%22search_in_taxonomy%22%3Atrue%2C%22search_in_taxonomy_source%22%3A%5B%22elementor_library_category%22%2C%22acciones-relacionadas%22%5D%7D,"['Si cumplo', 'No cumplo', 'No cumplo, pero me es factible', 'No aplica a mi sistema productivo']","[473, 580, 725, 870]"
P010,Básico,2,Ambiente,Agua,Minimizar los riesgos de contaminación de aguas,El predio cuenta con fuentes y cursos de agua libres de residuos sólidos domiciliarios y agrícolas.,Inspección visual de fuentes y cursos de agua limpios.,Foto,https://ciruelacertificada.cl/?s=P010&jet_ajax_search_settings=%7B%22current_query%22%3A%7B%22taxonomy%22%3A%22estandares-recursos%22%2C%22term%22%3A%22recurso-produccion-primaria%22%7D%2C%22sentence%22%3Atrue%2C%22search_in_taxonomy%22%3Atrue%2C%22search_in_taxonomy_source%22%3A%5B%22elementor_library_category%22%2C%22acciones-relacionadas%22%5D%7D,"['Si cumplo', 'No cumplo', 'No cumplo, pero me es factible', 'No aplica a mi sistema productivo']","[581, 726, 871]"
P011,Intermedio,3,Ambiente,Agua,Minimizar los riesgos de contaminación de aguas,"El predio cuenta con un espacio específico para el lavado de equipos y maquinarias, alejado de las fuentes o cursos de agua.",Inspección visual de existencia de zona de lavado de equipos que no esté en contacto con el suelo y con vías de evacuación de aguas de lavado.,Foto,https://ciruelacertificada.cl/?s=P011&jet_ajax_search_settings=%7B%22current_query%22%3A%7B%22taxonomy%22%3A%22estandares-recursos%22%2C%22term%22%3A%22recurso-produccion-primaria%22%7D%2C%22sentence%22%3Atrue%2C%22search_in_taxonomy%22%3Atrue%2C%22search_in_taxonomy_source%22%3A%5B%22elementor_library_category%22%2C%22acciones-relacionadas%22%5D%7D,"['Si cumplo', 'No cumplo', 'No cumplo, pero me es factible', 'No aplica a mi sistema productivo']","[582, 727, 872]"
P012,Intermedio,3,Ambiente,Agua,Monitorear y asegurar la calidad del agua utilizada en el predio,El predio realiza análisis periódicos para evaluar la calidad química y biológica de las fuentes de alimentación de agua.,"Informe de análisis físico-químicos y microbiológicos, actualizados periódicamente según NCH409.",Archivo,https://ciruelacertificada.cl/?s=P012&jet_ajax_search_settings=%7B%22current_query%22%3A%7B%22taxonomy%22%3A%22estandares-recursos%22%2C%22term%22%3A%22recurso-produccion-primaria%22%7D%2C%22sentence%22%3Atrue%2C%22search_in_taxonomy%22%3Atrue%2C%22search_in_taxonomy_source%22%3A%5B%22elementor_library_category%22%2C%22acciones-relacionadas%22%5D%7D,"['Si cumplo', 'No cumplo', 'No cumplo, pero me es factible', 'No aplica a mi sistema productivo']","[583, 728, 873]"
P013,Fundamental,5,Ambiente,Agua,Gestionar eficientemente el riego en el predio,El predio realiza mediciones de humedad de suelo mediante la observación de calicatas.,"Registro que demuestre la ejecución de las calicatas con la siguiente información:  * Número o código.  * Fecha de ejecución.  * Sector, cuartel o georreferenciación.  * Profundidad.  * Textura (ej.: arcillosa, arenosa, etc.).  * Resultados obtenidos (nivel de humedad).",Bitácora,https://ciruelacertificada.cl/?s=P013&jet_ajax_search_settings=%7B%22current_query%22%3A%7B%22taxonomy%22%3A%22estandares-recursos%22%2C%22term%22%3A%22recurso-produccion-primaria%22%7D%2C%22sentence%22%3Atrue%2C%22search_in_taxonomy%22%3Atrue%2C%22search_in_taxonomy_source%22%3A%5B%22elementor_library_category%22%2C%22acciones-relacionadas%22%5D%7D,"['Si cumplo', 'No cumplo', 'No cumplo, pero me es factible', 'No aplica a mi sistema productivo']","[495, 584, 729, 874]"
P014,Básico,2,Ambiente,Agua,Gestionar eficientemente el riego en el predio,"El predio utiliza riego tecnificado para el cultivo, como por ejemplo: riego por goteo o microaspersión.",Inspección visual de los equipos de riego utilizados en el predio.,Foto,https://ciruelacertificada.cl/?s=P014&jet_ajax_search_settings=%7B%22current_query%22%3A%7B%22taxonomy%22%3A%22estandares-recursos%22%2C%22term%22%3A%22recurso-produccion-primaria%22%7D%2C%22sentence%22%3Atrue%2C%22search_in_taxonomy%22%3Atrue%2C%22search_in_taxonomy_source%22%3A%5B%22elementor_library_category%22%2C%22acciones-relacionadas%22%5D%7D,"['Si cumplo', 'No cumplo', 'No cumplo, pero me es factible', 'No aplica a mi sistema productivo']","[585, 730, 875]"
P015,Básico,2,Ambiente,Agua,Gestionar eficientemente el riego en el predio,"El predio realiza mantención a los equipos de riego y fertirriego de manera periódica, al menos una vez en la temporada o con mayor frecuencia si el fabricante lo recomienda.","Check list o registro de mantención de la infraestructura con los siguientes datos:  • Fecha  • Tipo de evento  • Equipo o infraestructura  • Detalle labores  • Responsable  En el caso de que las mantenciones las realice una empresa externa, esta debe entregar un comprobante o informe que certifique que las acciones realizadas estén en función de lo solicitado.",Bitácora,https://ciruelacertificada.cl/?s=P015&jet_ajax_search_settings=%7B%22current_query%22%3A%7B%22taxonomy%22%3A%22estandares-recursos%22%2C%22term%22%3A%22recurso-produccion-primaria%22%7D%2C%22sentence%22%3Atrue%2C%22search_in_taxonomy%22%3Atrue%2C%22search_in_taxonomy_source%22%3A%5B%22elementor_library_category%22%2C%22acciones-relacionadas%22%5D%7D,"['Si cumplo', 'No cumplo', 'No cumplo, pero me es factible', 'No aplica a mi sistema productivo']","[586, 731, 876]"
P016,Intermedio,3,Ambiente,Agua,Gestionar eficientemente el riego en el predio,"El predio programa el riego en función del balance hídrico, con el fin de reponer el déficit de humedad el suelo.","Registro del balance hídrico indicando la siguiente información:  - Fecha de evaluación.  - Coeficiente de cultivo (Kc).  - Sector, cuartel o zona homogénea de cultivo.  - Evapotranspiración de referencia (ETo) indicando la fuente de obtención de la información (estación meteorológica propia o datos de portales como http://agroclima.cl/ o https://agrometeorologia.cl/ ).  - Volumen de agua aplicada en el último riego.  - Precipitación efectiva en el periodo.  - Evapotranspiración de cultivo (ETc)  - Balance hídrico (diferencia entre aportes y pérdidas de agua).",Bitácora,https://ciruelacertificada.cl/?s=P016&jet_ajax_search_settings=%7B%22current_query%22%3A%7B%22taxonomy%22%3A%22estandares-recursos%22%2C%22term%22%3A%22recurso-produccion-primaria%22%7D%2C%22sentence%22%3Atrue%2C%22search_in_taxonomy%22%3Atrue%2C%22search_in_taxonomy_source%22%3A%5B%22elementor_library_category%22%2C%22acciones-relacionadas%22%5D%7D,"['Si cumplo', 'No cumplo', 'No cumplo, pero me es factible', 'No aplica a mi sistema productivo']","[477, 587, 732, 877]"
P017,Intermedio,3,Ambiente,Agua,Gestionar eficientemente el riego en el predio,"El predio evalúa la uniformidad de la distribución del sistema de riego tecnificado, al menos una vez por temporada e implementa medidas de corrección cuando el coeficiente de uniformidad es menor a 85%.","Registro de la uniformidad de distribución del sistema de riego tecnificado que contemple los siguientes puntos:  * Fecha de evaluación.  * Equipo de riego.  * Sector o cuartel.  * Caudal del equipo (litros/horas).  * Porcentaje de uniformidad.  * Desempeño (excelente, bueno, crítico, inaceptable).  * Medidas correctivas implementadas de ser necesarias.  * Responsable.  En el caso de que esta labor la realice una empresa externa, debe existir un contrato e informe que acredite la realización de las actividades ejecutadas.",Bitácora,https://ciruelacertificada.cl/?s=P017&jet_ajax_search_settings=%7B%22current_query%22%3A%7B%22taxonomy%22%3A%22estandares-recursos%22%2C%22term%22%3A%22recurso-produccion-primaria%22%7D%2C%22sentence%22%3Atrue%2C%22search_in_taxonomy%22%3Atrue%2C%22search_in_taxonomy_source%22%3A%5B%22elementor_library_category%22%2C%22acciones-relacionadas%22%5D%7D,"['Si cumplo', 'No cumplo', 'No cumplo, pero me es factible', 'No aplica a mi sistema productivo']","[478, 588, 733, 878]"
P018,Avanzado,4,Ambiente,Agua,Gestionar eficientemente el riego en el predio,El predio implementa tecnologías de riego tecnificado subterráneo.,Inspección visual de los equipos de riego utilizados en el predio.,Foto,https://ciruelacertificada.cl/?s=P018&jet_ajax_search_settings=%7B%22current_query%22%3A%7B%22taxonomy%22%3A%22estandares-recursos%22%2C%22term%22%3A%22recurso-produccion-primaria%22%7D%2C%22sentence%22%3Atrue%2C%22search_in_taxonomy%22%3Atrue%2C%22search_in_taxonomy_source%22%3A%5B%22elementor_library_category%22%2C%22acciones-relacionadas%22%5D%7D,"['Si cumplo', 'No cumplo', 'No cumplo, pero me es factible', 'No aplica a mi sistema productivo']","[589, 734, 879]"
P019,Avanzado,4,Ambiente,Agua,Gestionar eficientemente el riego en el predio,"El predio realiza mediciones de humedad al suelo o al potencial hídrico de la planta, mediante la utilización de sondas o tecnologías de detección de humedad como por ejemplo: tensiómetros o bombas de presión.","Registro de datos de humedad de suelo, obtenidos con los instrumentos utilizados indicando la siguiente información:  * Fecha.  * Equipo de riego.  * Humedad de suelo o potencial hídrico de la planta, según datos arrojados por el instrumento.  * Observaciones.  * Responsable.  En el caso de que esta labor la realice una empresa externa, debe existir un contrato e informe que acredite la realización de las actividades ejecutadas.",Bitácora,https://ciruelacertificada.cl/?s=P019&jet_ajax_search_settings=%7B%22current_query%22%3A%7B%22taxonomy%22%3A%22estandares-recursos%22%2C%22term%22%3A%22recurso-produccion-primaria%22%7D%2C%22sentence%22%3Atrue%2C%22search_in_taxonomy%22%3Atrue%2C%22search_in_taxonomy_source%22%3A%5B%22elementor_library_category%22%2C%22acciones-relacionadas%22%5D%7D,"['Si cumplo', 'No cumplo', 'No cumplo, pero me es factible', 'No aplica a mi sistema productivo']","[479, 590, 735, 880]"
P020,Fundamental,5,Ambiente,Suelo,Planificar el huerto y gestionar el suelo de manera sustentable en el predio,El predio realiza calicatas para analizar las características del suelo.,"Registro que demuestre la ejecución de las calicatas con la siguiente información:  * Número o código.  * Fecha de ejecución.  * Sector, cuartel o georreferenciación.  * Profundidad.  * Textura (ej.: arcillosa, arenosa, etc.).  * Resultados obtenidos con respecto a las características del suelo.",Bitácora,https://ciruelacertificada.cl/?s=P020&jet_ajax_search_settings=%7B%22current_query%22%3A%7B%22taxonomy%22%3A%22estandares-recursos%22%2C%22term%22%3A%22recurso-produccion-primaria%22%7D%2C%22sentence%22%3Atrue%2C%22search_in_taxonomy%22%3Atrue%2C%22search_in_taxonomy_source%22%3A%5B%22elementor_library_category%22%2C%22acciones-relacionadas%22%5D%7D,"['Si cumplo', 'No cumplo', 'No cumplo, pero me es factible', 'No aplica a mi sistema productivo']","[496, 591, 736, 881]"
P021,Básico,2,Ambiente,Suelo,Planificar el huerto y gestionar el suelo de manera sustentable en el predio,El predio realiza un diagnóstico predial para identificar las características del suelo.,Documento diagnóstico que contemple la siguiente información:  - Mapa o diagrama del predio diferenciando entre distintos tipos de suelo.  - Identificación de los perfiles de suelo y su riesgo de erosión.  - Identificación de las áreas particularmente susceptibles a erosión.,Archivo,https://ciruelacertificada.cl/?s=P021&jet_ajax_search_settings=%7B%22current_query%22%3A%7B%22taxonomy%22%3A%22estandares-recursos%22%2C%22term%22%3A%22recurso-produccion-primaria%22%7D%2C%22sentence%22%3Atrue%2C%22search_in_taxonomy%22%3Atrue%2C%22search_in_taxonomy_source%22%3A%5B%22elementor_library_category%22%2C%22acciones-relacionadas%22%5D%7D,"['Si cumplo', 'No cumplo', 'No cumplo, pero me es factible', 'No aplica a mi sistema productivo']","[488, 592, 737, 882]"
P022,Fundamental,5,Ambiente,Suelo,Prevenir y mitigar la degradación de los suelos en el predio,El predio minimiza los riesgos de contaminación del suelo realizando mantenciones a sus equipos de aplicación de agroquímicos.,"Check list o registro de mantención de la infraestructura con los siguientes datos:  • Fecha  • Tipo de evento  • Equipo o infraestructura  • Detalle labores  • Responsable  En el caso de que las mantenciones las realice una empresa externa, esta debe entregar un comprobante o informe que certifique las acciones realizadas estén en función de lo solicitado.",Bitácora,https://ciruelacertificada.cl/?s=P022&jet_ajax_search_settings=%7B%22current_query%22%3A%7B%22taxonomy%22%3A%22estandares-recursos%22%2C%22term%22%3A%22recurso-produccion-primaria%22%7D%2C%22sentence%22%3Atrue%2C%22search_in_taxonomy%22%3Atrue%2C%22search_in_taxonomy_source%22%3A%5B%22elementor_library_category%22%2C%22acciones-relacionadas%22%5D%7D,"['Si cumplo', 'No cumplo', 'No cumplo, pero me es factible', 'No aplica a mi sistema productivo']","[482, 593, 738, 883]"
P023,Fundamental,5,Ambiente,Suelo,Prevenir y mitigar la degradación de los suelos en el predio,"El predio mantiene o mejora las coberturas vegetales en los suelos, para evitar que queden descubiertos, contemplando al menos un 50% de cobertura en la entre hilera.","- Inspección visual de cuarteles, verificando signos de la existencia de cobertura vegetal natural o sembrada.",Foto,https://ciruelacertificada.cl/?s=P023&jet_ajax_search_settings=%7B%22current_query%22%3A%7B%22taxonomy%22%3A%22estandares-recursos%22%2C%22term%22%3A%22recurso-produccion-primaria%22%7D%2C%22sentence%22%3Atrue%2C%22search_in_taxonomy%22%3Atrue%2C%22search_in_taxonomy_source%22%3A%5B%22elementor_library_category%22%2C%22acciones-relacionadas%22%5D%7D,"['Si cumplo', 'No cumplo', 'No cumplo, pero me es factible', 'No aplica a mi sistema productivo']","[594, 739, 884]"
P024,Básico,2,Ambiente,Suelo,Prevenir y mitigar la degradación de los suelos en el predio,El predio no quema la vegetación del lugar para despejar las zonas productivas.,Inspección visual de la señalética que indique que no se realizan quemas en el campo.,Foto,https://ciruelacertificada.cl/?s=P024&jet_ajax_search_settings=%7B%22current_query%22%3A%7B%22taxonomy%22%3A%22estandares-recursos%22%2C%22term%22%3A%22recurso-produccion-primaria%22%7D%2C%22sentence%22%3Atrue%2C%22search_in_taxonomy%22%3Atrue%2C%22search_in_taxonomy_source%22%3A%5B%22elementor_library_category%22%2C%22acciones-relacionadas%22%5D%7D,"['Si cumplo', 'No cumplo', 'No cumplo, pero me es factible', 'No aplica a mi sistema productivo']","[487, 595, 740, 885]"
P025,Intermedio,3,Ambiente,Suelo,Prevenir y mitigar la degradación de los suelos en el predio,"El predio implementa medidas para mejorar la estructura del suelo y evitar su compactación con medidas como por ejemplo:  - Incrementar el porcentaje de materia orgánica en el suelo, a través de enmiendas orgánicas.  - Incorporar restos de poda.  - Incorporar rastrojos.  - Utilizar rotura vertical (subsolado).  - Realizar enmiendas cálcicas (yeso).",Registro de labores de campo que contenga la siguiente información:  • Fecha y hora.  • Sector o cuartel.  • Labor ejecutada.  • Objetivo de la labor.  • Responsable.  • Hallazgos (opcional).,Bitácora,https://ciruelacertificada.cl/?s=P025&jet_ajax_search_settings=%7B%22current_query%22%3A%7B%22taxonomy%22%3A%22estandares-recursos%22%2C%22term%22%3A%22recurso-produccion-primaria%22%7D%2C%22sentence%22%3Atrue%2C%22search_in_taxonomy%22%3Atrue%2C%22search_in_taxonomy_source%22%3A%5B%22elementor_library_category%22%2C%22acciones-relacionadas%22%5D%7D,"['Si cumplo', 'No cumplo', 'No cumplo, pero me es factible', 'No aplica a mi sistema productivo']","[493, 596, 741, 886]"
P026,Intermedio,3,Ambiente,Suelo,Prevenir y mitigar la degradación de los suelos en el predio,El predio identifica las zonas compactadas dentro de su explotación.,"Mapa o plano que indique las zonas compactadas, indicadas a través de:  * Penetrómetro.  * Perfil de suelo a través de calicatas.  * Medición de densidad aparente o velocidad de infiltración.",Archivo,https://ciruelacertificada.cl/?s=P026&jet_ajax_search_settings=%7B%22current_query%22%3A%7B%22taxonomy%22%3A%22estandares-recursos%22%2C%22term%22%3A%22recurso-produccion-primaria%22%7D%2C%22sentence%22%3Atrue%2C%22search_in_taxonomy%22%3Atrue%2C%22search_in_taxonomy_source%22%3A%5B%22elementor_library_category%22%2C%22acciones-relacionadas%22%5D%7D,"['Si cumplo', 'No cumplo', 'No cumplo, pero me es factible', 'No aplica a mi sistema productivo']","[597, 742, 887]"
P027,Intermedio,3,Ambiente,Suelo,Prevenir y mitigar la degradación de los suelos en el predio,El predio capacita al personal de la empresa sobre la degradación de suelos y da a conocer técnicas de cultivo que evitan la erosión.,"Registro de la ejecución de capacitaciones (lista de asistencia identificando sexo quien participa, tema expuesto, persona que expone, material expuesto, registro fotográfico y certificación entregada).",Foto,https://ciruelacertificada.cl/?s=P027&jet_ajax_search_settings=%7B%22current_query%22%3A%7B%22taxonomy%22%3A%22estandares-recursos%22%2C%22term%22%3A%22recurso-produccion-primaria%22%7D%2C%22sentence%22%3Atrue%2C%22search_in_taxonomy%22%3Atrue%2C%22search_in_taxonomy_source%22%3A%5B%22elementor_library_category%22%2C%22acciones-relacionadas%22%5D%7D,"['Si cumplo', 'No cumplo', 'No cumplo, pero me es factible', 'No aplica a mi sistema productivo']","[549, 598, 743, 888]"
P028,Intermedio,3,Ambiente,Suelo,Prevenir y mitigar la degradación de los suelos en el predio,"El predio aplica medidas para evitar la erosión por escurrimiento tanto antes, durante y después de plantación.",Inspección visual verificando que exista alguna de las siguientes medidas.  - Usar sistemas de riego localizado.  - Plantar árboles en el borde de las zonas de pendiente.  - Utilizar zanjas de infiltración.  - Plantar en curvas de nivel.,Foto,https://ciruelacertificada.cl/?s=P028&jet_ajax_search_settings=%7B%22current_query%22%3A%7B%22taxonomy%22%3A%22estandares-recursos%22%2C%22term%22%3A%22recurso-produccion-primaria%22%7D%2C%22sentence%22%3Atrue%2C%22search_in_taxonomy%22%3Atrue%2C%22search_in_taxonomy_source%22%3A%5B%22elementor_library_category%22%2C%22acciones-relacionadas%22%5D%7D,"['Si cumplo', 'No cumplo', 'No cumplo, pero me es factible', 'No aplica a mi sistema productivo']","[599, 744, 889]"
P029,Intermedio,3,Ambiente,Suelo,Prevenir y mitigar la degradación de los suelos en el predio,El predio no deja expuesto el suelo y protege el área de cultivo.,"Inspección visual de cuarteles, verificando que exista alguna de las siguientes medidas.  - Se plantan especies vegetales que sirven como corta vientos.  - Se usa la vegetación nativa y/o natural, en taludes y bordes de canales.",Foto,https://ciruelacertificada.cl/?s=P029&jet_ajax_search_settings=%7B%22current_query%22%3A%7B%22taxonomy%22%3A%22estandares-recursos%22%2C%22term%22%3A%22recurso-produccion-primaria%22%7D%2C%22sentence%22%3Atrue%2C%22search_in_taxonomy%22%3Atrue%2C%22search_in_taxonomy_source%22%3A%5B%22elementor_library_category%22%2C%22acciones-relacionadas%22%5D%7D,"['Si cumplo', 'No cumplo', 'No cumplo, pero me es factible', 'No aplica a mi sistema productivo']","[600, 745, 890]"
P030,Avanzado,4,Ambiente,Suelo,Prevenir y mitigar la degradación de los suelos en el predio,El predio cuenta con un protocolo que menciona estrategias de mínima labranza para no alterar la condición del suelo.,Protocolo de labores de campo que manifieste que se realizan medidas de mínima labranza.,Foto,https://ciruelacertificada.cl/?s=P030&jet_ajax_search_settings=%7B%22current_query%22%3A%7B%22taxonomy%22%3A%22estandares-recursos%22%2C%22term%22%3A%22recurso-produccion-primaria%22%7D%2C%22sentence%22%3Atrue%2C%22search_in_taxonomy%22%3Atrue%2C%22search_in_taxonomy_source%22%3A%5B%22elementor_library_category%22%2C%22acciones-relacionadas%22%5D%7D,"['Si cumplo', 'No cumplo', 'No cumplo, pero me es factible', 'No aplica a mi sistema productivo']","[486, 601, 746, 891]"
P031,Fundamental,5,Ambiente,Suelo,Gestionar la fertilización del predio de manera sustentable,"El predio realiza periódicamente, un análisis del suelo por cuartel o zona homogénea de manejo, para controlar los cambios en su estado.","Informe con resultados de análisis de suelo por cuartel o zona homogénea de manejo, realizado cada 3 años, que contenga al menos la siguiente información:  - Análisis químico.  - Conductividad eléctrica y CIC.  - Bases de intercambio.  - Materia orgánica.",Archivo,https://ciruelacertificada.cl/?s=P031&jet_ajax_search_settings=%7B%22current_query%22%3A%7B%22taxonomy%22%3A%22estandares-recursos%22%2C%22term%22%3A%22recurso-produccion-primaria%22%7D%2C%22sentence%22%3Atrue%2C%22search_in_taxonomy%22%3Atrue%2C%22search_in_taxonomy_source%22%3A%5B%22elementor_library_category%22%2C%22acciones-relacionadas%22%5D%7D,"['Si cumplo', 'No cumplo', 'No cumplo, pero me es factible', 'No aplica a mi sistema productivo']","[602, 747, 892]"
P032,Fundamental,5,Ambiente,Suelo,Gestionar la fertilización del predio de manera sustentable,El predio aplica los fertilizantes de forma parcializada durante la temporada y teniendo en cuenta el estado fenológico del cultivo.,"Registro de aplicaciones de fertilizantes durante la temporada que cuente con los siguientes datos:  * Fecha y hora de la aplicación.  * Sector o cuartel.  * Nombre del producto.  * Composición (P2O5, K2O o N y otros nutrientes).  * Identificación de fertilizantes nitrogenados.  * Dosis.  * Método de aplicación.  * Responsable",Bitácora,https://ciruelacertificada.cl/?s=P032&jet_ajax_search_settings=%7B%22current_query%22%3A%7B%22taxonomy%22%3A%22estandares-recursos%22%2C%22term%22%3A%22recurso-produccion-primaria%22%7D%2C%22sentence%22%3Atrue%2C%22search_in_taxonomy%22%3Atrue%2C%22search_in_taxonomy_source%22%3A%5B%22elementor_library_category%22%2C%22acciones-relacionadas%22%5D%7D,"['Si cumplo', 'No cumplo', 'No cumplo, pero me es factible', 'No aplica a mi sistema productivo']","[490, 603, 748, 893]"
P033,Intermedio,3,Ambiente,Suelo,Gestionar la fertilización del predio de manera sustentable,"El predio cuenta con un plan de fertilización actualizado, basado en las características del suelo y la demanda del cultivo. Dicho plan debe ser actualizado cada temporada.",Plan de fertilización actualizado que contenga la siguiente información:  - Registro de los manejos históricos en términos de rendimientos.  - Muestreo de suelos.  - Evaluación del nivel nutricional de las plantas y del suelo post fertilización.  - Definición de un programa de fertilización para la temporada.  - Medidas de monitoreo y estrategias de corrección para las siguientes temporadas.,Bitácora,https://ciruelacertificada.cl/?s=P033&jet_ajax_search_settings=%7B%22current_query%22%3A%7B%22taxonomy%22%3A%22estandares-recursos%22%2C%22term%22%3A%22recurso-produccion-primaria%22%7D%2C%22sentence%22%3Atrue%2C%22search_in_taxonomy%22%3Atrue%2C%22search_in_taxonomy_source%22%3A%5B%22elementor_library_category%22%2C%22acciones-relacionadas%22%5D%7D,"['Si cumplo', 'No cumplo', 'No cumplo, pero me es factible', 'No aplica a mi sistema productivo']","[489, 604, 749, 894]"
P034,Avanzado,4,Ambiente,Suelo,Gestionar la fertilización del predio de manera sustentable,"El predio prioriza el uso de fertilizantes que se aplican en pequeñas proporciones a través de sistemas de fertirriego, según los periodos de demanda correspondientes.","Registro de aplicaciones de fertilizantes a través de fertirriego durante la temporada con la siguiente información:  * Fecha y hora de aplicación.  * Sector o cuartel.  * Nombre del producto.  * Composición (P2O5, K2O o N y otros nutrientes).  * Identificación de fertilizantes nitrogenados.  * Dosis.  * Método de aplicación.  * Responsable",Bitácora,https://ciruelacertificada.cl/?s=P034&jet_ajax_search_settings=%7B%22current_query%22%3A%7B%22taxonomy%22%3A%22estandares-recursos%22%2C%22term%22%3A%22recurso-produccion-primaria%22%7D%2C%22sentence%22%3Atrue%2C%22search_in_taxonomy%22%3Atrue%2C%22search_in_taxonomy_source%22%3A%5B%22elementor_library_category%22%2C%22acciones-relacionadas%22%5D%7D,"['Si cumplo', 'No cumplo', 'No cumplo, pero me es factible', 'No aplica a mi sistema productivo']","[491, 605, 750, 895]"
P035,Avanzado,4,Ambiente,Suelo,Gestionar la fertilización del predio de manera sustentable,"El predio prioriza el uso de métodos de fertilización orgánica como abono, por ejemplo: compost, ácidos húmicos, entre otros.","Registro de aplicaciones de fertilizantes durante la temporada, identificando fertilizantes orgánicos con la siguiente información:  * Fecha y hora de aplicación.  * Sector o cuartel.  * Nombre del producto.  * Composición (P2O5, K2O o N y otros nutrientes).  * Composición orgánica.  * Identificación de fertilizantes nitrogenados.  * Dosis.  * Método de aplicación.  * Responsable.",Bitácora,https://ciruelacertificada.cl/?s=P035&jet_ajax_search_settings=%7B%22current_query%22%3A%7B%22taxonomy%22%3A%22estandares-recursos%22%2C%22term%22%3A%22recurso-produccion-primaria%22%7D%2C%22sentence%22%3Atrue%2C%22search_in_taxonomy%22%3Atrue%2C%22search_in_taxonomy_source%22%3A%5B%22elementor_library_category%22%2C%22acciones-relacionadas%22%5D%7D,"['Si cumplo', 'No cumplo', 'No cumplo, pero me es factible', 'No aplica a mi sistema productivo']","[492, 606, 751, 896]"
P036,Avanzado,4,Ambiente,Biodiversidad,Establecer un ordenamiento territorial y línea base,"El predio cuenta con un diagnóstico donde se identifica la biodiversidad existente y las áreas de alto valor ecológico, dentro de su propiedad.","Diagnóstico de la biodiversidad con los siguientes puntos:  - Mapa con identificación de áreas en la explotación con alto valor ecológico (ej.: lagos, estanques y cursos de agua, corredores de vida silvestre, humedales, pastizales ricos en especies, etc.).  - Catastro de la biodiversidad existente en el lugar, por ejemplo: principales especies presentes en el entorno (aves, mamíferos, árboles, insectos, hongos, arbustos, etc.).  - Registro fotográfico con georreferenciación del estado inicial de las zonas de vegetación natural de conectividad, márgenes y límites de los campos, zonas de amortiguamiento ribereño y áreas de conservación con vegetación nativa.",Archivo,https://ciruelacertificada.cl/?s=P036&jet_ajax_search_settings=%7B%22current_query%22%3A%7B%22taxonomy%22%3A%22estandares-recursos%22%2C%22term%22%3A%22recurso-produccion-primaria%22%7D%2C%22sentence%22%3Atrue%2C%22search_in_taxonomy%22%3Atrue%2C%22search_in_taxonomy_source%22%3A%5B%22elementor_library_category%22%2C%22acciones-relacionadas%22%5D%7D,"['Si cumplo', 'No cumplo', 'No cumplo, pero me es factible', 'No aplica a mi sistema productivo']","[501, 607, 752, 897]"
P037,Avanzado,4,Ambiente,Biodiversidad,Establecer un ordenamiento territorial y línea base,"El predio cuenta con un plan para la gestión de la biodiversidad que propone medidas de conservación, utilizando información rescatada en el diagnóstico realizado previamente. Este plan es evaluado y actualizado cada 5 años.","Plan de gestión con protocolos para la implementación de las siguientes medidas:  - Línea base de sitios de interés.  - Priorización y definición de objetivos de conservación.  - Medidas de conectividad, restauración y rehabilitación.  - Medidas de manejo y control de especies exóticas.  - Plan de ordenamiento predial.  Dicho documento debe tener una fecha de elaboración inferior a 5 años.",Archivo,https://ciruelacertificada.cl/?s=P037&jet_ajax_search_settings=%7B%22current_query%22%3A%7B%22taxonomy%22%3A%22estandares-recursos%22%2C%22term%22%3A%22recurso-produccion-primaria%22%7D%2C%22sentence%22%3Atrue%2C%22search_in_taxonomy%22%3Atrue%2C%22search_in_taxonomy_source%22%3A%5B%22elementor_library_category%22%2C%22acciones-relacionadas%22%5D%7D,"['Si cumplo', 'No cumplo', 'No cumplo, pero me es factible', 'No aplica a mi sistema productivo']","[502, 608, 753, 898]"
P038,Avanzado,4,Ambiente,Biodiversidad,"Fomentar la participación en acciones para la protección y conservación de ecosistemas, hábitats o especies","El predio capacita a quienes trabajan permanentemente en la empresa, sobre el plan de gestión de la biodiversidad propuesto, generando un listado de acciones a tomar para potenciar la biodiversidad.","Registro de la ejecución de capacitaciones (lista de asistencia identificando sexo quien participa, tema expuesto, persona que expone, material expuesto, registro fotográfico y certificación entregada).",Foto,https://ciruelacertificada.cl/?s=P038&jet_ajax_search_settings=%7B%22current_query%22%3A%7B%22taxonomy%22%3A%22estandares-recursos%22%2C%22term%22%3A%22recurso-produccion-primaria%22%7D%2C%22sentence%22%3Atrue%2C%22search_in_taxonomy%22%3Atrue%2C%22search_in_taxonomy_source%22%3A%5B%22elementor_library_category%22%2C%22acciones-relacionadas%22%5D%7D,"['Si cumplo', 'No cumplo', 'No cumplo, pero me es factible', 'No aplica a mi sistema productivo']","[550, 609, 754, 899]"
P039,Avanzado,4,Ambiente,Biodiversidad,"Fomentar la participación en acciones para la protección y conservación de ecosistemas, hábitats o especies","El predio mantiene un diálogo permanente con las empresas relacionadas al rubro en el territorio, con el objetivo de implementar en conjunto, medidas de conservación y mitigación que les permitan tener un plan de gestión de manera asociativa.",Actas de reuniones de mesas de trabajo con empresas en el territorio.,Archivo,https://ciruelacertificada.cl/?s=P039&jet_ajax_search_settings=%7B%22current_query%22%3A%7B%22taxonomy%22%3A%22estandares-recursos%22%2C%22term%22%3A%22recurso-produccion-primaria%22%7D%2C%22sentence%22%3Atrue%2C%22search_in_taxonomy%22%3Atrue%2C%22search_in_taxonomy_source%22%3A%5B%22elementor_library_category%22%2C%22acciones-relacionadas%22%5D%7D,"['Si cumplo', 'No cumplo', 'No cumplo, pero me es factible', 'No aplica a mi sistema productivo']","[561, 610, 755, 900]"
P040,Básico,2,Ambiente,Biodiversidad,"Implementar sistemas, programas o acciones para el manejo, protección y mantención de ecosistemas, especies y hábitats","El predio cuenta con márgenes y límites de los campos que se gestionan, de manera de asegurar su conservación, minimizando su intervención.","Protocolo de gestión y conservación de márgenes y límites de los campos, definiendo medidas preventivas.",Foto,https://ciruelacertificada.cl/?s=P040&jet_ajax_search_settings=%7B%22current_query%22%3A%7B%22taxonomy%22%3A%22estandares-recursos%22%2C%22term%22%3A%22recurso-produccion-primaria%22%7D%2C%22sentence%22%3Atrue%2C%22search_in_taxonomy%22%3Atrue%2C%22search_in_taxonomy_source%22%3A%5B%22elementor_library_category%22%2C%22acciones-relacionadas%22%5D%7D,"['Si cumplo', 'No cumplo', 'No cumplo, pero me es factible', 'No aplica a mi sistema productivo']","[611, 756, 901]"
P041,Básico,2,Ambiente,Biodiversidad,"Implementar sistemas, programas o acciones para el manejo, protección y mantención de ecosistemas, especies y hábitats","El predio mantiene la conectividad entre la vegetación natural, potenciando su complejidad estructural, a través de cercos vivos, corredores biológicos, franjas ribereñas, entre otras.",Inspección visual de la existencia de vegetación natural de conectividad.,Foto,https://ciruelacertificada.cl/?s=P041&jet_ajax_search_settings=%7B%22current_query%22%3A%7B%22taxonomy%22%3A%22estandares-recursos%22%2C%22term%22%3A%22recurso-produccion-primaria%22%7D%2C%22sentence%22%3Atrue%2C%22search_in_taxonomy%22%3Atrue%2C%22search_in_taxonomy_source%22%3A%5B%22elementor_library_category%22%2C%22acciones-relacionadas%22%5D%7D,"['Si cumplo', 'No cumplo', 'No cumplo, pero me es factible', 'No aplica a mi sistema productivo']","[612, 757, 902]"
P042,Básico,2,Ambiente,Biodiversidad,"Implementar sistemas, programas o acciones para el manejo, protección y mantención de ecosistemas, especies y hábitats","El predio protege las zonas de amortiguamiento ribereño (dentro de su propiedad), en el caso de encontrarse a menos de 50 metros de un cuerpo de agua o ecosistema acuático.","Inspección visual de los márgenes ribereños o franjas de amortiguación, los que deben ser mayores a 5 m en cursos de agua y mayores a 10 m en manantiales y cuerpos de agua.",Foto,https://ciruelacertificada.cl/?s=P042&jet_ajax_search_settings=%7B%22current_query%22%3A%7B%22taxonomy%22%3A%22estandares-recursos%22%2C%22term%22%3A%22recurso-produccion-primaria%22%7D%2C%22sentence%22%3Atrue%2C%22search_in_taxonomy%22%3Atrue%2C%22search_in_taxonomy_source%22%3A%5B%22elementor_library_category%22%2C%22acciones-relacionadas%22%5D%7D,"['Si cumplo', 'No cumplo', 'No cumplo, pero me es factible', 'No aplica a mi sistema productivo']","[613, 758, 903]"
P043,Intermedio,3,Ambiente,Biodiversidad,"Implementar sistemas, programas o acciones para el manejo, protección y mantención de ecosistemas, especies y hábitats","El predio identifica y monitorea las especies exóticas invasoras, en base al listado descrito en el diagnóstico.",Registro de monitoreo de especies exóticas invasoras con la siguiente información:  * Fecha del hallazgo.  * Nombre de la especie.  * Ubicación.  * N° de individuos visualizados.  * Daño provocado.  * Medidas de mitigación.,Bitácora,https://ciruelacertificada.cl/?s=P043&jet_ajax_search_settings=%7B%22current_query%22%3A%7B%22taxonomy%22%3A%22estandares-recursos%22%2C%22term%22%3A%22recurso-produccion-primaria%22%7D%2C%22sentence%22%3Atrue%2C%22search_in_taxonomy%22%3Atrue%2C%22search_in_taxonomy_source%22%3A%5B%22elementor_library_category%22%2C%22acciones-relacionadas%22%5D%7D,"['Si cumplo', 'No cumplo', 'No cumplo, pero me es factible', 'No aplica a mi sistema productivo']","[503, 614, 759, 904]"
P044,Intermedio,3,Ambiente,Biodiversidad,"Implementar sistemas, programas o acciones para el manejo, protección y mantención de ecosistemas, especies y hábitats",El predio mantiene áreas de conservación con vegetación nativa.,Son válidos los siguientes documentos:  - Mapa que identifique zonas con vegetación nativa.  - Registro del comparativo de las fotografías de estado inicial con respecto a la situación actual.,Foto,https://ciruelacertificada.cl/?s=P044&jet_ajax_search_settings=%7B%22current_query%22%3A%7B%22taxonomy%22%3A%22estandares-recursos%22%2C%22term%22%3A%22recurso-produccion-primaria%22%7D%2C%22sentence%22%3Atrue%2C%22search_in_taxonomy%22%3Atrue%2C%22search_in_taxonomy_source%22%3A%5B%22elementor_library_category%22%2C%22acciones-relacionadas%22%5D%7D,"['Si cumplo', 'No cumplo', 'No cumplo, pero me es factible', 'No aplica a mi sistema productivo']","[615, 760, 905]"
P045,Intermedio,3,Ambiente,Biodiversidad,"Implementar sistemas, programas o acciones para el manejo, protección y mantención de ecosistemas, especies y hábitats",El predio implementa medidas para proteger especies de fauna silvestre.,"Inspección visual de señaléticas de medidas de protección de fauna silvestre con respecto a:  - No cazar, matar, pescar o recolectar animales con prohibición según la legislación.  - No retener la vida silvestre en cautiverio.  - No realizar labores de limpieza de zanjas o poda de corta vientos en época de anidación de aves.  - Limitar el libre movimiento de animales domésticos en áreas de producción.  - Protocolo de acción en el caso de encontrar una especie nativa herida.",Foto,https://ciruelacertificada.cl/?s=P045&jet_ajax_search_settings=%7B%22current_query%22%3A%7B%22taxonomy%22%3A%22estandares-recursos%22%2C%22term%22%3A%22recurso-produccion-primaria%22%7D%2C%22sentence%22%3Atrue%2C%22search_in_taxonomy%22%3Atrue%2C%22search_in_taxonomy_source%22%3A%5B%22elementor_library_category%22%2C%22acciones-relacionadas%22%5D%7D,"['Si cumplo', 'No cumplo', 'No cumplo, pero me es factible', 'No aplica a mi sistema productivo']","[497, 498, 499, 500, 616, 761, 906]"
P046,Intermedio,3,Ambiente,Biodiversidad,"Implementar sistemas, programas o acciones para el manejo, protección y mantención de ecosistemas, especies y hábitats","El predio implementa procedimientos de reforestación o replantación, en caso de ser requerida la remoción de árboles dentro de la misma explotación. Esta reforestación debe realizarse con especies nativas de bajo requerimiento hídrico.",Protocolo de reforestación que incluya medidas de cuidado de árboles reforestados.,Archivo,https://ciruelacertificada.cl/?s=P046&jet_ajax_search_settings=%7B%22current_query%22%3A%7B%22taxonomy%22%3A%22estandares-recursos%22%2C%22term%22%3A%22recurso-produccion-primaria%22%7D%2C%22sentence%22%3Atrue%2C%22search_in_taxonomy%22%3Atrue%2C%22search_in_taxonomy_source%22%3A%5B%22elementor_library_category%22%2C%22acciones-relacionadas%22%5D%7D,"['Si cumplo', 'No cumplo', 'No cumplo, pero me es factible', 'No aplica a mi sistema productivo']","[617, 762, 907]"
P047,Fundamental,5,Ambiente,Insumos,Registrar las aplicaciones de productos agroquímicos,El predio registra las aplicaciones de agroquímicos realizadas.,Registro actualizado de aplicaciones con la siguiente información:  * Fecha y hora.  * Sector o cuartel.  * Nombre del producto.  * Color de la etiqueta.  * Ingrediente activo.  * Dosis.  * Método de aplicación.  * Objetivo de la aplicación.  * Período de carencia y de reingreso.  * Responsable.,Bitácora,https://ciruelacertificada.cl/?s=P047&jet_ajax_search_settings=%7B%22current_query%22%3A%7B%22taxonomy%22%3A%22estandares-recursos%22%2C%22term%22%3A%22recurso-produccion-primaria%22%7D%2C%22sentence%22%3Atrue%2C%22search_in_taxonomy%22%3Atrue%2C%22search_in_taxonomy_source%22%3A%5B%22elementor_library_category%22%2C%22acciones-relacionadas%22%5D%7D,"['Si cumplo', 'No cumplo', 'No cumplo, pero me es factible', 'No aplica a mi sistema productivo']","[506, 618, 763, 908]"
P048,Intermedio,3,Ambiente,Insumos,Disminuir el impacto ambiental de los agroquímicos,"El predio monitorea plagas, enfermedades y malezas, para determinar el tipo de intervención a realizar.","Registro de monitoreo de plagas, enfermedades y malezas actualizado mensualmente con la siguiente información:  * Fecha del hallazgo.  * Nombre de la especie.  * Ubicación.  * N° de individuos visualizados.  * Daño provocado.  * Umbral de daño máximo.  * Medidas de control.",Bitácora,https://ciruelacertificada.cl/?s=P048&jet_ajax_search_settings=%7B%22current_query%22%3A%7B%22taxonomy%22%3A%22estandares-recursos%22%2C%22term%22%3A%22recurso-produccion-primaria%22%7D%2C%22sentence%22%3Atrue%2C%22search_in_taxonomy%22%3Atrue%2C%22search_in_taxonomy_source%22%3A%5B%22elementor_library_category%22%2C%22acciones-relacionadas%22%5D%7D,"['Si cumplo', 'No cumplo', 'No cumplo, pero me es factible', 'No aplica a mi sistema productivo']","[512, 619, 764, 909]"
P049,Intermedio,3,Ambiente,Insumos,Disminuir el impacto ambiental de los agroquímicos,"El predio realiza un plan de manejo de plagas, enfermedades y malezas, en base a un umbral de daño definido, el cual debe estar asociado al monitoreo realizado.","Protocolo de manejo de plagas que especifique el umbral de daño máximo para las plagas, enfermedades y malezas más comunes, y las aplicaciones a efectuar una vez superado el umbral de daño definido.",Archivo,https://ciruelacertificada.cl/?s=P049&jet_ajax_search_settings=%7B%22current_query%22%3A%7B%22taxonomy%22%3A%22estandares-recursos%22%2C%22term%22%3A%22recurso-produccion-primaria%22%7D%2C%22sentence%22%3Atrue%2C%22search_in_taxonomy%22%3Atrue%2C%22search_in_taxonomy_source%22%3A%5B%22elementor_library_category%22%2C%22acciones-relacionadas%22%5D%7D,"['Si cumplo', 'No cumplo', 'No cumplo, pero me es factible', 'No aplica a mi sistema productivo']","[620, 765, 910]"
P050,Avanzado,4,Ambiente,Insumos,Disminuir el impacto ambiental de los agroquímicos,"El predio selecciona los productos agroquímicos en base a su impacto ambiental, prefiriendo aquellos que generen menor impacto (etiqueta verde o azul).",Registro actualizado de aplicaciones con la siguiente información:  * Fecha y hora.  * Sector o cuartel.  * Nombre del producto.  * Color de la etiqueta.  * Ingrediente activo.  * Dosis.  * Método de aplicación.  * Objetivo de la aplicación.  * Período de carencia y de reingreso.  * Responsable.,Bitácora,https://ciruelacertificada.cl/?s=P050&jet_ajax_search_settings=%7B%22current_query%22%3A%7B%22taxonomy%22%3A%22estandares-recursos%22%2C%22term%22%3A%22recurso-produccion-primaria%22%7D%2C%22sentence%22%3Atrue%2C%22search_in_taxonomy%22%3Atrue%2C%22search_in_taxonomy_source%22%3A%5B%22elementor_library_category%22%2C%22acciones-relacionadas%22%5D%7D,"['Si cumplo', 'No cumplo', 'No cumplo, pero me es factible', 'No aplica a mi sistema productivo']","[507, 621, 766, 911]"
P051,Avanzado,4,Ambiente,Insumos,Disminuir el impacto ambiental de los agroquímicos,"El predio registra el índice de impacto ambiental generado por los productos agroquímicos utilizados en la producción, prefiriendo los que tienen menor impacto para la aplicación correspondiente.","Registro de pesticidas utilizados durante la temporada, incluyendo el Score del EIQ de cada uno de ellos. Se debe verificar que se haya utilizado el producto con menor Score para el tipo de aplicación, en base a la lista de agroquímicos con autorización vigente SAG para ciruelo.  *El cálculo del EIQ se puede realizar a través de la plataforma elaborada por la universidad de Cornell https://cals.cornell.edu/new-york-state-integrated-pest-management/risk-assessment/eiq/eiq-calculator  ** Se dejará disponible el cálculo de los EIQ de los productos agroquímicos actualmente autorizados por el SAG para ciruelo europeo.",Archivo,https://ciruelacertificada.cl/?s=P051&jet_ajax_search_settings=%7B%22current_query%22%3A%7B%22taxonomy%22%3A%22estandares-recursos%22%2C%22term%22%3A%22recurso-produccion-primaria%22%7D%2C%22sentence%22%3Atrue%2C%22search_in_taxonomy%22%3Atrue%2C%22search_in_taxonomy_source%22%3A%5B%22elementor_library_category%22%2C%22acciones-relacionadas%22%5D%7D,"['Si cumplo', 'No cumplo', 'No cumplo, pero me es factible', 'No aplica a mi sistema productivo']","[508, 622, 767, 912]"
P052,Fundamental,5,Ambiente,Insumos,Almacenar adecuadamente productos agroquímicos,"El predio cuenta con una zona de almacenamiento para productos agroquímicos y combustibles, para no poner en riesgo a las personas y garantizar la inocuidad alimentaria.","Inspección visual de que exista una zona de almacenamiento de agroquímicos y combustibles identificada, que posea piso, indicación de almacenamiento de productos separado según tipo y señalética con indicaciones en caso de emergencia de derrames.",Foto,https://ciruelacertificada.cl/?s=P052&jet_ajax_search_settings=%7B%22current_query%22%3A%7B%22taxonomy%22%3A%22estandares-recursos%22%2C%22term%22%3A%22recurso-produccion-primaria%22%7D%2C%22sentence%22%3Atrue%2C%22search_in_taxonomy%22%3Atrue%2C%22search_in_taxonomy_source%22%3A%5B%22elementor_library_category%22%2C%22acciones-relacionadas%22%5D%7D,"['Si cumplo', 'No cumplo', 'No cumplo, pero me es factible', 'No aplica a mi sistema productivo']","[623, 768, 913]"
P053,Básico,2,Ambiente,Insumos,Almacenar adecuadamente productos agroquímicos,El predio mantiene un inventario actualizado de la existencia de agroquímicos en la zona de almacenamiento.,"Inventario actualizado, al menos una vez por temporada, de los productos almacenados con su etiqueta y que contenga la siguiente información:  - Nombre del producto.  - Fecha de compra.  - Número de lote y proveedor.  - Unidades adquiridas.  - Volumen utilizado.  - Fecha de caducidad o vencimiento.  - Ingrediente activo.  - Color de la etiqueta.",Bitácora,https://ciruelacertificada.cl/?s=P053&jet_ajax_search_settings=%7B%22current_query%22%3A%7B%22taxonomy%22%3A%22estandares-recursos%22%2C%22term%22%3A%22recurso-produccion-primaria%22%7D%2C%22sentence%22%3Atrue%2C%22search_in_taxonomy%22%3Atrue%2C%22search_in_taxonomy_source%22%3A%5B%22elementor_library_category%22%2C%22acciones-relacionadas%22%5D%7D,"['Si cumplo', 'No cumplo', 'No cumplo, pero me es factible', 'No aplica a mi sistema productivo']","[513, 624, 769, 914]"
P054,Intermedio,3,Ambiente,Insumos,Almacenar adecuadamente productos agroquímicos,"El predio cuenta con un kit de emergencia con señalética informativa para casos de derrames de productos agroquímicos, en el sector de lavado y zonas de almacenamiento.","Inspección visual de:  - Señalética con indicaciones en el caso de emergencia por derrames.  - Kit de emergencia en la zona de lavado y almacenamiento, verificando que cuente con:  * Señalética con protocolo de limpieza y números de emergencia.  * Sector de lavado para manos y ojos (lavatorio).  * Material de absorción para evitar propagación del derrame, por ejemplo: arena.  * Sistema manual de extinción de incendios, a base de extintores compatibles con los productos almacenados.",Foto,https://ciruelacertificada.cl/?s=P054&jet_ajax_search_settings=%7B%22current_query%22%3A%7B%22taxonomy%22%3A%22estandares-recursos%22%2C%22term%22%3A%22recurso-produccion-primaria%22%7D%2C%22sentence%22%3Atrue%2C%22search_in_taxonomy%22%3Atrue%2C%22search_in_taxonomy_source%22%3A%5B%22elementor_library_category%22%2C%22acciones-relacionadas%22%5D%7D,"['Si cumplo', 'No cumplo', 'No cumplo, pero me es factible', 'No aplica a mi sistema productivo']","[504, 505, 625, 770, 915]"
P055,Avanzado,4,Ambiente,Insumos,Realizar limpieza y mantención adecuada de productos y equipos de aplicación de agroquímicos,El predio realiza mantenciones y monitorea fugas de sus equipos con el objetivo de asegurar una adecuada calidad en la aplicación de agroquímicos.,"Check list o registro de mantención de equipos de aplicación, que cuente con la siguiente información:  * • Fecha  * • Tipo de evento  * • Equipo o infraestructura  * • Detalle labores  * • Responsable  En el caso de que esta labor la realice una empresa externa, debe existir un contrato e informe que acredite la realización de las actividades ejecutadas.",Bitácora,https://ciruelacertificada.cl/?s=P055&jet_ajax_search_settings=%7B%22current_query%22%3A%7B%22taxonomy%22%3A%22estandares-recursos%22%2C%22term%22%3A%22recurso-produccion-primaria%22%7D%2C%22sentence%22%3Atrue%2C%22search_in_taxonomy%22%3Atrue%2C%22search_in_taxonomy_source%22%3A%5B%22elementor_library_category%22%2C%22acciones-relacionadas%22%5D%7D,"['Si cumplo', 'No cumplo', 'No cumplo, pero me es factible', 'No aplica a mi sistema productivo']","[483, 626, 771, 916]"
P056,Fundamental,5,Ambiente,Insumos,Emplear de manera segura los productos agroquímicos en el predio,El predio se rige por las dosis indicadas en la etiqueta del fabricante para la aplicación de agroquímicos.,Registro actualizado de aplicaciones con la siguiente información:  * Fecha y hora.  * Sector o cuartel.  * Nombre del producto.  * Ingrediente activo.  * Dosis.  * Dosis recomendada por fabricante.  * Método de aplicación.  * Objetivo de la aplicación.  * Período de carencia y de reingreso.  * Responsable.,Bitácora,https://ciruelacertificada.cl/?s=P056&jet_ajax_search_settings=%7B%22current_query%22%3A%7B%22taxonomy%22%3A%22estandares-recursos%22%2C%22term%22%3A%22recurso-produccion-primaria%22%7D%2C%22sentence%22%3Atrue%2C%22search_in_taxonomy%22%3Atrue%2C%22search_in_taxonomy_source%22%3A%5B%22elementor_library_category%22%2C%22acciones-relacionadas%22%5D%7D,"['Si cumplo', 'No cumplo', 'No cumplo, pero me es factible', 'No aplica a mi sistema productivo']","[509, 627, 772, 917]"
P057,Avanzado,4,Ambiente,Insumos,Emplear de manera segura los productos agroquímicos en el predio,"El predio considera las condiciones climáticas para las aplicaciones de agroquímicos, realizándolas bajo las siguientes condiciones:  - Temperaturas entre 10° y 30°C.  - Velocidad del viento entre 3 y 15 km/h.  - Ausencia de lluvia entre 2 a 8 horas después de la aplicación.","Registro actualizado de aplicaciones con la siguiente información:  * Fecha y hora.  * Factores meteorológicos (temperatura, velocidad del viento y evento de lluvia).  * Sector o cuartel.  * Nombre del producto.  * Ingrediente activo.  * Dosis.  * Dosis recomendada por fabricante.  * Método de aplicación.  * Objetivo de la aplicación.  * Período de carencia y de reingreso.  * Responsable.  Se sugiere utilizar estación meteorológica propia o datos de portales como http://agroclima.cl o https://agrometeorologia.cl/",Bitácora,https://ciruelacertificada.cl/?s=P057&jet_ajax_search_settings=%7B%22current_query%22%3A%7B%22taxonomy%22%3A%22estandares-recursos%22%2C%22term%22%3A%22recurso-produccion-primaria%22%7D%2C%22sentence%22%3Atrue%2C%22search_in_taxonomy%22%3Atrue%2C%22search_in_taxonomy_source%22%3A%5B%22elementor_library_category%22%2C%22acciones-relacionadas%22%5D%7D,"['Si cumplo', 'No cumplo', 'No cumplo, pero me es factible', 'No aplica a mi sistema productivo']","[510, 628, 773, 918]"
P058,Fundamental,5,Ambiente,Residuos,Contar con un plan de manejo de residuos,El predio identifica los residuos sólidos generados y las posibles fuentes de contaminación.,"Registro actualizado que contiene la siguiente información:  - Identificación del tipo de residuo o agente contaminante.  - Identificación de la cantidad producida mensualmente.  - Identificación de los residuos peligrosos.  - Ubicación dentro de la planta.  - Destino del residuo (reciclaje, reúso, eliminación, etc.).",Bitácora,https://ciruelacertificada.cl/?s=P058&jet_ajax_search_settings=%7B%22current_query%22%3A%7B%22taxonomy%22%3A%22estandares-recursos%22%2C%22term%22%3A%22recurso-produccion-primaria%22%7D%2C%22sentence%22%3Atrue%2C%22search_in_taxonomy%22%3Atrue%2C%22search_in_taxonomy_source%22%3A%5B%22elementor_library_category%22%2C%22acciones-relacionadas%22%5D%7D,"['Si cumplo', 'No cumplo', 'No cumplo, pero me es factible', 'No aplica a mi sistema productivo']","[518, 629, 774, 919]"
P059,Avanzado,4,Ambiente,Residuos,Contar con un plan de manejo de residuos,El predio ha generado y documentado un plan de manejo de residuos.,"Plan de manejo de residuos que contenga los siguientes contenidos:  * Protocolos de almacenamiento de residuos peligrosos.  * Manejo de residuos para reciclaje o reutilización.  * Medidas de mitigación en caso de contaminación.  * Descripción del proceso y los puntos en que se generan residuos.  * Procedimientos internos para recoger y almacenar los residuos.  •Identificación de alternativas de minimización, valorización y eliminación de residuos.",Archivo,https://ciruelacertificada.cl/?s=P059&jet_ajax_search_settings=%7B%22current_query%22%3A%7B%22taxonomy%22%3A%22estandares-recursos%22%2C%22term%22%3A%22recurso-produccion-primaria%22%7D%2C%22sentence%22%3Atrue%2C%22search_in_taxonomy%22%3Atrue%2C%22search_in_taxonomy_source%22%3A%5B%22elementor_library_category%22%2C%22acciones-relacionadas%22%5D%7D,"['Si cumplo', 'No cumplo', 'No cumplo, pero me es factible', 'No aplica a mi sistema productivo']","[630, 775, 920]"
P060,Fundamental,5,Ambiente,Residuos,Minimizar la contaminación derivada de la gestión de los residuos,"El predio manipula los residuos (sólidos y/o líquidos) de manera tal, que no generen derrames que contaminen el suelo y/o el agua.","Inspección visual del área de almacenamiento, corroborando que los residuos se encuentren dentro de los contenedores correspondientes, evitando el contacto directo con el suelo, con el objetivo de no generar contaminación (ejemplo: radier y techo).",Foto,https://ciruelacertificada.cl/?s=P060&jet_ajax_search_settings=%7B%22current_query%22%3A%7B%22taxonomy%22%3A%22estandares-recursos%22%2C%22term%22%3A%22recurso-produccion-primaria%22%7D%2C%22sentence%22%3Atrue%2C%22search_in_taxonomy%22%3Atrue%2C%22search_in_taxonomy_source%22%3A%5B%22elementor_library_category%22%2C%22acciones-relacionadas%22%5D%7D,"['Si cumplo', 'No cumplo', 'No cumplo, pero me es factible', 'No aplica a mi sistema productivo']","[631, 776, 921]"
P061,Básico,2,Ambiente,Residuos,Minimizar la contaminación derivada de la gestión de los residuos,El predio implementa un protocolo para minimizar la contaminación atmosférica por material particulado al interior de sus dependencias.,"Protocolo que cuente con las siguientes medidas para minimizar la contaminación:  * No se permite la quema ni incineración de los desechos derivados de la producción.  * Los caminos son pavimentados o se aplica un suspensor de polvo químico o gravilla para evitar el aumento de la polución.  * Se realiza mantención a los equipos que utilizan combustibles fósiles internos, para evitar contaminación debido a fallas mecánicas.",Archivo,https://ciruelacertificada.cl/?s=P061&jet_ajax_search_settings=%7B%22current_query%22%3A%7B%22taxonomy%22%3A%22estandares-recursos%22%2C%22term%22%3A%22recurso-produccion-primaria%22%7D%2C%22sentence%22%3Atrue%2C%22search_in_taxonomy%22%3Atrue%2C%22search_in_taxonomy_source%22%3A%5B%22elementor_library_category%22%2C%22acciones-relacionadas%22%5D%7D,"['Si cumplo', 'No cumplo', 'No cumplo, pero me es factible', 'No aplica a mi sistema productivo']","[484, 632, 777, 922]"
P062,Intermedio,3,Ambiente,Residuos,Minimizar la contaminación derivada de la gestión de los residuos,El predio cuenta con señaléticas para las situaciones de emergencia por contaminación por derrame de residuos líquidos.,"Inspección visual de señaléticas en lugares de riesgo de contaminación, que contemple los siguientes elementos:  - Información sobre acciones de mitigación inmediata.  - Información de contacto con servicios de emergencia y autoridades locales.",Foto,https://ciruelacertificada.cl/?s=P062&jet_ajax_search_settings=%7B%22current_query%22%3A%7B%22taxonomy%22%3A%22estandares-recursos%22%2C%22term%22%3A%22recurso-produccion-primaria%22%7D%2C%22sentence%22%3Atrue%2C%22search_in_taxonomy%22%3Atrue%2C%22search_in_taxonomy_source%22%3A%5B%22elementor_library_category%22%2C%22acciones-relacionadas%22%5D%7D,"['Si cumplo', 'No cumplo', 'No cumplo, pero me es factible', 'No aplica a mi sistema productivo']","[514, 633, 778, 923]"
P063,Intermedio,3,Ambiente,Residuos,Minimizar la contaminación derivada de la gestión de los residuos,El predio capacita a su personal en la implementación del protocolo de gestión de emergencias por contaminación por derrame de residuos líquidos.,"Registro de la ejecución de capacitaciones (lista de asistencia identificando sexo quien participa, tema expuesto, persona que expone, material expuesto, registro fotográfico y certificación entregada).",Foto,https://ciruelacertificada.cl/?s=P063&jet_ajax_search_settings=%7B%22current_query%22%3A%7B%22taxonomy%22%3A%22estandares-recursos%22%2C%22term%22%3A%22recurso-produccion-primaria%22%7D%2C%22sentence%22%3Atrue%2C%22search_in_taxonomy%22%3Atrue%2C%22search_in_taxonomy_source%22%3A%5B%22elementor_library_category%22%2C%22acciones-relacionadas%22%5D%7D,"['Si cumplo', 'No cumplo', 'No cumplo, pero me es factible', 'No aplica a mi sistema productivo']","[551, 634, 779, 924]"
P064,Fundamental,5,Ambiente,Residuos,Gestionar adecuadamente los residuos derivados de la producción,"El predio somete a un triple lavado los envases derivados de la aplicación de agroquímicos, en conformidad con lo descrito en el programa “Campo limpio”. Posteriormente, son entregados o retirados por empresas u organizaciones encargadas de su revalorización.",Certificados de recepción de envases.  Más información respecto a la técnica de triple lavado y de lugares de recepción de,Archivo,https://ciruelacertificada.cl/?s=P064&jet_ajax_search_settings=%7B%22current_query%22%3A%7B%22taxonomy%22%3A%22estandares-recursos%22%2C%22term%22%3A%22recurso-produccion-primaria%22%7D%2C%22sentence%22%3Atrue%2C%22search_in_taxonomy%22%3Atrue%2C%22search_in_taxonomy_source%22%3A%5B%22elementor_library_category%22%2C%22acciones-relacionadas%22%5D%7D,"['Si cumplo', 'No cumplo', 'No cumplo, pero me es factible', 'No aplica a mi sistema productivo']","[635, 780, 925]"
P065,Intermedio,3,Ambiente,Residuos,Gestionar adecuadamente los residuos derivados de la producción,"El predio almacena los residuos peligrosos, (por ejemplo: los aceites lubricantes derivados de vehículos y maquinarias utilizadas en la explotación), en bodegas exclusivas para este tipo de material.",Inspección visual de zona de almacenamiento de residuos peligrosos.,Foto,https://ciruelacertificada.cl/?s=P065&jet_ajax_search_settings=%7B%22current_query%22%3A%7B%22taxonomy%22%3A%22estandares-recursos%22%2C%22term%22%3A%22recurso-produccion-primaria%22%7D%2C%22sentence%22%3Atrue%2C%22search_in_taxonomy%22%3Atrue%2C%22search_in_taxonomy_source%22%3A%5B%22elementor_library_category%22%2C%22acciones-relacionadas%22%5D%7D,"['Si cumplo', 'No cumplo', 'No cumplo, pero me es factible', 'No aplica a mi sistema productivo']","[636, 781, 926]"
P066,Avanzado,4,Ambiente,Residuos,Gestionar adecuadamente los residuos derivados de la producción,"El predio gestiona los residuos de aceites lubricantes derivados de vehículos y maquinarias utilizadas en la explotación, a través de empresas especializadas en su posterior valorización.","Informe que certifique el retiro y la posterior reutilización de los residuos, realizado por la empresa autorizada a cargo de la gestión.",Archivo,https://ciruelacertificada.cl/?s=P066&jet_ajax_search_settings=%7B%22current_query%22%3A%7B%22taxonomy%22%3A%22estandares-recursos%22%2C%22term%22%3A%22recurso-produccion-primaria%22%7D%2C%22sentence%22%3Atrue%2C%22search_in_taxonomy%22%3Atrue%2C%22search_in_taxonomy_source%22%3A%5B%22elementor_library_category%22%2C%22acciones-relacionadas%22%5D%7D,"['Si cumplo', 'No cumplo', 'No cumplo, pero me es factible', 'No aplica a mi sistema productivo']","[637, 782, 927]"
P067,Fundamental,5,Ambiente,Residuos,Gestionar residuos inorgánicos a través de técnicas de valorización y reciclaje,"La planta disminuye sus residuos enviados a gestores autorizados a través de la segregación, almacenamiento y entrega para su valorización, basándose en sus características y en las opciones de reciclaje disponibles.",Inspección visual de la existencia de contenedores y señaléticas informativas con respecto a la gestión de residuos para reciclaje de:  - PET y otros plásticos.  - Tetra brick.  - Papeles y cartones.  - Vidrios.  - Latas y otros metales.  - Residuos peligrosos.  - Residuos no reciclables.,Foto,https://ciruelacertificada.cl/?s=P067&jet_ajax_search_settings=%7B%22current_query%22%3A%7B%22taxonomy%22%3A%22estandares-recursos%22%2C%22term%22%3A%22recurso-produccion-primaria%22%7D%2C%22sentence%22%3Atrue%2C%22search_in_taxonomy%22%3Atrue%2C%22search_in_taxonomy_source%22%3A%5B%22elementor_library_category%22%2C%22acciones-relacionadas%22%5D%7D,"['Si cumplo', 'No cumplo', 'No cumplo, pero me es factible', 'No aplica a mi sistema productivo']","[515, 516, 517, 638, 783, 928]"
P068,Intermedio,3,Ambiente,Residuos,Gestionar residuos inorgánicos a través de técnicas de valorización y reciclaje,El predio capacita al personal sobre la relevancia del reciclaje y los procedimientos apropiados para su implementación.,"Registro de la ejecución de capacitaciones (lista de asistencia identificando sexo quien participa, tema expuesto, persona que expone, material expuesto, registro fotográfico y certificación entregada).",Foto,https://ciruelacertificada.cl/?s=P068&jet_ajax_search_settings=%7B%22current_query%22%3A%7B%22taxonomy%22%3A%22estandares-recursos%22%2C%22term%22%3A%22recurso-produccion-primaria%22%7D%2C%22sentence%22%3Atrue%2C%22search_in_taxonomy%22%3Atrue%2C%22search_in_taxonomy_source%22%3A%5B%22elementor_library_category%22%2C%22acciones-relacionadas%22%5D%7D,"['Si cumplo', 'No cumplo', 'No cumplo, pero me es factible', 'No aplica a mi sistema productivo']","[552, 639, 784, 929]"
P069,Fundamental,5,Ambiente,Residuos,Compostar la materia orgánica generada utilizando el compost en su actividad productiva,"El predio reutiliza la materia orgánica generada en sus procesos, a través de al menos, una de las siguientes técnicas:  - Compostaje.  - Lombricultura.  - Reincorporación (picado o rastraje).  - Venta o donación a otras explotaciones.","Registro actualizado que contiene la siguiente información:  - Identificación del tipo de residuo orgánico.  - Identificación de la cantidad producida mensualmente.  - Ubicación dentro de la planta.  - Destino del residuo (reciclaje, reúso, etc.).",Bitácora,https://ciruelacertificada.cl/?s=P069&jet_ajax_search_settings=%7B%22current_query%22%3A%7B%22taxonomy%22%3A%22estandares-recursos%22%2C%22term%22%3A%22recurso-produccion-primaria%22%7D%2C%22sentence%22%3Atrue%2C%22search_in_taxonomy%22%3Atrue%2C%22search_in_taxonomy_source%22%3A%5B%22elementor_library_category%22%2C%22acciones-relacionadas%22%5D%7D,"['Si cumplo', 'No cumplo', 'No cumplo, pero me es factible', 'No aplica a mi sistema productivo']","[640, 785, 930]"
P070,Fundamental,5,Ambiente,Energía,Implementar un sistema de gestión de la energía,El predio establece un sistema de registro mensual del consumo de energía.,"Registro de consumo energético actualizado mensualmente que contenga la siguiente información:  - Tipo de fuente de energía (diésel, gas, gasolina y/o energía eléctrica).  - Consumo energético mensual (kWhe).  - Gasto en energía ($/mes).",Bitácora,https://ciruelacertificada.cl/?s=P070&jet_ajax_search_settings=%7B%22current_query%22%3A%7B%22taxonomy%22%3A%22estandares-recursos%22%2C%22term%22%3A%22recurso-produccion-primaria%22%7D%2C%22sentence%22%3Atrue%2C%22search_in_taxonomy%22%3Atrue%2C%22search_in_taxonomy_source%22%3A%5B%22elementor_library_category%22%2C%22acciones-relacionadas%22%5D%7D,"['Si cumplo', 'No cumplo', 'No cumplo, pero me es factible', 'No aplica a mi sistema productivo']","[525, 641, 786, 931]"
P071,Intermedio,3,Ambiente,Energía,Implementar un sistema de gestión de la energía,El predio cuenta con un diagnóstico energético actualizado.,"Reporte de diagnóstico energético con levantamiento de información para la identificación de consumo cuenta con:  * Registros mensuales de consumo energético.  * Identificación de equipos y su consumo energético. (Identificar las áreas críticas en cuanto a consumo).  * Identificación de períodos de alto consumo energético por mes (estacional o continuo)..  * Registro de mantenimiento de equipos.  * Definición del indicador de consumo en base a la producción.  * Identificación de capacitaciones en el ámbito de energía.  * Identificación de oportunidades de mejora y costos, tiempo de implementación, necesidades adicionales (construcción, capacitación, remodelación, entre otras).  En el caso de que lo haga una empresa externa, ésta deberá entregar un informe que certifique las acciones realizadas para entregar el diagnóstico.",Archivo,https://ciruelacertificada.cl/?s=P071&jet_ajax_search_settings=%7B%22current_query%22%3A%7B%22taxonomy%22%3A%22estandares-recursos%22%2C%22term%22%3A%22recurso-produccion-primaria%22%7D%2C%22sentence%22%3Atrue%2C%22search_in_taxonomy%22%3Atrue%2C%22search_in_taxonomy_source%22%3A%5B%22elementor_library_category%22%2C%22acciones-relacionadas%22%5D%7D,"['Si cumplo', 'No cumplo', 'No cumplo, pero me es factible', 'No aplica a mi sistema productivo']","[523, 642, 787, 932]"
P072,Intermedio,3,Ambiente,Energía,Implementar un sistema de gestión de la energía,"El predio implementa un plan de capacitación para su personal, abordando la gestión eficiente de la energía.","Registro de la ejecución de capacitaciones (lista de asistencia identificando sexo quien participa, tema expuesto, persona que expone, material expuesto, registro fotográfico y certificación entregada).",Foto,https://ciruelacertificada.cl/?s=P072&jet_ajax_search_settings=%7B%22current_query%22%3A%7B%22taxonomy%22%3A%22estandares-recursos%22%2C%22term%22%3A%22recurso-produccion-primaria%22%7D%2C%22sentence%22%3Atrue%2C%22search_in_taxonomy%22%3Atrue%2C%22search_in_taxonomy_source%22%3A%5B%22elementor_library_category%22%2C%22acciones-relacionadas%22%5D%7D,"['Si cumplo', 'No cumplo', 'No cumplo, pero me es factible', 'No aplica a mi sistema productivo']","[553, 643, 788, 933]"
P073,Avanzado,4,Ambiente,Energía,Implementar un sistema de gestión de la energía,El predio implementa un sistema de gestión de la energía.,Documento con un sistema de gestión de la energía que considere la siguiente información:  * Determinación del alcance del sistema de gestión de la energía.  * Línea de base energética a través de un indicador de eficiencia energética indicando el año de la línea base (kWh /kilo de fruta seca).  * Una meta de intensidad energética.,Archivo,https://ciruelacertificada.cl/?s=P073&jet_ajax_search_settings=%7B%22current_query%22%3A%7B%22taxonomy%22%3A%22estandares-recursos%22%2C%22term%22%3A%22recurso-produccion-primaria%22%7D%2C%22sentence%22%3Atrue%2C%22search_in_taxonomy%22%3Atrue%2C%22search_in_taxonomy_source%22%3A%5B%22elementor_library_category%22%2C%22acciones-relacionadas%22%5D%7D,"['Si cumplo', 'No cumplo', 'No cumplo, pero me es factible', 'No aplica a mi sistema productivo']","[524, 644, 789, 934]"
P074,Fundamental,5,Ambiente,Energía,Implementar medidas de eficiencia energética relacionadas al plan de gestión,El predio cuenta con señalética que promueve el uso eficiente de la energía.,Inspección visual de señaléticas de uso eficiente de energía en espacios de trabajo con la siguiente información:  * Apaga la luz antes de salir.  * Cierra la puerta al salir.  * Recordar mantenciones preventivas.  * Regular el consumo de agua caliente.,Foto,https://ciruelacertificada.cl/?s=P074&jet_ajax_search_settings=%7B%22current_query%22%3A%7B%22taxonomy%22%3A%22estandares-recursos%22%2C%22term%22%3A%22recurso-produccion-primaria%22%7D%2C%22sentence%22%3Atrue%2C%22search_in_taxonomy%22%3Atrue%2C%22search_in_taxonomy_source%22%3A%5B%22elementor_library_category%22%2C%22acciones-relacionadas%22%5D%7D,"['Si cumplo', 'No cumplo', 'No cumplo, pero me es factible', 'No aplica a mi sistema productivo']","[520, 521, 522, 645, 790, 935]"
P075,Básico,2,Ambiente,Energía,Implementar medidas de eficiencia energética relacionadas al plan de gestión,El predio implementa medidas para mejorar la eficiencia de los vehículos dentro de la explotación.,"Inspección visual de señaléticas en área de guardado de vehículos que apunten a las siguientes medidas.  - Control de la presión de los neumáticos.  - Reducción del peso de la carga en los vehículos.  - Conducción eficiente a velocidades inferiores a 20 km/h.  - Combina viajes y evita los que son innecesarios.  - Conduce suavemente, evitando aceleraciones y frenadas bruscas.  - Condiciones climáticas: El viento en contra y las temperaturas extremas pueden aumentar el consumo de combustible.",Foto,https://ciruelacertificada.cl/?s=P075&jet_ajax_search_settings=%7B%22current_query%22%3A%7B%22taxonomy%22%3A%22estandares-recursos%22%2C%22term%22%3A%22recurso-produccion-primaria%22%7D%2C%22sentence%22%3Atrue%2C%22search_in_taxonomy%22%3Atrue%2C%22search_in_taxonomy_source%22%3A%5B%22elementor_library_category%22%2C%22acciones-relacionadas%22%5D%7D,"['Si cumplo', 'No cumplo', 'No cumplo, pero me es factible', 'No aplica a mi sistema productivo']","[519, 646, 791, 936]"
P076,Básico,2,Ambiente,Energía,Implementar medidas de eficiencia energética relacionadas al plan de gestión,"El predio realiza mantención de equipos, maquinarias y vehículos, una vez durante la temporada o más frecuentemente si las indicaciones del fabricante lo estipulan, asegurando un adecuado funcionamiento y uso eficiente de la energía.","Check list o registro de mantención de equipos, maquinarias y vehículos, con los siguientes datos:  • Fecha  • Tipo de evento  • Equipo o infraestructura  • Detalle labores  • Responsable  En el caso de que las mantenciones las realice una empresa externa, esta debe entregar un comprobante o informe que certifique que las acciones realizadas estén en función de lo solicitado.",Bitácora,https://ciruelacertificada.cl/?s=P076&jet_ajax_search_settings=%7B%22current_query%22%3A%7B%22taxonomy%22%3A%22estandares-recursos%22%2C%22term%22%3A%22recurso-produccion-primaria%22%7D%2C%22sentence%22%3Atrue%2C%22search_in_taxonomy%22%3Atrue%2C%22search_in_taxonomy_source%22%3A%5B%22elementor_library_category%22%2C%22acciones-relacionadas%22%5D%7D,"['Si cumplo', 'No cumplo', 'No cumplo, pero me es factible', 'No aplica a mi sistema productivo']","[485, 647, 792, 937]"
P077,Intermedio,3,Ambiente,Energía,Implementar sistemas de energías renovables,El predio evalúa la prefactibilidad técnica y económica de incorporar energías renovables dentro de su sistema productivo.,"Documento con estudio de prefactibilidad técnico económica.  En el caso de que lo haga una empresa externa, esta debe entregar un informe que certifique que las acciones realizadas estén en función de lo solicitado.",Archivo,https://ciruelacertificada.cl/?s=P077&jet_ajax_search_settings=%7B%22current_query%22%3A%7B%22taxonomy%22%3A%22estandares-recursos%22%2C%22term%22%3A%22recurso-produccion-primaria%22%7D%2C%22sentence%22%3Atrue%2C%22search_in_taxonomy%22%3Atrue%2C%22search_in_taxonomy_source%22%3A%5B%22elementor_library_category%22%2C%22acciones-relacionadas%22%5D%7D,"['Si cumplo', 'No cumplo', 'No cumplo, pero me es factible', 'No aplica a mi sistema productivo']","[648, 793, 938]"
P078,Avanzado,4,Ambiente,Energía,Implementar sistemas de energías renovables,La planta utiliza sistemas de energía renovable para autoconsumo energético.,Inspección visual de alguno de los siguientes tipos de energía.  - Energía solar.  - Eólica.  - Mini hidroeléctrica.  - Biomasa o biogás.,Foto,https://ciruelacertificada.cl/?s=P078&jet_ajax_search_settings=%7B%22current_query%22%3A%7B%22taxonomy%22%3A%22estandares-recursos%22%2C%22term%22%3A%22recurso-produccion-primaria%22%7D%2C%22sentence%22%3Atrue%2C%22search_in_taxonomy%22%3Atrue%2C%22search_in_taxonomy_source%22%3A%5B%22elementor_library_category%22%2C%22acciones-relacionadas%22%5D%7D,"['Si cumplo', 'No cumplo', 'No cumplo, pero me es factible', 'No aplica a mi sistema productivo']","[649, 794, 939]"
P079,Intermedio,3,Ambiente,Gases de Efecto Invernadero (GEI),Cuantificar emisiones de GEI en el predio,El predio cuantifica sus emisiones directas e indirectas de GEI de la unidad y define una línea base en las principales etapas de su producción.,"Registro de emisiones y capturas que incluya, fecha, monitoreo, periodo, balance de los siguientes aspectos:  Emisiones directas de GEI  • Combustión estacionaria  • Combustión móvil  • Uso suelo, cambios en el uso de suelo y silvicultura  • Procesos industriales  • Emisiones fugitivas  Emisiones indirectas de GEI causadas por energía importada  • Electricidad importada  • Otra energía importada y/o pérdidas T&D  Otras emisiones indirectas de GEI  • Transporte  • Bienes y servicios utilizados  • Uso de productos de la organización  *Se recomienda el uso de la plataforma de Huella Chile para cuantificar emisiones.  En el caso de que lo haga una empresa externa, esta debe entregar un informe que certifique que las acciones realizadas estén en función de lo solicitado.",Archivo,https://ciruelacertificada.cl/?s=P079&jet_ajax_search_settings=%7B%22current_query%22%3A%7B%22taxonomy%22%3A%22estandares-recursos%22%2C%22term%22%3A%22recurso-produccion-primaria%22%7D%2C%22sentence%22%3Atrue%2C%22search_in_taxonomy%22%3Atrue%2C%22search_in_taxonomy_source%22%3A%5B%22elementor_library_category%22%2C%22acciones-relacionadas%22%5D%7D,"['Si cumplo', 'No cumplo', 'No cumplo, pero me es factible', 'No aplica a mi sistema productivo']","[526, 529, 650, 795, 940]"
P080,Intermedio,3,Ambiente,Gases de Efecto Invernadero (GEI),Cuantificar emisiones de GEI en el predio,El predio monitorea periódicamente los GEI de la unidad.,"Reporte anual de emisiones y capturas, con indicación de la metodología empleada y los resultados obtenidos.  En el caso de que lo haga una empresa externa, esta debe entregar un informe que certifique que las acciones realizadas estén en función de lo solicitado.",Archivo,https://ciruelacertificada.cl/?s=P080&jet_ajax_search_settings=%7B%22current_query%22%3A%7B%22taxonomy%22%3A%22estandares-recursos%22%2C%22term%22%3A%22recurso-produccion-primaria%22%7D%2C%22sentence%22%3Atrue%2C%22search_in_taxonomy%22%3Atrue%2C%22search_in_taxonomy_source%22%3A%5B%22elementor_library_category%22%2C%22acciones-relacionadas%22%5D%7D,"['Si cumplo', 'No cumplo', 'No cumplo, pero me es factible', 'No aplica a mi sistema productivo']","[527, 530, 651, 796, 941]"
P081,Intermedio,3,Ambiente,Gases de Efecto Invernadero (GEI),Reducir las emisiones y promover las capturas de GEI en el predio,"El predio implementa un plan de capacitación para el personal, que aborda la problemática asociada al cambio climático y conceptos sobre cuantificación y mitigación de emisión de GEI.","Registro de la ejecución de capacitaciones (lista de asistencia identificando sexo quien participa, tema expuesto, persona que expone, material expuesto, registro fotográfico y certificación entregada).",Foto,https://ciruelacertificada.cl/?s=P081&jet_ajax_search_settings=%7B%22current_query%22%3A%7B%22taxonomy%22%3A%22estandares-recursos%22%2C%22term%22%3A%22recurso-produccion-primaria%22%7D%2C%22sentence%22%3Atrue%2C%22search_in_taxonomy%22%3Atrue%2C%22search_in_taxonomy_source%22%3A%5B%22elementor_library_category%22%2C%22acciones-relacionadas%22%5D%7D,"['Si cumplo', 'No cumplo', 'No cumplo, pero me es factible', 'No aplica a mi sistema productivo']","[554, 652, 797, 942]"
P082,Avanzado,4,Ambiente,Gases de Efecto Invernadero (GEI),Reducir las emisiones y promover las capturas de GEI en el predio,"El predio cuenta con un protocolo para reducir sus emisiones de GEI que contempla, por ejemplo, alguna de las siguientes medidas:  • Usar maquinaria agrícola eficiente energéticamente.  • Optimiza las distancias de transporte en el campo para lograr reducciones en el uso de combustible.  • Utiliza luminarias LED en bodegas, salas de empaque y oficinas para disminuir consumo eléctrico.  • Cambia de combustibles fósiles a electricidad de la red o paneles solares en el sistema de bombeo para riego.  • Emplea métodos de labranza de conservación que promueven la captura de carbono en el suelo, como mínima labranza y los cultivos de cobertura.  • Usa fertilizantes de formulación avanzada para reducir emisiones.  • Recicla, composta y valoriza los residuos orgánicos generados en el huerto y sus procesos.  • No utiliza fuego para la preparación de tierra o la eliminación en el campo de los residuos derivados de la producción.",Protocolo para reducir las emisiones de GEI.,Archivo,https://ciruelacertificada.cl/?s=P082&jet_ajax_search_settings=%7B%22current_query%22%3A%7B%22taxonomy%22%3A%22estandares-recursos%22%2C%22term%22%3A%22recurso-produccion-primaria%22%7D%2C%22sentence%22%3Atrue%2C%22search_in_taxonomy%22%3Atrue%2C%22search_in_taxonomy_source%22%3A%5B%22elementor_library_category%22%2C%22acciones-relacionadas%22%5D%7D,"['Si cumplo', 'No cumplo', 'No cumplo, pero me es factible', 'No aplica a mi sistema productivo']","[528, 653, 798, 943]"
P083,Avanzado,4,Ambiente,Gases de Efecto Invernadero (GEI),Elaborar un plan de reducción de riesgo de desastres,"La planta elabora e implementa un plan de reducción, control y respuesta frente a riesgo de desastres, vinculados al Cambio Climático. La elaboración del plan contempla determinar las amenazas históricas y proyectadas, identificar los recursos mínimos y capacidades para abordar las amenazas, y determinar las debilidades respecto de los recursos y capacidades requeridas. Las medidas del plan se elaboran en función de las debilidades detectadas y su respectiva priorización.","Plan de reducción, control y respuesta frente a riesgos de desastres, vinculados al Cambio Climático que contenga al menos la siguiente información:  *Listado de las amenazas o peligros (internas y externas) según su origen, y evaluación de recursos y vulnerabilidades para enfrentar cada una de ellas  * Programas de trabajo en sus fases de prevención, respuesta y recuperación.  *Definición de responsables y de mecanismos para asignación de recursos que financien los programas de trabajo que surjan del plan.  * Realización de simulaciones y simulacros.  El plan debe ser evaluado posterior a la ocurrencia de cada evento de emergencia o desastre.",Archivo,https://ciruelacertificada.cl/?s=P083&jet_ajax_search_settings=%7B%22current_query%22%3A%7B%22taxonomy%22%3A%22estandares-recursos%22%2C%22term%22%3A%22recurso-produccion-primaria%22%7D%2C%22sentence%22%3Atrue%2C%22search_in_taxonomy%22%3Atrue%2C%22search_in_taxonomy_source%22%3A%5B%22elementor_library_category%22%2C%22acciones-relacionadas%22%5D%7D,"['Si cumplo', 'No cumplo', 'No cumplo, pero me es factible', 'No aplica a mi sistema productivo']","[654, 799, 944]"
P084,Avanzado,4,Ambiente,Gases de Efecto Invernadero (GEI),Elaborar un plan de reducción de riesgo de desastres,"El predio incorpora monitoreo de parámetros de la situación meteorológica propia o cercana, para visualizar periodos de sequías extremas, altas y bajas temperaturas, y episodios de alta pluviometría.","Registro de eventos meteorológicos significativos, indicando la fuente de obtención de la información (estación meteorológica propia o datos de portales como http://agroclima.cl/ o https://agrometeorologia.cl/ , de los siguientes puntos:  * Altas temperaturas (más de 30°C).  * Bajas temperaturas (menos de 4°C).  * Lluvias.  * Fuente de obtención de la información.  Este registro debe ser actualizado de manera mensual.",Bitácora,https://ciruelacertificada.cl/?s=P084&jet_ajax_search_settings=%7B%22current_query%22%3A%7B%22taxonomy%22%3A%22estandares-recursos%22%2C%22term%22%3A%22recurso-produccion-primaria%22%7D%2C%22sentence%22%3Atrue%2C%22search_in_taxonomy%22%3Atrue%2C%22search_in_taxonomy_source%22%3A%5B%22elementor_library_category%22%2C%22acciones-relacionadas%22%5D%7D,"['Si cumplo', 'No cumplo', 'No cumplo, pero me es factible', 'No aplica a mi sistema productivo']","[655, 800, 945]"
P085,Avanzado,4,Ambiente,Gases de Efecto Invernadero (GEI),Elaborar un plan de reducción de riesgo de desastres,"La planta capacita al personal sobre el un plan de reducción, control y respuesta frente a riesgo de desastres, vinculados al Cambio Climático, para evitar que sean susceptibles a sufrir daños o pérdidas por efecto de las amenazas.","Registro de ejecución de capacitaciones (lista de asistencia identificando sexo de quien participa, tema expuesto, persona que expone, material expuesto, registro fotográfico y certificación entregada).",Foto,https://ciruelacertificada.cl/?s=P085&jet_ajax_search_settings=%7B%22current_query%22%3A%7B%22taxonomy%22%3A%22estandares-recursos%22%2C%22term%22%3A%22recurso-produccion-primaria%22%7D%2C%22sentence%22%3Atrue%2C%22search_in_taxonomy%22%3Atrue%2C%22search_in_taxonomy_source%22%3A%5B%22elementor_library_category%22%2C%22acciones-relacionadas%22%5D%7D,"['Si cumplo', 'No cumplo', 'No cumplo, pero me es factible', 'No aplica a mi sistema productivo']","[656, 801, 946]"
P086,Avanzado,4,Ambiente,Gases de Efecto Invernadero (GEI),Elaborar un plan de reducción de riesgo de desastres,"El predio evalúa las condiciones de degradación del suelo, monitoreando la presencia de signos de erosión.","Registro de monitoreo de erosión de suelo que considere los siguientes aspectos:  * Presencia de zanjas o corrugado en laderas con más de 10%.  * Presencia de cubiertas vegetales vivas.  * Presencia de cubierta vegetales inertes.  * Presencia/ausencia de infraestructura de protección contra aluviones (zanjas, muros de contención y de derivación de caudales).",Foto,https://ciruelacertificada.cl/?s=P086&jet_ajax_search_settings=%7B%22current_query%22%3A%7B%22taxonomy%22%3A%22estandares-recursos%22%2C%22term%22%3A%22recurso-produccion-primaria%22%7D%2C%22sentence%22%3Atrue%2C%22search_in_taxonomy%22%3Atrue%2C%22search_in_taxonomy_source%22%3A%5B%22elementor_library_category%22%2C%22acciones-relacionadas%22%5D%7D,"['Si cumplo', 'No cumplo', 'No cumplo, pero me es factible', 'No aplica a mi sistema productivo']","[657, 802, 947]"
P087,Fundamental,5,Calidad,Gestión de la Calidad,Poseer una política de calidad y de mejora continua en el predio,El predio identifica y gestiona de manera eficiente los principales puntos críticos de control (PCC) para la obtención de ciruelas para deshidratado.,"Protocolo para la gestión eficiente de los PCC con las siguientes medidas.  - Grado de maduración de la fruta en base a acuerdos con clientes (brix, color, tamaño).  - Aplicación de agroquímicos cumpliendo con los límites máximos de residuos.  - Humedad de secado (cancha u horno).  - Otros identificados por la empresa.",Archivo,https://ciruelacertificada.cl/?s=P087&jet_ajax_search_settings=%7B%22current_query%22%3A%7B%22taxonomy%22%3A%22estandares-recursos%22%2C%22term%22%3A%22recurso-produccion-primaria%22%7D%2C%22sentence%22%3Atrue%2C%22search_in_taxonomy%22%3Atrue%2C%22search_in_taxonomy_source%22%3A%5B%22elementor_library_category%22%2C%22acciones-relacionadas%22%5D%7D,"['Si cumplo', 'No cumplo', 'No cumplo, pero me es factible', 'No aplica a mi sistema productivo']","[658, 803, 948]"
P088,Básico,2,Calidad,Gestión de la Calidad,Poseer una política de calidad y de mejora continua en el predio,El predio establece un procedimiento de control de calidad de la fruta cosechada.,Registro de acciones de control de calidad realizadas en el predio:  - Medición de niveles de grados brix en la fruta.  - Medición de firmeza en la fruta.  - Registro de identificación de defectos en la fruta.,Bitácora,https://ciruelacertificada.cl/?s=P088&jet_ajax_search_settings=%7B%22current_query%22%3A%7B%22taxonomy%22%3A%22estandares-recursos%22%2C%22term%22%3A%22recurso-produccion-primaria%22%7D%2C%22sentence%22%3Atrue%2C%22search_in_taxonomy%22%3Atrue%2C%22search_in_taxonomy_source%22%3A%5B%22elementor_library_category%22%2C%22acciones-relacionadas%22%5D%7D,"['Si cumplo', 'No cumplo', 'No cumplo, pero me es factible', 'No aplica a mi sistema productivo']","[531, 659, 804, 949]"
P089,Básico,2,Calidad,Gestión de la Calidad,Poseer una política de calidad y de mejora continua en el predio,El predio posee procedimiento de control de calidad de la fruta conocida por las personas que trabajan en él.,"Documentación de la ejecución de capacitaciones (lista de asistencia identificando sexo del participante, tema expuesto, expositor, material expuesto y certificación entregada).",Foto,https://ciruelacertificada.cl/?s=P089&jet_ajax_search_settings=%7B%22current_query%22%3A%7B%22taxonomy%22%3A%22estandares-recursos%22%2C%22term%22%3A%22recurso-produccion-primaria%22%7D%2C%22sentence%22%3Atrue%2C%22search_in_taxonomy%22%3Atrue%2C%22search_in_taxonomy_source%22%3A%5B%22elementor_library_category%22%2C%22acciones-relacionadas%22%5D%7D,"['Si cumplo', 'No cumplo', 'No cumplo, pero me es factible', 'No aplica a mi sistema productivo']","[555, 660, 805, 950]"
P090,Básico,2,Calidad,Gestión de la Calidad,Poseer una política de calidad y de mejora continua en el predio,"El predio establece canales de comunicación con sus contrapartes directas en planta, para gestionar de manera oportuna los reclamos y no conformidades del proceso agroindustrial.","Informes de los controles de calidad desde planta, que justifiquen la no conformidad del producto.",Archivo,https://ciruelacertificada.cl/?s=P090&jet_ajax_search_settings=%7B%22current_query%22%3A%7B%22taxonomy%22%3A%22estandares-recursos%22%2C%22term%22%3A%22recurso-produccion-primaria%22%7D%2C%22sentence%22%3Atrue%2C%22search_in_taxonomy%22%3Atrue%2C%22search_in_taxonomy_source%22%3A%5B%22elementor_library_category%22%2C%22acciones-relacionadas%22%5D%7D,"['Si cumplo', 'No cumplo', 'No cumplo, pero me es factible', 'No aplica a mi sistema productivo']","[661, 806, 951]"
P091,Intermedio,3,Calidad,Gestión de la Calidad,Poseer una política de calidad y de mejora continua en el predio,"El predio gestiona sus auditorías internas, en base los riesgos asociados, para evaluar el nivel de cumplimiento de su política de gestión de calidad.","Comprobante de auditoría interna, que permita verificar que se cumple con los requisitos de las certificaciones aplicables (con su respectiva periodicidad).",Archivo,https://ciruelacertificada.cl/?s=P091&jet_ajax_search_settings=%7B%22current_query%22%3A%7B%22taxonomy%22%3A%22estandares-recursos%22%2C%22term%22%3A%22recurso-produccion-primaria%22%7D%2C%22sentence%22%3Atrue%2C%22search_in_taxonomy%22%3Atrue%2C%22search_in_taxonomy_source%22%3A%5B%22elementor_library_category%22%2C%22acciones-relacionadas%22%5D%7D,"['Si cumplo', 'No cumplo', 'No cumplo, pero me es factible', 'No aplica a mi sistema productivo']","[662, 807, 952]"
P092,Básico,2,Calidad,Gestión de la Calidad,Documentar los procesos productivos realizados en el predio,El predio mantiene registros de todo su producto cosechado dentro de la explotación.,Documento de registro del producto cosechado con la siguiente información:  - Fecha de cosecha.  - Total de producción cosechada al día (kg).  - Sector o cuartel cosechado.  - Tipo de secado posterior (horno o cancha).  - Empresa agroindustrial de destino.,Bitácora,https://ciruelacertificada.cl/?s=P092&jet_ajax_search_settings=%7B%22current_query%22%3A%7B%22taxonomy%22%3A%22estandares-recursos%22%2C%22term%22%3A%22recurso-produccion-primaria%22%7D%2C%22sentence%22%3Atrue%2C%22search_in_taxonomy%22%3Atrue%2C%22search_in_taxonomy_source%22%3A%5B%22elementor_library_category%22%2C%22acciones-relacionadas%22%5D%7D,"['Si cumplo', 'No cumplo', 'No cumplo, pero me es factible', 'No aplica a mi sistema productivo']","[532, 663, 808, 953]"
P093,Intermedio,3,Calidad,Gestión de la Calidad,Documentar los procesos productivos realizados en el predio,El predio registra todas las labores productivas realizadas y las personas responsables de su ejecución.,Cuaderno de campo con labores productivas indicando:  - Fecha y hora.  - Sector o cuartel.  - Labor realizada.  - Objetivo.  - Responsable.,Bitácora,https://ciruelacertificada.cl/?s=P093&jet_ajax_search_settings=%7B%22current_query%22%3A%7B%22taxonomy%22%3A%22estandares-recursos%22%2C%22term%22%3A%22recurso-produccion-primaria%22%7D%2C%22sentence%22%3Atrue%2C%22search_in_taxonomy%22%3Atrue%2C%22search_in_taxonomy_source%22%3A%5B%22elementor_library_category%22%2C%22acciones-relacionadas%22%5D%7D,"['Si cumplo', 'No cumplo', 'No cumplo, pero me es factible', 'No aplica a mi sistema productivo']","[494, 533, 664, 809, 954]"
P094,Intermedio,3,Calidad,Gestión de la Calidad,Documentar los procesos productivos realizados en el predio,El predio lleva un inventario de sus insumos para llevar una adecuada gestión de la calidad.,Inventario de los insumos que dé cuenta de la siguiente información:  - Nombre del producto.  - Fecha de compra.  - Número de lote y proveedor.  - Unidades adquiridas.  - Volumen utilizado.  - Fecha de caducidad o vencimiento.,Bitácora,https://ciruelacertificada.cl/?s=P094&jet_ajax_search_settings=%7B%22current_query%22%3A%7B%22taxonomy%22%3A%22estandares-recursos%22%2C%22term%22%3A%22recurso-produccion-primaria%22%7D%2C%22sentence%22%3Atrue%2C%22search_in_taxonomy%22%3Atrue%2C%22search_in_taxonomy_source%22%3A%5B%22elementor_library_category%22%2C%22acciones-relacionadas%22%5D%7D,"['Si cumplo', 'No cumplo', 'No cumplo, pero me es factible', 'No aplica a mi sistema productivo']","[665, 810, 955]"
P095,Intermedio,3,Calidad,Gestión de la Calidad,Documentar los procesos productivos realizados en el predio,El predio maneja un registro de sus ventas para llevar una adecuada gestión de la calidad.,Registro de ventas con documentos tributarios asociados:  * Facturas.  * Guías de despacho.,Archivo,https://ciruelacertificada.cl/?s=P095&jet_ajax_search_settings=%7B%22current_query%22%3A%7B%22taxonomy%22%3A%22estandares-recursos%22%2C%22term%22%3A%22recurso-produccion-primaria%22%7D%2C%22sentence%22%3Atrue%2C%22search_in_taxonomy%22%3Atrue%2C%22search_in_taxonomy_source%22%3A%5B%22elementor_library_category%22%2C%22acciones-relacionadas%22%5D%7D,"['Si cumplo', 'No cumplo', 'No cumplo, pero me es factible', 'No aplica a mi sistema productivo']","[666, 811, 956]"
P096,Básico,2,Calidad,Gestión de la Calidad,Poseer un sistema de trazabilidad del producto a lo largo de todas sus etapas de producción,El predio posee un protocolo de trazabilidad.,"Registro de trazabilidad en el predio que permita rastrear los siguientes aspectos:  - Identificación del campo o cuarteles.  - Variedad o especie.  - Superficie.  - Año de plantación.  Además, debe contar con los registros de labores actualizados en el cuaderno de campo.",Archivo,https://ciruelacertificada.cl/?s=P096&jet_ajax_search_settings=%7B%22current_query%22%3A%7B%22taxonomy%22%3A%22estandares-recursos%22%2C%22term%22%3A%22recurso-produccion-primaria%22%7D%2C%22sentence%22%3Atrue%2C%22search_in_taxonomy%22%3Atrue%2C%22search_in_taxonomy_source%22%3A%5B%22elementor_library_category%22%2C%22acciones-relacionadas%22%5D%7D,"['Si cumplo', 'No cumplo', 'No cumplo, pero me es factible', 'No aplica a mi sistema productivo']","[534, 667, 812, 957]"
P097,Intermedio,3,Calidad,Gestión de la Calidad,Poseer un sistema de trazabilidad del producto a lo largo de todas sus etapas de producción,"El predio asegura que sus productos posean un código que le permite rastrear la información sobre todos sus procesos productivos, al momento de llegar a la planta.",Registro con el N° de guía de despacho o lote interno en la tarja del producto.,Archivo,https://ciruelacertificada.cl/?s=P097&jet_ajax_search_settings=%7B%22current_query%22%3A%7B%22taxonomy%22%3A%22estandares-recursos%22%2C%22term%22%3A%22recurso-produccion-primaria%22%7D%2C%22sentence%22%3Atrue%2C%22search_in_taxonomy%22%3Atrue%2C%22search_in_taxonomy_source%22%3A%5B%22elementor_library_category%22%2C%22acciones-relacionadas%22%5D%7D,"['Si cumplo', 'No cumplo', 'No cumplo, pero me es factible', 'No aplica a mi sistema productivo']","[668, 813, 958]"
P098,Fundamental,5,Calidad,Gestión de la Inocuidad,Poseer una política de inocuidad para la producción,El predio utiliza señaléticas para promover prácticas sobre inocuidad e higiene.,"Inspección visual de las señaléticas con las siguientes temáticas:  - Procedimientos de limpieza.  - Prohibición de labores ante sospecha de enfermedades contagiosas.  - Manipulación de alimentos (lavado de manos, contaminación por agentes externos).",Foto,https://ciruelacertificada.cl/?s=P098&jet_ajax_search_settings=%7B%22current_query%22%3A%7B%22taxonomy%22%3A%22estandares-recursos%22%2C%22term%22%3A%22recurso-produccion-primaria%22%7D%2C%22sentence%22%3Atrue%2C%22search_in_taxonomy%22%3Atrue%2C%22search_in_taxonomy_source%22%3A%5B%22elementor_library_category%22%2C%22acciones-relacionadas%22%5D%7D,"['Si cumplo', 'No cumplo', 'No cumplo, pero me es factible', 'No aplica a mi sistema productivo']","[564, 565, 669, 814, 959]"
P099,Intermedio,3,Calidad,Gestión de la Inocuidad,Poseer una política de inocuidad para la producción,"El predio posee un plan de gestión de la inocuidad, que garantiza que los productos cumplan con los requerimientos de calidad y seguridad requeridos.",Protocolo que contenga la siguiente información:  - Realizar análisis de riesgos.  - Determinar Puntos Críticos de Control (PCC).  - Establecer límites críticos.  - Establecer procedimientos de monitoreo.  - Establecer medidas correctivas.  - Establecer procedimientos de comprobación auditables.,Archivo,https://ciruelacertificada.cl/?s=P099&jet_ajax_search_settings=%7B%22current_query%22%3A%7B%22taxonomy%22%3A%22estandares-recursos%22%2C%22term%22%3A%22recurso-produccion-primaria%22%7D%2C%22sentence%22%3Atrue%2C%22search_in_taxonomy%22%3Atrue%2C%22search_in_taxonomy_source%22%3A%5B%22elementor_library_category%22%2C%22acciones-relacionadas%22%5D%7D,"['Si cumplo', 'No cumplo', 'No cumplo, pero me es factible', 'No aplica a mi sistema productivo']","[670, 815, 960]"
P100,Avanzado,4,Calidad,Gestión de la Inocuidad,Poseer una política de inocuidad para la producción,"El predio realiza auditorías internas anuales, para evaluar el nivel de cumplimiento de su política de inocuidad.","Comprobante de auditoría interna, que permita verificar que se cumple con los requisitos de inocuidad, al menos una vez por año.",Archivo,https://ciruelacertificada.cl/?s=P100&jet_ajax_search_settings=%7B%22current_query%22%3A%7B%22taxonomy%22%3A%22estandares-recursos%22%2C%22term%22%3A%22recurso-produccion-primaria%22%7D%2C%22sentence%22%3Atrue%2C%22search_in_taxonomy%22%3Atrue%2C%22search_in_taxonomy_source%22%3A%5B%22elementor_library_category%22%2C%22acciones-relacionadas%22%5D%7D,"['Si cumplo', 'No cumplo', 'No cumplo, pero me es factible', 'No aplica a mi sistema productivo']","[671, 816, 961]"
P101,Básico,2,Calidad,Gestión de la Inocuidad,"Asegurar la inocuidad de los insumos, espacios, equipos e indumentarias requeridas para la producción","El predio cuenta con un lugar adecuado para la disposición temporal de la fruta cosechada (antes de ser enviada a secado), impidiendo el contacto con contaminantes o vectores.","Inspección visual de los espacios de disposición temporal de la fruta, asegurando que estos posean sombras y no se ubiquen cerca de agentes contaminantes.",Foto,https://ciruelacertificada.cl/?s=P101&jet_ajax_search_settings=%7B%22current_query%22%3A%7B%22taxonomy%22%3A%22estandares-recursos%22%2C%22term%22%3A%22recurso-produccion-primaria%22%7D%2C%22sentence%22%3Atrue%2C%22search_in_taxonomy%22%3Atrue%2C%22search_in_taxonomy_source%22%3A%5B%22elementor_library_category%22%2C%22acciones-relacionadas%22%5D%7D,"['Si cumplo', 'No cumplo', 'No cumplo, pero me es factible', 'No aplica a mi sistema productivo']","[672, 817, 962]"
P102,Intermedio,3,Calidad,Gestión de la Inocuidad,"Asegurar la inocuidad de los insumos, espacios, equipos e indumentarias requeridas para la producción","El predio se asegura de que los insumos aplicados en las labores productivas, no representen un riesgo para la inocuidad alimentaria, utilizando productos autorizados para las ciruelas y respetando los periodos de carencia.",Registro actualizado de aplicaciones con la siguiente información:  * Fecha y hora.  * Sector o cuartel.  * Nombre del producto.  * Ingrediente activo.  * Dosis.  * Dosis recomendada por fabricante.  * Método de aplicación.  * Objetivo de la aplicación.  * Período de carencia y de reingreso.  * Responsable.,Bitácora,https://ciruelacertificada.cl/?s=P102&jet_ajax_search_settings=%7B%22current_query%22%3A%7B%22taxonomy%22%3A%22estandares-recursos%22%2C%22term%22%3A%22recurso-produccion-primaria%22%7D%2C%22sentence%22%3Atrue%2C%22search_in_taxonomy%22%3Atrue%2C%22search_in_taxonomy_source%22%3A%5B%22elementor_library_category%22%2C%22acciones-relacionadas%22%5D%7D,"['Si cumplo', 'No cumplo', 'No cumplo, pero me es factible', 'No aplica a mi sistema productivo']","[673, 818, 963]"
P103,Fundamental,5,Gestión,Viabilidad Económica,Mejorar la productividad y rentabilidad del predio,El predio identifica los principales puntos críticos de su producción y busca mejoras para aumentar su productividad.,Documento de identificación de puntos críticos dentro de la producción.,Archivo,https://ciruelacertificada.cl/?s=P103&jet_ajax_search_settings=%7B%22current_query%22%3A%7B%22taxonomy%22%3A%22estandares-recursos%22%2C%22term%22%3A%22recurso-produccion-primaria%22%7D%2C%22sentence%22%3Atrue%2C%22search_in_taxonomy%22%3Atrue%2C%22search_in_taxonomy_source%22%3A%5B%22elementor_library_category%22%2C%22acciones-relacionadas%22%5D%7D,"['Si cumplo', 'No cumplo', 'No cumplo, pero me es factible', 'No aplica a mi sistema productivo']","[674, 819, 964]"
P104,Fundamental,5,Gestión,Viabilidad Económica,Mejorar la productividad y rentabilidad del predio,"El predio cuenta con un plan de gestión de productividad y rentabilidad, que le permite definir indicadores de gestión y asegurar su viabilidad a largo plazo.",Documento de planificación que contenga los siguientes puntos:  - Presupuesto.  - Proyecciones de ventas.  - Organigrama y descripción de cargos dentro de la empresa.,Archivo,https://ciruelacertificada.cl/?s=P104&jet_ajax_search_settings=%7B%22current_query%22%3A%7B%22taxonomy%22%3A%22estandares-recursos%22%2C%22term%22%3A%22recurso-produccion-primaria%22%7D%2C%22sentence%22%3Atrue%2C%22search_in_taxonomy%22%3Atrue%2C%22search_in_taxonomy_source%22%3A%5B%22elementor_library_category%22%2C%22acciones-relacionadas%22%5D%7D,"['Si cumplo', 'No cumplo', 'No cumplo, pero me es factible', 'No aplica a mi sistema productivo']","[675, 820, 965]"
P105,Fundamental,5,Gestión,Viabilidad Económica,Mejorar la productividad y rentabilidad del predio,En el predio se evalúa la adopción de nuevas prácticas y tecnologías considerando su contribución a la productividad y/o rentabilidad.,"Registro de visitas de asesores/as o registro de visitas a ferias tecnológicas o cotizaciones de tecnologías o servicios. El registro deberá tener como máximo 1 año de antigüedad.  Adicionalmente, se requiere un listado con las inversiones implementadas, indicando la temática a la que corresponde (agua, energía, residuos, etc.).",Archivo,https://ciruelacertificada.cl/?s=P105&jet_ajax_search_settings=%7B%22current_query%22%3A%7B%22taxonomy%22%3A%22estandares-recursos%22%2C%22term%22%3A%22recurso-produccion-primaria%22%7D%2C%22sentence%22%3Atrue%2C%22search_in_taxonomy%22%3Atrue%2C%22search_in_taxonomy_source%22%3A%5B%22elementor_library_category%22%2C%22acciones-relacionadas%22%5D%7D,"['Si cumplo', 'No cumplo', 'No cumplo, pero me es factible', 'No aplica a mi sistema productivo']","[481, 535, 676, 821, 966]"
P106,Intermedio,3,Gestión,Viabilidad Económica,Mejorar la productividad y rentabilidad del predio,"El predio cuenta con un sistema de gestión contable, que considera registros de inventario, control de gastos, ingresos y utilidades derivadas del proceso productivo.",Documentos de registro de los siguientes aspectos:  - Inventario de productos entrantes y salientes.  - Registro contable de la empresa.,Archivo,https://ciruelacertificada.cl/?s=P106&jet_ajax_search_settings=%7B%22current_query%22%3A%7B%22taxonomy%22%3A%22estandares-recursos%22%2C%22term%22%3A%22recurso-produccion-primaria%22%7D%2C%22sentence%22%3Atrue%2C%22search_in_taxonomy%22%3Atrue%2C%22search_in_taxonomy_source%22%3A%5B%22elementor_library_category%22%2C%22acciones-relacionadas%22%5D%7D,"['Si cumplo', 'No cumplo', 'No cumplo, pero me es factible', 'No aplica a mi sistema productivo']","[536, 677, 822, 967]"
P107,Avanzado,4,Gestión,Viabilidad Económica,Mejorar la productividad y rentabilidad del predio,"El predio cuenta con una herramienta de gestión digital, que facilita la implementación de medidas y registros.",Registro de licencia o suscripción a plataforma digital específica para la gestión agrícola.,Archivo,https://ciruelacertificada.cl/?s=P107&jet_ajax_search_settings=%7B%22current_query%22%3A%7B%22taxonomy%22%3A%22estandares-recursos%22%2C%22term%22%3A%22recurso-produccion-primaria%22%7D%2C%22sentence%22%3Atrue%2C%22search_in_taxonomy%22%3Atrue%2C%22search_in_taxonomy_source%22%3A%5B%22elementor_library_category%22%2C%22acciones-relacionadas%22%5D%7D,"['Si cumplo', 'No cumplo', 'No cumplo, pero me es factible', 'No aplica a mi sistema productivo']","[678, 823, 968]"
P108,Avanzado,4,Gestión,Viabilidad Económica,Mejorar la productividad y rentabilidad del predio,El predio cuenta con una persona encargada o una persona que realiza asesoría financiera.,Son válidos alguno de los siguientes documentos:  * Contrato de servicios de una persona que realiza asesorías financieras.  * Descripción de cargos y CV de la persona encargada del área financiera.,Archivo,https://ciruelacertificada.cl/?s=P108&jet_ajax_search_settings=%7B%22current_query%22%3A%7B%22taxonomy%22%3A%22estandares-recursos%22%2C%22term%22%3A%22recurso-produccion-primaria%22%7D%2C%22sentence%22%3Atrue%2C%22search_in_taxonomy%22%3Atrue%2C%22search_in_taxonomy_source%22%3A%5B%22elementor_library_category%22%2C%22acciones-relacionadas%22%5D%7D,"['Si cumplo', 'No cumplo', 'No cumplo, pero me es factible', 'No aplica a mi sistema productivo']","[679, 824, 969]"
P109,Avanzado,4,Gestión,Viabilidad Económica,Mejorar la productividad y rentabilidad del predio,"El predio forma parte de una ""comunidad de práctica"", que le permite realizar una evaluación de cambio tecnológico, en conjunto con otras empresas de la industria a nivel territorial.",Actas de reuniones realizadas con la “comunidad de práctica”.,Archivo,https://ciruelacertificada.cl/?s=P109&jet_ajax_search_settings=%7B%22current_query%22%3A%7B%22taxonomy%22%3A%22estandares-recursos%22%2C%22term%22%3A%22recurso-produccion-primaria%22%7D%2C%22sentence%22%3Atrue%2C%22search_in_taxonomy%22%3Atrue%2C%22search_in_taxonomy_source%22%3A%5B%22elementor_library_category%22%2C%22acciones-relacionadas%22%5D%7D,"['Si cumplo', 'No cumplo', 'No cumplo, pero me es factible', 'No aplica a mi sistema productivo']","[562, 680, 825, 970]"
P110,Intermedio,3,Gestión,Viabilidad Económica,Gestionar el predio para garantizar su viabilidad económica y financiera,"Quienes trabajan como directivos o son tomadores de decisiones, participan en instancias de capacitación que les permite entender de mejor manera, el comportamiento del mercado de ciruelas deshidratadas.","Registro de la ejecución de capacitaciones (lista de asistencia identificando sexo quien participa, tema expuesto, persona que expone, material expuesto, registro fotográfico y certificación entregada) o certificado de participación en instancias de capacitación externa (cursos, seminarios, congresos, etc.). Se verifica que al menos una persona atingente al área, haya recibido esta capacitación.",Foto,https://ciruelacertificada.cl/?s=P110&jet_ajax_search_settings=%7B%22current_query%22%3A%7B%22taxonomy%22%3A%22estandares-recursos%22%2C%22term%22%3A%22recurso-produccion-primaria%22%7D%2C%22sentence%22%3Atrue%2C%22search_in_taxonomy%22%3Atrue%2C%22search_in_taxonomy_source%22%3A%5B%22elementor_library_category%22%2C%22acciones-relacionadas%22%5D%7D,"['Si cumplo', 'No cumplo', 'No cumplo, pero me es factible', 'No aplica a mi sistema productivo']","[556, 681, 826, 971]"
P111,Avanzado,4,Gestión,Viabilidad Económica,Gestionar el predio para garantizar su viabilidad económica y financiera,"El predio desarrolla una visión empresarial y planifica y decide, en base a información robusta de índole económica y financiera.","Registro de planificación estratégica con una vigencia de máximo 5 años, que contenga la siguiente información:  - Diagnóstico que incorpore un FODA.  - Plan de implementación en base a los resultados del FODA, (ventajas competitivas para potenciar fortalezas, evitar debilidades y enfrentar amenazas).",Archivo,https://ciruelacertificada.cl/?s=P111&jet_ajax_search_settings=%7B%22current_query%22%3A%7B%22taxonomy%22%3A%22estandares-recursos%22%2C%22term%22%3A%22recurso-produccion-primaria%22%7D%2C%22sentence%22%3Atrue%2C%22search_in_taxonomy%22%3Atrue%2C%22search_in_taxonomy_source%22%3A%5B%22elementor_library_category%22%2C%22acciones-relacionadas%22%5D%7D,"['Si cumplo', 'No cumplo', 'No cumplo, pero me es factible', 'No aplica a mi sistema productivo']","[682, 827, 972]"
P112,Intermedio,3,Gestión,Viabilidad Económica,"Fomentar que las personas que trabajan en el predio, tengan acceso a la información de productividad y mercado","El predio capacita a su personal sobre estrategias de aumento de la productividad, para que puedan identificar los puntos críticos del proceso y conozcan las herramientas de optimización de la producción.","Registro de la ejecución de capacitaciones (lista de asistencia identificando sexo quien participa, tema expuesto, persona que expone, material expuesto, registro fotográfico y certificación entregada).",Foto,https://ciruelacertificada.cl/?s=P112&jet_ajax_search_settings=%7B%22current_query%22%3A%7B%22taxonomy%22%3A%22estandares-recursos%22%2C%22term%22%3A%22recurso-produccion-primaria%22%7D%2C%22sentence%22%3Atrue%2C%22search_in_taxonomy%22%3Atrue%2C%22search_in_taxonomy_source%22%3A%5B%22elementor_library_category%22%2C%22acciones-relacionadas%22%5D%7D,"['Si cumplo', 'No cumplo', 'No cumplo, pero me es factible', 'No aplica a mi sistema productivo']","[557, 683, 828, 973]"
P113,Avanzado,4,Gestión,Viabilidad Económica,"Fomentar que las personas que trabajan en el predio, tengan acceso a la información de productividad y mercado","El predio capacita sus directivos y tomadores de decisiones en finanzas, costos de producción y gestión del negocio agrícola.","Registro de la ejecución de capacitaciones (lista de asistencia identificando sexo quien participa, tema expuesto, persona que expone, material expuesto, registro fotográfico y certificación entregada) o certificado de participación en instancias de capacitación externa (cursos, seminarios, congresos, etc.). Se verifica que al menos una persona atingente al área, haya recibido esta capacitación.",Foto,https://ciruelacertificada.cl/?s=P113&jet_ajax_search_settings=%7B%22current_query%22%3A%7B%22taxonomy%22%3A%22estandares-recursos%22%2C%22term%22%3A%22recurso-produccion-primaria%22%7D%2C%22sentence%22%3Atrue%2C%22search_in_taxonomy%22%3Atrue%2C%22search_in_taxonomy_source%22%3A%5B%22elementor_library_category%22%2C%22acciones-relacionadas%22%5D%7D,"['Si cumplo', 'No cumplo', 'No cumplo, pero me es factible', 'No aplica a mi sistema productivo']","[558, 684, 829, 974]"
P114,Intermedio,3,Social,Comunidades Locales,Evaluar el impacto generado en las comunidades locales,"El predio identifica los potenciales impactos, positivos o negativos, generados en las comunidades vecinas.","Matriz de mapeo de actores con la identificación de los impactos generados con la siguiente información:  • Nombre de la organización/institución, actor  • Representante o contraparte  • Cargo  • Contacto  • Categoría de actor (empresa, comercio, residentes, servicios locales, etc.).  • Ubicación geográfica en el territorio  • Relaciones predominantes con la empresa  • Nivel de afectación (positiva y negativa) de las operaciones de la empresa.",Archivo,https://ciruelacertificada.cl/?s=P114&jet_ajax_search_settings=%7B%22current_query%22%3A%7B%22taxonomy%22%3A%22estandares-recursos%22%2C%22term%22%3A%22recurso-produccion-primaria%22%7D%2C%22sentence%22%3Atrue%2C%22search_in_taxonomy%22%3Atrue%2C%22search_in_taxonomy_source%22%3A%5B%22elementor_library_category%22%2C%22acciones-relacionadas%22%5D%7D,"['Si cumplo', 'No cumplo', 'No cumplo, pero me es factible', 'No aplica a mi sistema productivo']","[540, 701, 846, 975]"
P115,Avanzado,4,Social,Comunidades Locales,Evaluar el impacto generado en las comunidades locales,El predio aplica medidas de mitigación para los impactos generados.,"Matriz con las medidas de mitigación de los impactos generados que dé cuenta de la siguiente información:  • Efecto  • Acción  • Objetivo (fortalecer, prevenir, mitigar)  • Resultado esperado",Archivo,https://ciruelacertificada.cl/?s=P115&jet_ajax_search_settings=%7B%22current_query%22%3A%7B%22taxonomy%22%3A%22estandares-recursos%22%2C%22term%22%3A%22recurso-produccion-primaria%22%7D%2C%22sentence%22%3Atrue%2C%22search_in_taxonomy%22%3Atrue%2C%22search_in_taxonomy_source%22%3A%5B%22elementor_library_category%22%2C%22acciones-relacionadas%22%5D%7D,"['Si cumplo', 'No cumplo', 'No cumplo, pero me es factible', 'No aplica a mi sistema productivo']","[541, 702, 847, 976]"
P116,Avanzado,4,Social,Comunidades Locales,Contribuir al desarrollo local,"El predio apoya con aportes pecuniarios y no pecuniarios, proyectos o iniciativas que abordan las necesidades y prioridades de la comunidad, con el fin de mejorar la calidad de vida de sus habitantes en temas como: educación, salud, capacitación, saneamiento, problemas ambientales, deporte, infraestructura comunitaria o pública, con acciones de RES u otras.","Son válidos cualquiera de los documentos que se proponen a continuación.  - Portafolio de evidencia de las actividades realizadas, ej. proyectos realizados, imágenes, registros de convenios, canales de comunicación, minutas.  - Documentos que evidencien el tipo de iniciativa, la fecha, la ubicación, los montos y/o las horas profesionales invertidas.",Archivo,https://ciruelacertificada.cl/?s=P116&jet_ajax_search_settings=%7B%22current_query%22%3A%7B%22taxonomy%22%3A%22estandares-recursos%22%2C%22term%22%3A%22recurso-produccion-primaria%22%7D%2C%22sentence%22%3Atrue%2C%22search_in_taxonomy%22%3Atrue%2C%22search_in_taxonomy_source%22%3A%5B%22elementor_library_category%22%2C%22acciones-relacionadas%22%5D%7D,"['Si cumplo', 'No cumplo', 'No cumplo, pero me es factible', 'No aplica a mi sistema productivo']","[543, 703, 848, 977]"
P117,Fundamental,5,Social,Comunidades Locales,Contribuir a la economía local,"El predio contribuye a la economía local, comprando los bienes y servicios, que no son claves para la producción, a personas o empresas locales a nivel provincial. Por ejemplo: materiales de oficina, productos de aseo, alimentación, vestimenta, etc.",Son válidos algunos de los siguientes documentos:  - Registro de documento tributario que acredite compras a empresas locales.  - Existencia de contratos de compra con proveedores locales.,Archivo,https://ciruelacertificada.cl/?s=P117&jet_ajax_search_settings=%7B%22current_query%22%3A%7B%22taxonomy%22%3A%22estandares-recursos%22%2C%22term%22%3A%22recurso-produccion-primaria%22%7D%2C%22sentence%22%3Atrue%2C%22search_in_taxonomy%22%3Atrue%2C%22search_in_taxonomy_source%22%3A%5B%22elementor_library_category%22%2C%22acciones-relacionadas%22%5D%7D,"['Si cumplo', 'No cumplo', 'No cumplo, pero me es factible', 'No aplica a mi sistema productivo']","[704, 849, 978]"
P118,Básico,2,Social,Comunidades Locales,Contribuir a la economía local,"El predio promueve la contratación de personas, mediante la difusión de ofertas laborales a los habitantes de la misma provincia, ya sea trabajo temporal o permanente.",Son válidos algunos de los siguientes documentos:  - Registro de contratos laborales.  - Registro de ofertas laborales en la OMIL local.,Archivo,https://ciruelacertificada.cl/?s=P118&jet_ajax_search_settings=%7B%22current_query%22%3A%7B%22taxonomy%22%3A%22estandares-recursos%22%2C%22term%22%3A%22recurso-produccion-primaria%22%7D%2C%22sentence%22%3Atrue%2C%22search_in_taxonomy%22%3Atrue%2C%22search_in_taxonomy_source%22%3A%5B%22elementor_library_category%22%2C%22acciones-relacionadas%22%5D%7D,"['Si cumplo', 'No cumplo', 'No cumplo, pero me es factible', 'No aplica a mi sistema productivo']","[544, 705, 850, 979]"
P119,Avanzado,4,Social,Comunidades Locales,Contribuir a la economía local,"El predio cuenta con, al menos, un 90% del personal contratado (de manera permanente) de la misma provincia.",Registro de contratos identificando a personas de la provincia.,Archivo,https://ciruelacertificada.cl/?s=P119&jet_ajax_search_settings=%7B%22current_query%22%3A%7B%22taxonomy%22%3A%22estandares-recursos%22%2C%22term%22%3A%22recurso-produccion-primaria%22%7D%2C%22sentence%22%3Atrue%2C%22search_in_taxonomy%22%3Atrue%2C%22search_in_taxonomy_source%22%3A%5B%22elementor_library_category%22%2C%22acciones-relacionadas%22%5D%7D,"['Si cumplo', 'No cumplo', 'No cumplo, pero me es factible', 'No aplica a mi sistema productivo']","[706, 851, 980]"
P120,Fundamental,5,Social,Comunidades Locales,Mantener un sistema de comunicación efectivo con la comunidad,"El predio cuenta con canales de comunicación efectivos para informar a las comunidades locales, sobre la faena que podría impactar positiva o negativamente en el entorno o territorio, y otras actividades que se quieran comunicar.","Portafolio que registre los canales de comunicación con la comunidad, por ejemplo: acta de reuniones con la JJVV, anuncios en radios locales, publicaciones en el diario mural de la junta de vecinos, mensajes de WhatsApp, etc.",Archivo,https://ciruelacertificada.cl/?s=P120&jet_ajax_search_settings=%7B%22current_query%22%3A%7B%22taxonomy%22%3A%22estandares-recursos%22%2C%22term%22%3A%22recurso-produccion-primaria%22%7D%2C%22sentence%22%3Atrue%2C%22search_in_taxonomy%22%3Atrue%2C%22search_in_taxonomy_source%22%3A%5B%22elementor_library_category%22%2C%22acciones-relacionadas%22%5D%7D,"['Si cumplo', 'No cumplo', 'No cumplo, pero me es factible', 'No aplica a mi sistema productivo']","[545, 707, 852, 981]"
P121,Intermedio,3,Social,Comunidades Locales,Mantener un sistema de comunicación efectivo con la comunidad,"El predio dispone de un mecanismo de gestión de reclamos y sugerencias, a disposición de las comunidades locales, y además, mantiene un registro de las mismas y de cómo se han abordado.","Registros del libro de reclamos y sugerencias, además de las soluciones implementadas:  * Nombre  * Fecha  * Correo electrónico  * Teléfono  * Reclamo o sugerencia  * Encargado de gestionar  * Resolución.  * Fecha resolución",Bitácora,https://ciruelacertificada.cl/?s=P121&jet_ajax_search_settings=%7B%22current_query%22%3A%7B%22taxonomy%22%3A%22estandares-recursos%22%2C%22term%22%3A%22recurso-produccion-primaria%22%7D%2C%22sentence%22%3Atrue%2C%22search_in_taxonomy%22%3Atrue%2C%22search_in_taxonomy_source%22%3A%5B%22elementor_library_category%22%2C%22acciones-relacionadas%22%5D%7D,"['Si cumplo', 'No cumplo', 'No cumplo, pero me es factible', 'No aplica a mi sistema productivo']","[542, 708, 853, 982]"
P122,Avanzado,4,Social,Comunidades Locales,Mantener un sistema de comunicación efectivo con la comunidad,"El predio cuenta con una persona responsable de coordinar, planificar y ejecutar proyectos de relacionamiento comunitario.","Son válidos alguno de los siguientes documentos:  - Identificación de la persona encargada o responsable, a través del organigrama o la descripción de cargos.  - Convenio con la institución que realiza los trabajos comunitarios.",Archivo,https://ciruelacertificada.cl/?s=P122&jet_ajax_search_settings=%7B%22current_query%22%3A%7B%22taxonomy%22%3A%22estandares-recursos%22%2C%22term%22%3A%22recurso-produccion-primaria%22%7D%2C%22sentence%22%3Atrue%2C%22search_in_taxonomy%22%3Atrue%2C%22search_in_taxonomy_source%22%3A%5B%22elementor_library_category%22%2C%22acciones-relacionadas%22%5D%7D,"['Si cumplo', 'No cumplo', 'No cumplo, pero me es factible', 'No aplica a mi sistema productivo']","[709, 854, 983]"
P123,Fundamental,5,Social,Condiciones de Trabajo y Protección Social,Disponer de instalaciones adecuadas y seguras para las personas que trabajan en el predio,"El predio provee a quienes trabajan en él, acceso a agua potable suficiente y segura, destinada al consumo humano.",Inspección visual de las instalaciones o dispositivos dispensadores de agua potable.,Foto,https://ciruelacertificada.cl/?s=P123&jet_ajax_search_settings=%7B%22current_query%22%3A%7B%22taxonomy%22%3A%22estandares-recursos%22%2C%22term%22%3A%22recurso-produccion-primaria%22%7D%2C%22sentence%22%3Atrue%2C%22search_in_taxonomy%22%3Atrue%2C%22search_in_taxonomy_source%22%3A%5B%22elementor_library_category%22%2C%22acciones-relacionadas%22%5D%7D,"['Si cumplo', 'No cumplo', 'No cumplo, pero me es factible', 'No aplica a mi sistema productivo']","[685, 830, 984]"
P124,Intermedio,3,Social,Condiciones de Trabajo y Protección Social,Disponer de instalaciones adecuadas y seguras para las personas que trabajan en el predio,"El predio proporciona a quienes trabajan en él, instalaciones que cuenten con las siguientes características.  - Servicios higiénicos de uso individual o colectivo.  - Espacios de protección del sol y la lluvia.  - Instalaciones para cambiarse de ropa y las prendas exteriores de protección.  - Comedor o casino.  - Áreas designadas para el descanso y las pausas.","Inspección visual de los servicios higiénicos, espacios de protección para el sol, camarines, comedor o casino y áreas de descanso.  En el caso de empresas de menor tamaño (AFC) que subcontraten los servicios durante la temporada, estas deben entregar todos los registros antes mencionados.",Foto,https://ciruelacertificada.cl/?s=P124&jet_ajax_search_settings=%7B%22current_query%22%3A%7B%22taxonomy%22%3A%22estandares-recursos%22%2C%22term%22%3A%22recurso-produccion-primaria%22%7D%2C%22sentence%22%3Atrue%2C%22search_in_taxonomy%22%3Atrue%2C%22search_in_taxonomy_source%22%3A%5B%22elementor_library_category%22%2C%22acciones-relacionadas%22%5D%7D,"['Si cumplo', 'No cumplo', 'No cumplo, pero me es factible', 'No aplica a mi sistema productivo']","[686, 831, 985]"
P125,Intermedio,3,Social,Condiciones de Trabajo y Protección Social,Disponer de instalaciones adecuadas y seguras para las personas que trabajan en el predio,"El predio se asegura de que las personas y familias que viven de manera permanente o temporal en sus dependencias, cuenten con alojamiento seguro y limpio.","Inspección visual de alojamientos que cuenten como mínimo, con agua, electricidad, instalaciones sanitarias, ventilación, pisos secos y lavables, temperaturas adecuadas y control de plagas.",Foto,https://ciruelacertificada.cl/?s=P125&jet_ajax_search_settings=%7B%22current_query%22%3A%7B%22taxonomy%22%3A%22estandares-recursos%22%2C%22term%22%3A%22recurso-produccion-primaria%22%7D%2C%22sentence%22%3Atrue%2C%22search_in_taxonomy%22%3Atrue%2C%22search_in_taxonomy_source%22%3A%5B%22elementor_library_category%22%2C%22acciones-relacionadas%22%5D%7D,"['Si cumplo', 'No cumplo', 'No cumplo, pero me es factible', 'No aplica a mi sistema productivo']","[687, 832, 986]"
P126,Fundamental,5,Social,Condiciones de Trabajo y Protección Social,Velar y garantizar la salud y seguridad de las personas que trabajan en el predio,El predio mantiene un registro mensual de la gestión de la seguridad de las personas que trabajan en él.,"Registro actualizado de manera mensual con al menos, la siguiente información.  * Número mensual diferenciado por sexo.  * Número mensual de incidentes y accidentes.  * Número mensual de casos con enfermedades profesionales.  * Total mensual de días perdidos.  * Tasa de accidentabilidad.  * Licencias médicas.  En el caso de empresas de menor tamaño (AFC) que subcontraten los servicios durante la temporada, estas deben entregar todos los registros antes mencionados.",Bitácora,https://ciruelacertificada.cl/?s=P126&jet_ajax_search_settings=%7B%22current_query%22%3A%7B%22taxonomy%22%3A%22estandares-recursos%22%2C%22term%22%3A%22recurso-produccion-primaria%22%7D%2C%22sentence%22%3Atrue%2C%22search_in_taxonomy%22%3Atrue%2C%22search_in_taxonomy_source%22%3A%5B%22elementor_library_category%22%2C%22acciones-relacionadas%22%5D%7D,"['Si cumplo', 'No cumplo', 'No cumplo, pero me es factible', 'No aplica a mi sistema productivo']","[538, 688, 833, 987]"
P127,Fundamental,5,Social,Condiciones de Trabajo y Protección Social,Velar y garantizar la salud y seguridad de las personas que trabajan en el predio,"El predio cuenta con un protocolo en caso de emergencia (sismos, incendios, fuga de gases, otros) o accidentes laborales. Los detalles del protocolo están claramente exhibidos en lugares accesibles y visibles.",Inspección visual de señalética con protocolo de emergencias o accidentes que contiene la siguiente información.  - Teléfonos y contactos de emergencia.  - Medidas básicas de primeros auxilios.  - Mapas de ubicaciones de extintores y botiquines.  - Vías de evacuación.  - Zonas de seguridad dentro del predio.,Foto,https://ciruelacertificada.cl/?s=P127&jet_ajax_search_settings=%7B%22current_query%22%3A%7B%22taxonomy%22%3A%22estandares-recursos%22%2C%22term%22%3A%22recurso-produccion-primaria%22%7D%2C%22sentence%22%3Atrue%2C%22search_in_taxonomy%22%3Atrue%2C%22search_in_taxonomy_source%22%3A%5B%22elementor_library_category%22%2C%22acciones-relacionadas%22%5D%7D,"['Si cumplo', 'No cumplo', 'No cumplo, pero me es factible', 'No aplica a mi sistema productivo']","[566, 567, 568, 569, 570, 571, 689, 834, 988]"
P128,Básico,2,Social,Condiciones de Trabajo y Protección Social,Velar y garantizar la salud y seguridad de las personas que trabajan en el predio,El predio cuenta con una persona a cargo del programa de prevención de riesgos (prevencionista de riesgos) o un convenio con una mutual que desarrolle esta labor.,Contrato con profesional prevencionista o convenio con la Mutual de seguridad.,Archivo,https://ciruelacertificada.cl/?s=P128&jet_ajax_search_settings=%7B%22current_query%22%3A%7B%22taxonomy%22%3A%22estandares-recursos%22%2C%22term%22%3A%22recurso-produccion-primaria%22%7D%2C%22sentence%22%3Atrue%2C%22search_in_taxonomy%22%3Atrue%2C%22search_in_taxonomy_source%22%3A%5B%22elementor_library_category%22%2C%22acciones-relacionadas%22%5D%7D,"['Si cumplo', 'No cumplo', 'No cumplo, pero me es factible', 'No aplica a mi sistema productivo']","[690, 835, 989]"
P129,Básico,2,Social,Condiciones de Trabajo y Protección Social,Velar y garantizar la salud y seguridad de las personas que trabajan en el predio,"En el predio, las tareas peligrosas, incluida la aplicación o manipulación de agroquímicos de alta toxicidad, se llevan a cabo únicamente por personal calificado y personas debidamente capacitadas.","Credencial de aplicadores de plaguicidas capacitados, entregado por el SAG  En el caso de que esta labor la realice una empresa externa, debe existir un respaldo (copia) del certificado del aplicador/a.",Archivo,https://ciruelacertificada.cl/?s=P129&jet_ajax_search_settings=%7B%22current_query%22%3A%7B%22taxonomy%22%3A%22estandares-recursos%22%2C%22term%22%3A%22recurso-produccion-primaria%22%7D%2C%22sentence%22%3Atrue%2C%22search_in_taxonomy%22%3Atrue%2C%22search_in_taxonomy_source%22%3A%5B%22elementor_library_category%22%2C%22acciones-relacionadas%22%5D%7D,"['Si cumplo', 'No cumplo', 'No cumplo, pero me es factible', 'No aplica a mi sistema productivo']","[691, 836, 990]"
P130,Básico,2,Social,Condiciones de Trabajo y Protección Social,Velar y garantizar la salud y seguridad de las personas que trabajan en el predio,"El predio proporciona a quienes manipulan sustancias tóxicas, realizan tareas peligrosas o aplican pesticidas, los equipos de protección personal (EPP) correspondientes.",Registro de entrega de EPP firmados y actualizados con la siguiente información:  * Fecha.  * Nombre,Bitácora,https://ciruelacertificada.cl/?s=P130&jet_ajax_search_settings=%7B%22current_query%22%3A%7B%22taxonomy%22%3A%22estandares-recursos%22%2C%22term%22%3A%22recurso-produccion-primaria%22%7D%2C%22sentence%22%3Atrue%2C%22search_in_taxonomy%22%3Atrue%2C%22search_in_taxonomy_source%22%3A%5B%22elementor_library_category%22%2C%22acciones-relacionadas%22%5D%7D,"['Si cumplo', 'No cumplo', 'No cumplo, pero me es factible', 'No aplica a mi sistema productivo']","[539, 692, 837, 991]"
P131,Intermedio,3,Social,Condiciones de Trabajo y Protección Social,Velar y garantizar la salud y seguridad de las personas que trabajan en el predio,El predio implementa un programa de gestión de riesgos para quienes trabajan en él.,"Documento con el programa de prevención de riesgos que contemple los siguientes aspectos:  o Identificación y evaluación de riesgos.  o Medidas preventivas y de protección.  o Vigilancia de la salud.  o Investigación de accidentes e incidentes.  En el caso de empresas de menor tamaño (AFC) que subcontraten los servicios durante la temporada, estas deben entregar todos los registros antes mencionados.",Archivo,https://ciruelacertificada.cl/?s=P131&jet_ajax_search_settings=%7B%22current_query%22%3A%7B%22taxonomy%22%3A%22estandares-recursos%22%2C%22term%22%3A%22recurso-produccion-primaria%22%7D%2C%22sentence%22%3Atrue%2C%22search_in_taxonomy%22%3Atrue%2C%22search_in_taxonomy_source%22%3A%5B%22elementor_library_category%22%2C%22acciones-relacionadas%22%5D%7D,"['Si cumplo', 'No cumplo', 'No cumplo, pero me es factible', 'No aplica a mi sistema productivo']","[537, 693, 838, 992]"
P132,Avanzado,4,Social,Condiciones de Trabajo y Protección Social,Velar y garantizar la salud y seguridad de las personas que trabajan en el predio,"El predio somete a exámenes médicos, al menos una vez al año, a quienes normalmente estén expuestos a labores que puedan generar un riesgo para su salud (ruido, sustancias tóxicas, entre otros) y entrega los resultados a cada uno.","Registro de que las personas que manejan productos agroquímicos, cuentan con exámenes médicos vigentes (al menos un año). Por ejemplo: control de sangre preventivo, examen de colinesterasa, examen general (mutual).  En el caso de empresas de menor tamaño (AFC) que subcontraten los servicios durante la temporada, estas deben entregar todos los registros antes mencionados.",Archivo,https://ciruelacertificada.cl/?s=P132&jet_ajax_search_settings=%7B%22current_query%22%3A%7B%22taxonomy%22%3A%22estandares-recursos%22%2C%22term%22%3A%22recurso-produccion-primaria%22%7D%2C%22sentence%22%3Atrue%2C%22search_in_taxonomy%22%3Atrue%2C%22search_in_taxonomy_source%22%3A%5B%22elementor_library_category%22%2C%22acciones-relacionadas%22%5D%7D,"['Si cumplo', 'No cumplo', 'No cumplo, pero me es factible', 'No aplica a mi sistema productivo']","[694, 839, 993]"
P133,Fundamental,5,Social,Condiciones de Trabajo y Protección Social,Velar por el bienestar social y laboral de las personas que trabajan en el predio,"El predio no discrimina por raza, color, religión, género, nacionalidad, tendencia política, etc.",Documento con el Reglamento interno de la planta.  Lista de trabajadores/as identificados por sexo.,Archivo,https://ciruelacertificada.cl/?s=P133&jet_ajax_search_settings=%7B%22current_query%22%3A%7B%22taxonomy%22%3A%22estandares-recursos%22%2C%22term%22%3A%22recurso-produccion-primaria%22%7D%2C%22sentence%22%3Atrue%2C%22search_in_taxonomy%22%3Atrue%2C%22search_in_taxonomy_source%22%3A%5B%22elementor_library_category%22%2C%22acciones-relacionadas%22%5D%7D,"['Si cumplo', 'No cumplo', 'No cumplo, pero me es factible', 'No aplica a mi sistema productivo']","[695, 840, 994]"
P134,Intermedio,3,Social,Condiciones de Trabajo y Protección Social,Velar por el bienestar social y laboral de las personas que trabajan en el predio,"El predio capacita a su personal sobre cómo desempeñar las labores asociadas a su trabajo, buscando la eficiencia en su desempeño.","Registro de la ejecución de capacitaciones (lista de asistencia identificando sexo quien participa, tema expuesto, persona que expone, material expuesto, registro fotográfico y certificación entregada).",Foto,https://ciruelacertificada.cl/?s=P134&jet_ajax_search_settings=%7B%22current_query%22%3A%7B%22taxonomy%22%3A%22estandares-recursos%22%2C%22term%22%3A%22recurso-produccion-primaria%22%7D%2C%22sentence%22%3Atrue%2C%22search_in_taxonomy%22%3Atrue%2C%22search_in_taxonomy_source%22%3A%5B%22elementor_library_category%22%2C%22acciones-relacionadas%22%5D%7D,"['Si cumplo', 'No cumplo', 'No cumplo, pero me es factible', 'No aplica a mi sistema productivo']","[559, 696, 841, 995]"
P135,Avanzado,4,Social,Condiciones de Trabajo y Protección Social,Velar por el bienestar social y laboral de las personas que trabajan en el predio,El predio cuenta con un programa para promover estilos de vida saludables y prevenir dependencias a drogas y alcohol.,"Portafolio de evidencia que respalde la existencia del programa con listado de potenciales instituciones u organizaciones de apoyo, públicas o privadas.",Archivo,https://ciruelacertificada.cl/?s=P135&jet_ajax_search_settings=%7B%22current_query%22%3A%7B%22taxonomy%22%3A%22estandares-recursos%22%2C%22term%22%3A%22recurso-produccion-primaria%22%7D%2C%22sentence%22%3Atrue%2C%22search_in_taxonomy%22%3Atrue%2C%22search_in_taxonomy_source%22%3A%5B%22elementor_library_category%22%2C%22acciones-relacionadas%22%5D%7D,"['Si cumplo', 'No cumplo', 'No cumplo, pero me es factible', 'No aplica a mi sistema productivo']","[697, 842, 996]"
P136,Básico,2,Social,Condiciones de Trabajo y Protección Social,Respetar los derechos laborales de las personas que trabajan en el predio,El predio se asegura de que su personal conozca sus derechos y obligaciones relacionados con la situación contractual con la empresa y las leyes laborales vigentes.,"Son válidos los siguientes documentos.  - Registro de información entregada al personal a través de correos electrónicos, folletos, publicaciones en diarios murales y/o registros de capacitaciones asociadas al tema.  - Registro de entrega del Reglamento interno.  - Registro de inducciones o documento con instrucciones respecto al puesto de trabajo.  En el caso de empresas de menor tamaño (AFC) que subcontraten los servicios durante la temporada, estas deben entregar todos los registros antes mencionados.",Archivo,https://ciruelacertificada.cl/?s=P136&jet_ajax_search_settings=%7B%22current_query%22%3A%7B%22taxonomy%22%3A%22estandares-recursos%22%2C%22term%22%3A%22recurso-produccion-primaria%22%7D%2C%22sentence%22%3Atrue%2C%22search_in_taxonomy%22%3Atrue%2C%22search_in_taxonomy_source%22%3A%5B%22elementor_library_category%22%2C%22acciones-relacionadas%22%5D%7D,"['Si cumplo', 'No cumplo', 'No cumplo, pero me es factible', 'No aplica a mi sistema productivo']","[698, 843, 997]"
P137,Básico,2,Social,Condiciones de Trabajo y Protección Social,Respetar los derechos laborales de las personas que trabajan en el predio,El predio respeta y adhiere a las leyes aplicables a los derechos laborales de su personal.,"Política o procedimiento de contratación del predio que indique lo siguiente:  - No supera el máximo de horas diarias y semanales permitidas.  - No supera el máximo de horas extras permitidas.  - Provee de pausas diarias para el almuerzo y el descanso.  - Otorga tiempo libre pagado por vacaciones y licencia por enfermedad.  - Posibilita la desvinculación voluntaria en casos específicos.  - Emplea prácticas de pago transparentes y justas.  En el caso de empresas de menor tamaño (AFC) que subcontraten los servicios durante la temporada, estas deben entregar todos los registros antes mencionados.",Archivo,https://ciruelacertificada.cl/?s=P137&jet_ajax_search_settings=%7B%22current_query%22%3A%7B%22taxonomy%22%3A%22estandares-recursos%22%2C%22term%22%3A%22recurso-produccion-primaria%22%7D%2C%22sentence%22%3Atrue%2C%22search_in_taxonomy%22%3Atrue%2C%22search_in_taxonomy_source%22%3A%5B%22elementor_library_category%22%2C%22acciones-relacionadas%22%5D%7D,"['Si cumplo', 'No cumplo', 'No cumplo, pero me es factible', 'No aplica a mi sistema productivo']","[699, 844, 998]"
P138,Intermedio,3,Social,Condiciones de Trabajo y Protección Social,Respetar los derechos laborales de las personas que trabajan en el predio,"El predio promueve la equidad de género en su política de contrataciones, evidenciando que no existe solicitud específica de género en sus ofertas laborales.","Son válidos los siguientes documentos de validación.  - Política o procedimientos de contratación.  - Registro de ofertas laborales del último año en las que se evidencie que no se solicita que la persona a contratar, pertenezca a un género específico.",Archivo,https://ciruelacertificada.cl/?s=P138&jet_ajax_search_settings=%7B%22current_query%22%3A%7B%22taxonomy%22%3A%22estandares-recursos%22%2C%22term%22%3A%22recurso-produccion-primaria%22%7D%2C%22sentence%22%3Atrue%2C%22search_in_taxonomy%22%3Atrue%2C%22search_in_taxonomy_source%22%3A%5B%22elementor_library_category%22%2C%22acciones-relacionadas%22%5D%7D,"['Si cumplo', 'No cumplo', 'No cumplo, pero me es factible', 'No aplica a mi sistema productivo']","[700, 845, 999]"
P139,Fundamental,5,Ética,Debida Diligencia de la Legislación,"Asegurar la debida diligencia de todas las leyes, reglamentaciones, certificaciones aplicables para la industria, tanto a nivel nacional como de los mercados de destino a nivel internacional",Las personas que trabajan en el predio han sido capacitadas y conocen la legislación aplicable a sus labores.,"Registro de la ejecución de capacitaciones (lista de asistencia identificando sexo quien participa, tema expuesto, persona que expone, material expuesto, registro fotográfico y certificación entregada).",Foto,https://ciruelacertificada.cl/?s=P139&jet_ajax_search_settings=%7B%22current_query%22%3A%7B%22taxonomy%22%3A%22estandares-recursos%22%2C%22term%22%3A%22recurso-produccion-primaria%22%7D%2C%22sentence%22%3Atrue%2C%22search_in_taxonomy%22%3Atrue%2C%22search_in_taxonomy_source%22%3A%5B%22elementor_library_category%22%2C%22acciones-relacionadas%22%5D%7D,"['Si cumplo', 'No cumplo', 'No cumplo, pero me es factible', 'No aplica a mi sistema productivo']","[560, 710, 855, 1000]"
P140,Básico,2,Ética,Debida Diligencia de la Legislación,"Asegurar la debida diligencia de todas las leyes, reglamentaciones, certificaciones aplicables para la industria, tanto a nivel nacional como de los mercados de destino a nivel internacional","El predio guarda los registros que acrediten el cumplimiento de las diferentes legislaciones o certificaciones, durante un plazo de al menos 5 años.",Inspección visual de documentos de registro archivados o documentos digitales almacenados.,Archivo,https://ciruelacertificada.cl/?s=P140&jet_ajax_search_settings=%7B%22current_query%22%3A%7B%22taxonomy%22%3A%22estandares-recursos%22%2C%22term%22%3A%22recurso-produccion-primaria%22%7D%2C%22sentence%22%3Atrue%2C%22search_in_taxonomy%22%3Atrue%2C%22search_in_taxonomy_source%22%3A%5B%22elementor_library_category%22%2C%22acciones-relacionadas%22%5D%7D,"['Si cumplo', 'No cumplo', 'No cumplo, pero me es factible', 'No aplica a mi sistema productivo']","[711, 856, 1001]"
P141,Básico,2,Ética,Debida Diligencia de la Legislación,"Asegurar la debida diligencia de todas las leyes, reglamentaciones, certificaciones aplicables para la industria, tanto a nivel nacional como de los mercados de destino a nivel internacional","El predio demuestra un título o contrato de uso de tierra claro en conformidad con las prácticas, uso de suelo y legislaciones nacionales.",Son válidos los siguientes documentos de validación.  - Escritura de propiedad que verifique el uso de suelo.  - Copia de instrumentos de ordenamiento territorial que verifiquen uso de suelo.,Archivo,https://ciruelacertificada.cl/?s=P141&jet_ajax_search_settings=%7B%22current_query%22%3A%7B%22taxonomy%22%3A%22estandares-recursos%22%2C%22term%22%3A%22recurso-produccion-primaria%22%7D%2C%22sentence%22%3Atrue%2C%22search_in_taxonomy%22%3Atrue%2C%22search_in_taxonomy_source%22%3A%5B%22elementor_library_category%22%2C%22acciones-relacionadas%22%5D%7D,"['Si cumplo', 'No cumplo', 'No cumplo, pero me es factible', 'No aplica a mi sistema productivo']","[712, 857, 1002]"
P142,Básico,2,Ética,Debida Diligencia de la Legislación,"Asegurar la debida diligencia de todas las leyes, reglamentaciones, certificaciones aplicables para la industria, tanto a nivel nacional como de los mercados de destino a nivel internacional",El predio posee Derechos de Aprovechamiento de Aguas inscritos en conformidad con las legislaciones nacionales.,Son válidos los siguientes documentos de validación.  - Registro en el Conservador de Bienes Raíces (CBR).  - Catastro Público de Aguas de la DGA.  - Comprobante de acciones de aguas.,Archivo,https://ciruelacertificada.cl/?s=P142&jet_ajax_search_settings=%7B%22current_query%22%3A%7B%22taxonomy%22%3A%22estandares-recursos%22%2C%22term%22%3A%22recurso-produccion-primaria%22%7D%2C%22sentence%22%3Atrue%2C%22search_in_taxonomy%22%3Atrue%2C%22search_in_taxonomy_source%22%3A%5B%22elementor_library_category%22%2C%22acciones-relacionadas%22%5D%7D,"['Si cumplo', 'No cumplo', 'No cumplo, pero me es factible', 'No aplica a mi sistema productivo']","[713, 858, 1003]"
P143,Avanzado,4,Ética,Debida Diligencia de la Legislación,"Asegurar la debida diligencia de todas las leyes, reglamentaciones, certificaciones aplicables para la industria, tanto a nivel nacional como de los mercados de destino a nivel internacional","El predio identifica las legislaciones relacionadas con las obligaciones prioritarias para la empresa, a través de una matriz de riesgos.","Matriz con listado de normativas aplicables para la planta que incluya la siguiente información:  * Tipo de documento (ley, resolución, decreto, norma, etc.) y entidad o Ministerio.  * Identificación de normativas prioritarias.  * Acciones requeridas para verificar y asegurar su cumplimiento.  Adicionalmente, se debe mantener al menos una copia de las normativas prioritarias, ya sea como documento impreso y/o registro digital.",Archivo,https://ciruelacertificada.cl/?s=P143&jet_ajax_search_settings=%7B%22current_query%22%3A%7B%22taxonomy%22%3A%22estandares-recursos%22%2C%22term%22%3A%22recurso-produccion-primaria%22%7D%2C%22sentence%22%3Atrue%2C%22search_in_taxonomy%22%3Atrue%2C%22search_in_taxonomy_source%22%3A%5B%22elementor_library_category%22%2C%22acciones-relacionadas%22%5D%7D,"['Si cumplo', 'No cumplo', 'No cumplo, pero me es factible', 'No aplica a mi sistema productivo']","[546, 714, 859, 1004]"
P144,Avanzado,4,Ética,Debida Diligencia de la Legislación,"Asegurar la debida diligencia de todas las leyes, reglamentaciones, certificaciones aplicables para la industria, tanto a nivel nacional como de los mercados de destino a nivel internacional",El predio mantiene un diálogo permanente con las instituciones asociadas a las entidades legisladoras a nivel territorial o regional.,Son válidos los siguientes documentos:  - Actas de reuniones realizadas a través de la Ley de Lobby.  - Actas de reuniones con entidades legisladoras.,Archivo,https://ciruelacertificada.cl/?s=P144&jet_ajax_search_settings=%7B%22current_query%22%3A%7B%22taxonomy%22%3A%22estandares-recursos%22%2C%22term%22%3A%22recurso-produccion-primaria%22%7D%2C%22sentence%22%3Atrue%2C%22search_in_taxonomy%22%3Atrue%2C%22search_in_taxonomy_source%22%3A%5B%22elementor_library_category%22%2C%22acciones-relacionadas%22%5D%7D,"['Si cumplo', 'No cumplo', 'No cumplo, pero me es factible', 'No aplica a mi sistema productivo']","[563, 715, 860, 1005]"
P145,Avanzado,4,Ética,Debida Diligencia de la Legislación,"Asegurar la debida diligencia de todas las leyes, reglamentaciones, certificaciones aplicables para la industria, tanto a nivel nacional como de los mercados de destino a nivel internacional",La empresa realiza un autodiagnóstico de conducta empresarial responsable y debida diligencia en derechos humanos.,Autodiagnóstico ejecutado con alguna de las herramientas de autoevaluación de debida diligencia de derechos humanos.,Archivo,https://ciruelacertificada.cl/?s=P145&jet_ajax_search_settings=%7B%22current_query%22%3A%7B%22taxonomy%22%3A%22estandares-recursos%22%2C%22term%22%3A%22recurso-produccion-primaria%22%7D%2C%22sentence%22%3Atrue%2C%22search_in_taxonomy%22%3Atrue%2C%22search_in_taxonomy_source%22%3A%5B%22elementor_library_category%22%2C%22acciones-relacionadas%22%5D%7D,"['Si cumplo', 'No cumplo', 'No cumplo, pero me es factible', 'No aplica a mi sistema productivo']","[716, 861, 1006]"
