standard_code,level,points,dimension,theme,good_practice,action,verification_detail,verification_medium,link,valid_answers,linked_resources
A001,Fundamental,5,Ambiente,Agua,Gestionar los recursos hídricos en la planta,"La planta registra mensualmente el consumo de agua en las plantas, especificando la fuente de abastecimiento y su uso.","Registro de consumo de agua mensual con la siguiente información: - Fuente de abastecimiento disponible (canal, pozo, suministro de agua potable, red aljibe, etc.). - Consumo mensual por de cada fuente (m3). - Tipo de uso dentro de la línea de proceso de cada una de las fuentes.",Bitácora,https://ciruelacertificada.cl/?s=A001&jet_ajax_search_settings=%7B%22current_query%22%3A%7B%22taxonomy%22%3A%22estandares-recursos%22%2C%22term%22%3A%22recurso-adecuacion-agroindustrial%22%7D%2C%22sentence%22%3Atrue%2C%22search_in_taxonomy%22%3Atrue%2C%22search_in_taxonomy_source%22%3A%5B%22elementor_library_category%22%2C%22acciones-relacionadas%22%5D%7D,"['Si cumplo', 'No cumplo', 'No cumplo, pero me es factible', 'No aplica a mi sistema productivo']","[68, 203, 338, 475]"
A002,Básico,2,Ambiente,Agua,Gestionar los recursos hídricos en la planta,"La planta capacita a las personas tomadoras de decisiones en el ámbito hídrico, abordando estrategias para la gestión eficiente del recurso.","Registro de ejecución de capacitaciones (lista de asistencia identificando sexo de quien participa, tema expuesto, persona que expone, material expuesto, registro fotográfico y certificación entregada) o certificado de participación en instancias de capacitación externa (cursos, seminarios, congresos, etc.). Se verifica que al menos una persona atingente al área, haya recibido esta capacitación.",Foto,https://ciruelacertificada.cl/?s=A002&jet_ajax_search_settings=%7B%22current_query%22%3A%7B%22taxonomy%22%3A%22estandares-recursos%22%2C%22term%22%3A%22recurso-adecuacion-agroindustrial%22%7D%2C%22sentence%22%3Atrue%2C%22search_in_taxonomy%22%3Atrue%2C%22search_in_taxonomy_source%22%3A%5B%22elementor_library_category%22%2C%22acciones-relacionadas%22%5D%7D,"['Si cumplo', 'No cumplo', 'No cumplo, pero me es factible', 'No aplica a mi sistema productivo']","[42, 69, 204, 339]"
A003,Básico,2,Ambiente,Agua,Gestionar los recursos hídricos en la planta,"La planta cuenta con un mapa o plano con la ubicación de las fuentes de aprovisionamiento de agua dentro de la explotación y la estructura hídrica, asociada a las diferentes fases de la producción (secado, tiernizado, despepitado, etc.).","Mapa o plano de fuentes de agua e infraestructura hídrica, ya sea digital o en papel.",Foto,https://ciruelacertificada.cl/?s=A003&jet_ajax_search_settings=%7B%22current_query%22%3A%7B%22taxonomy%22%3A%22estandares-recursos%22%2C%22term%22%3A%22recurso-adecuacion-agroindustrial%22%7D%2C%22sentence%22%3Atrue%2C%22search_in_taxonomy%22%3Atrue%2C%22search_in_taxonomy_source%22%3A%5B%22elementor_library_category%22%2C%22acciones-relacionadas%22%5D%7D,"['Si cumplo', 'No cumplo', 'No cumplo, pero me es factible', 'No aplica a mi sistema productivo']","[70, 205, 340]"
A004,Básico,2,Ambiente,Agua,Gestionar los recursos hídricos en la planta,"La planta capacita a las personas que ejecuten acciones asociadas al ámbito hídrico, abordando acciones operativas que permitan la gestión eficiente del recurso.","Registro de ejecución de capacitaciones (lista de asistencia identificando sexo de quien participa, tema expuesto, persona que expone, material expuesto, registro fotográfico y certificación entregada). Se verifica que al menos una persona atingente al área, haya recibido esta capacitación.",Foto,https://ciruelacertificada.cl/?s=A004&jet_ajax_search_settings=%7B%22current_query%22%3A%7B%22taxonomy%22%3A%22estandares-recursos%22%2C%22term%22%3A%22recurso-adecuacion-agroindustrial%22%7D%2C%22sentence%22%3Atrue%2C%22search_in_taxonomy%22%3Atrue%2C%22search_in_taxonomy_source%22%3A%5B%22elementor_library_category%22%2C%22acciones-relacionadas%22%5D%7D,"['Si cumplo', 'No cumplo', 'No cumplo, pero me es factible', 'No aplica a mi sistema productivo']","[43, 71, 206, 341]"
A005,Avanzado,4,Ambiente,Agua,Gestionar los recursos hídricos en la planta,La planta cuenta con un documento que define un plan de gestión del recurso hídrico.,Plan de gestión del recurso hídrico que considere los siguientes indicadores: - Un indicador de eficiencia del uso del agua utilizada (litros de agua/kg ciruela seca). - Una meta de eficiencia del uso del agua en base al indicador propuesto en el punto anterior. - Una propuesta de un porcentaje de reducción del uso del agua (en caso de que no se cumpla con la meta de eficiencia).,Archivo,https://ciruelacertificada.cl/?s=A005&jet_ajax_search_settings=%7B%22current_query%22%3A%7B%22taxonomy%22%3A%22estandares-recursos%22%2C%22term%22%3A%22recurso-adecuacion-agroindustrial%22%7D%2C%22sentence%22%3Atrue%2C%22search_in_taxonomy%22%3Atrue%2C%22search_in_taxonomy_source%22%3A%5B%22elementor_library_category%22%2C%22acciones-relacionadas%22%5D%7D,"['Si cumplo', 'No cumplo', 'No cumplo, pero me es factible', 'No aplica a mi sistema productivo']","[1, 72, 207, 342]"
A006,Avanzado,4,Ambiente,Agua,Gestionar los recursos hídricos en la planta,La planta mide la huella de agua corporativa que usa en actividades propias.,Documento que evidencie la medición de huella hídrica en base a la metodología de la norma ISO 14.046.,Archivo,https://ciruelacertificada.cl/?s=A006&jet_ajax_search_settings=%7B%22current_query%22%3A%7B%22taxonomy%22%3A%22estandares-recursos%22%2C%22term%22%3A%22recurso-adecuacion-agroindustrial%22%7D%2C%22sentence%22%3Atrue%2C%22search_in_taxonomy%22%3Atrue%2C%22search_in_taxonomy_source%22%3A%5B%22elementor_library_category%22%2C%22acciones-relacionadas%22%5D%7D,"['Si cumplo', 'No cumplo', 'No cumplo, pero me es factible', 'No aplica a mi sistema productivo']","[73, 208, 343]"
A007,Básico,2,Ambiente,Agua,Minimizar las pérdidas de agua en la planta,"La planta cuenta con señalética orientada al ahorro de agua en lugares críticos (servicios higiénicos y de alimentación, zona de lavado de equipos y maquinarias).","Inspección visual de señaléticas de ahorro de agua en servicios higiénicos y de alimentación, zona de lavado de equipos y maquinarias.",Foto,https://ciruelacertificada.cl/?s=A007&jet_ajax_search_settings=%7B%22current_query%22%3A%7B%22taxonomy%22%3A%22estandares-recursos%22%2C%22term%22%3A%22recurso-adecuacion-agroindustrial%22%7D%2C%22sentence%22%3Atrue%2C%22search_in_taxonomy%22%3Atrue%2C%22search_in_taxonomy_source%22%3A%5B%22elementor_library_category%22%2C%22acciones-relacionadas%22%5D%7D,"['Si cumplo', 'No cumplo', 'No cumplo, pero me es factible', 'No aplica a mi sistema productivo']","[0, 74, 209, 344]"
A008,Básico,2,Ambiente,Agua,Minimizar las pérdidas de agua en la planta,"La planta realiza revisiones periódicas, mantenciones y reparaciones de la infraestructura hídrica, para controlar las fugas de agua.","Check list o registro de mantención de la infraestructura con los siguientes datos: * Tipo de evento. * Fecha de ejecución. * Equipo o infraestructura. * Detalle de labores. * Empresa y/o responsable. En el caso de que las mantenciones las realice una empresa externa, esta debe entregar un comprobante o informe que certifique las acciones realizadas estén en función de lo solicitado.",Bitácora,https://ciruelacertificada.cl/?s=A008&jet_ajax_search_settings=%7B%22current_query%22%3A%7B%22taxonomy%22%3A%22estandares-recursos%22%2C%22term%22%3A%22recurso-adecuacion-agroindustrial%22%7D%2C%22sentence%22%3Atrue%2C%22search_in_taxonomy%22%3Atrue%2C%22search_in_taxonomy_source%22%3A%5B%22elementor_library_category%22%2C%22acciones-relacionadas%22%5D%7D,"['Si cumplo', 'No cumplo', 'No cumplo, pero me es factible', 'No aplica a mi sistema productivo']","[2, 75, 210, 345]"
A009,Básico,2,Ambiente,Agua,Minimizar las pérdidas de agua en la planta,La planta monitorea regularmente las fugas o roturas dentro de su infraestructura hídrica.,Check list o calendarización de monitoreo de comprobación de fugas con la siguiente información. * Tipo de evento. * Fecha de ejecución. * Equipo o infraestructura. * Detalle de labores. * Empresa y/o responsable.,Bitácora,https://ciruelacertificada.cl/?s=A009&jet_ajax_search_settings=%7B%22current_query%22%3A%7B%22taxonomy%22%3A%22estandares-recursos%22%2C%22term%22%3A%22recurso-adecuacion-agroindustrial%22%7D%2C%22sentence%22%3Atrue%2C%22search_in_taxonomy%22%3Atrue%2C%22search_in_taxonomy_source%22%3A%5B%22elementor_library_category%22%2C%22acciones-relacionadas%22%5D%7D,"['Si cumplo', 'No cumplo', 'No cumplo, pero me es factible', 'No aplica a mi sistema productivo']","[3, 76, 211, 346]"
A010,Intermedio,3,Ambiente,Agua,Minimizar las pérdidas de agua en la planta,La planta implementa sistemas automáticos de corte de agua en todas las mangueras utilizadas para la limpieza de pisos y en los lavamanos.,"Inspección visual de mangueras y lavamanos, observando sistemas de corte automático.",Foto,https://ciruelacertificada.cl/?s=A010&jet_ajax_search_settings=%7B%22current_query%22%3A%7B%22taxonomy%22%3A%22estandares-recursos%22%2C%22term%22%3A%22recurso-adecuacion-agroindustrial%22%7D%2C%22sentence%22%3Atrue%2C%22search_in_taxonomy%22%3Atrue%2C%22search_in_taxonomy_source%22%3A%5B%22elementor_library_category%22%2C%22acciones-relacionadas%22%5D%7D,"['Si cumplo', 'No cumplo', 'No cumplo, pero me es factible', 'No aplica a mi sistema productivo']","[77, 212, 347]"
A011,Intermedio,3,Ambiente,Agua,Minimizar las pérdidas de agua en la planta,La planta promueve el ahorro de agua en los protocolos de lavado o limpieza de materia prima.,Protocolo o procedimiento de limpieza de materia prima.,Archivo,https://ciruelacertificada.cl/?s=A011&jet_ajax_search_settings=%7B%22current_query%22%3A%7B%22taxonomy%22%3A%22estandares-recursos%22%2C%22term%22%3A%22recurso-adecuacion-agroindustrial%22%7D%2C%22sentence%22%3Atrue%2C%22search_in_taxonomy%22%3Atrue%2C%22search_in_taxonomy_source%22%3A%5B%22elementor_library_category%22%2C%22acciones-relacionadas%22%5D%7D,"['Si cumplo', 'No cumplo', 'No cumplo, pero me es factible', 'No aplica a mi sistema productivo']","[78, 213, 348]"
A012,Intermedio,3,Ambiente,Agua,Minimizar las pérdidas de agua en la planta,"La planta privilegia las prácticas como raspado y barrido antes de lavar los suelos, usando mangueras de alta presión o reutilizando aguas de preparación de alimentos.",Protocolo o procedimiento de limpieza de suelos.,Foto,https://ciruelacertificada.cl/?s=A012&jet_ajax_search_settings=%7B%22current_query%22%3A%7B%22taxonomy%22%3A%22estandares-recursos%22%2C%22term%22%3A%22recurso-adecuacion-agroindustrial%22%7D%2C%22sentence%22%3Atrue%2C%22search_in_taxonomy%22%3Atrue%2C%22search_in_taxonomy_source%22%3A%5B%22elementor_library_category%22%2C%22acciones-relacionadas%22%5D%7D,"['Si cumplo', 'No cumplo', 'No cumplo, pero me es factible', 'No aplica a mi sistema productivo']","[79, 214, 349]"
A013,Avanzado,4,Ambiente,Agua,Reutilizar el agua dentro de la planta,"La planta implementa técnicas de recirculación y reutilización de aguas, ya sea para el uso en planta, para riego (áreas verdes o cultivos asociados) o para reincorporar el recurso a los cursos de agua preexistentes.","Inspección visual de la zona de tratado y posterior recirculación de aguas dentro de la planta. En el caso de que esta acción la realice una empresa externa, debe existir un comprobante detallado de los procedimientos utilizados y el destino del agua reutilizada.",Foto,https://ciruelacertificada.cl/?s=A013&jet_ajax_search_settings=%7B%22current_query%22%3A%7B%22taxonomy%22%3A%22estandares-recursos%22%2C%22term%22%3A%22recurso-adecuacion-agroindustrial%22%7D%2C%22sentence%22%3Atrue%2C%22search_in_taxonomy%22%3Atrue%2C%22search_in_taxonomy_source%22%3A%5B%22elementor_library_category%22%2C%22acciones-relacionadas%22%5D%7D,"['Si cumplo', 'No cumplo', 'No cumplo, pero me es factible', 'No aplica a mi sistema productivo']","[80, 215, 350]"
A014,Básico,2,Ambiente,Agua,Minimizar los riesgos de contaminación de aguas,La planta cuenta con fuentes y cursos de agua libres de residuos sólidos domiciliarios y agrícolas.,Inspección visual de fuentes y cursos de agua limpios.,Foto,https://ciruelacertificada.cl/?s=A014&jet_ajax_search_settings=%7B%22current_query%22%3A%7B%22taxonomy%22%3A%22estandares-recursos%22%2C%22term%22%3A%22recurso-adecuacion-agroindustrial%22%7D%2C%22sentence%22%3Atrue%2C%22search_in_taxonomy%22%3Atrue%2C%22search_in_taxonomy_source%22%3A%5B%22elementor_library_category%22%2C%22acciones-relacionadas%22%5D%7D,"['Si cumplo', 'No cumplo', 'No cumplo, pero me es factible', 'No aplica a mi sistema productivo']","[81, 216, 351]"
A015,Intermedio,3,Ambiente,Agua,Minimizar los riesgos de contaminación de aguas,"La planta cuenta con un espacio específico para el lavado de equipos móviles, ej. Bins, alejado de las fuentes o cursos de agua.",Inspección visual de existencia de zona de lavado de equipos que no esté en contacto con el suelo y con vías de evacuación de aguas de lavado.,Foto,https://ciruelacertificada.cl/?s=A015&jet_ajax_search_settings=%7B%22current_query%22%3A%7B%22taxonomy%22%3A%22estandares-recursos%22%2C%22term%22%3A%22recurso-adecuacion-agroindustrial%22%7D%2C%22sentence%22%3Atrue%2C%22search_in_taxonomy%22%3Atrue%2C%22search_in_taxonomy_source%22%3A%5B%22elementor_library_category%22%2C%22acciones-relacionadas%22%5D%7D,"['Si cumplo', 'No cumplo', 'No cumplo, pero me es factible', 'No aplica a mi sistema productivo']","[82, 217, 352]"
A016,Intermedio,3,Ambiente,Agua,Monitorear y asegurar la calidad del agua utilizada en la planta,"La planta realiza análisis periódicos a las aguas residuales provenientes de instalaciones de procesamiento, previo a que estas sean desechadas o reutilizadas.",Informe de análisis físico-químicos y microbiológicos actualizados periódicamente.,Archivo,https://ciruelacertificada.cl/?s=A016&jet_ajax_search_settings=%7B%22current_query%22%3A%7B%22taxonomy%22%3A%22estandares-recursos%22%2C%22term%22%3A%22recurso-adecuacion-agroindustrial%22%7D%2C%22sentence%22%3Atrue%2C%22search_in_taxonomy%22%3Atrue%2C%22search_in_taxonomy_source%22%3A%5B%22elementor_library_category%22%2C%22acciones-relacionadas%22%5D%7D,"['Si cumplo', 'No cumplo', 'No cumplo, pero me es factible', 'No aplica a mi sistema productivo']","[83, 218, 353]"
A017,Avanzado,4,Ambiente,Agua,Monitorear y asegurar la calidad del agua utilizada en la planta,La planta realiza análisis periódicos para evaluar la calidad química y biológica de las fuentes de alimentación de agua.,"Informe de análisis físico-químicos y microbiológicos, actualizados periódicamente según NCH409.",Archivo,https://ciruelacertificada.cl/?s=A017&jet_ajax_search_settings=%7B%22current_query%22%3A%7B%22taxonomy%22%3A%22estandares-recursos%22%2C%22term%22%3A%22recurso-adecuacion-agroindustrial%22%7D%2C%22sentence%22%3Atrue%2C%22search_in_taxonomy%22%3Atrue%2C%22search_in_taxonomy_source%22%3A%5B%22elementor_library_category%22%2C%22acciones-relacionadas%22%5D%7D,"['Si cumplo', 'No cumplo', 'No cumplo, pero me es factible', 'No aplica a mi sistema productivo']","[84, 219, 354]"
A018,Avanzado,4,Ambiente,Biodiversidad,Establecer un ordenamiento territorial y línea base,"La planta cuenta con un diagnóstico donde se identifica la biodiversidad existente y las áreas de alto valor ecológico, dentro de su propiedad.","Diagnóstico de la biodiversidad con los siguientes puntos: - Mapa con identificación de áreas en la explotación con alto valor ecológico (ej. lagos, estanques y cursos de agua, corredores de vida silvestre, humedales, pastizales ricos en especies, etc.). - Catastro de la biodiversidad existente en el lugar, por ejemplo: principales especies presentes en el entorno (aves, mamíferos, árboles, insectos, hongos, arbustos, etc.) - Registro fotográfico con georreferenciación del estado inicial de las zonas de vegetación natural de conectividad, márgenes y límites de los campos, zonas de amortiguamiento ribereño y áreas de conservación con vegetación nativa.",Archivo,https://ciruelacertificada.cl/?s=A018&jet_ajax_search_settings=%7B%22current_query%22%3A%7B%22taxonomy%22%3A%22estandares-recursos%22%2C%22term%22%3A%22recurso-adecuacion-agroindustrial%22%7D%2C%22sentence%22%3Atrue%2C%22search_in_taxonomy%22%3Atrue%2C%22search_in_taxonomy_source%22%3A%5B%22elementor_library_category%22%2C%22acciones-relacionadas%22%5D%7D,"['Si cumplo', 'No cumplo', 'No cumplo, pero me es factible', 'No aplica a mi sistema productivo']","[11, 85, 220, 355]"
A019,Avanzado,4,Ambiente,Biodiversidad,Establecer un ordenamiento territorial y línea base,"La planta cuenta con un plan para la gestión de la biodiversidad que propone medidas de conservación, utilizando información rescatada en el diagnóstico realizado previamente. Este plan es evaluado y actualizado cada 5 años.","Plan de gestión con protocolos para la implementación de las siguientes medidas: - Línea base de sitios de interés. - Priorización y definición de objetivos de conservación. - Medidas de conectividad, restauración y rehabilitación. - Medidas de manejo y control de especies exóticas. - Plan de ordenamiento predial. Dicho documento debe tener una fecha de elaboración inferior a 5 años.",Archivo,https://ciruelacertificada.cl/?s=A019&jet_ajax_search_settings=%7B%22current_query%22%3A%7B%22taxonomy%22%3A%22estandares-recursos%22%2C%22term%22%3A%22recurso-adecuacion-agroindustrial%22%7D%2C%22sentence%22%3Atrue%2C%22search_in_taxonomy%22%3Atrue%2C%22search_in_taxonomy_source%22%3A%5B%22elementor_library_category%22%2C%22acciones-relacionadas%22%5D%7D,"['Si cumplo', 'No cumplo', 'No cumplo, pero me es factible', 'No aplica a mi sistema productivo']","[12, 86, 221, 356]"
A020,Avanzado,4,Ambiente,Biodiversidad,"Fomentar la participación en acciones para la protección y conservación de ecosistemas, hábitat o especies","La planta capacita a quienes trabajan permanentemente en la empresa, sobre el plan de gestión de la biodiversidad propuesto, generando un listado de acciones a tomar para potenciar la biodiversidad.","Registro de ejecución de capacitaciones (lista de asistencia identificando sexo de quien participa, tema expuesto, persona que expone, material expuesto, registro fotográfico y certificación entregada). Se verifica que al menos una persona atingente al área, haya recibido esta capacitación.",Foto,https://ciruelacertificada.cl/?s=A020&jet_ajax_search_settings=%7B%22current_query%22%3A%7B%22taxonomy%22%3A%22estandares-recursos%22%2C%22term%22%3A%22recurso-adecuacion-agroindustrial%22%7D%2C%22sentence%22%3Atrue%2C%22search_in_taxonomy%22%3Atrue%2C%22search_in_taxonomy_source%22%3A%5B%22elementor_library_category%22%2C%22acciones-relacionadas%22%5D%7D,"['Si cumplo', 'No cumplo', 'No cumplo, pero me es factible', 'No aplica a mi sistema productivo']","[44, 87, 222, 357]"
A021,Avanzado,4,Ambiente,Biodiversidad,"Fomentar la participación en acciones para la protección y conservación de ecosistemas, hábitat o especies","La planta mantiene un diálogo permanente con las empresas relacionadas al rubro en el territorio, con el objetivo de implementar en conjunto, medidas de conservación y mitigación que les permitan tener un plan de gestión de manera asociativa.",Actas de reuniones de mesas de trabajo con empresas en el territorio.,Archivo,https://ciruelacertificada.cl/?s=A021&jet_ajax_search_settings=%7B%22current_query%22%3A%7B%22taxonomy%22%3A%22estandares-recursos%22%2C%22term%22%3A%22recurso-adecuacion-agroindustrial%22%7D%2C%22sentence%22%3Atrue%2C%22search_in_taxonomy%22%3Atrue%2C%22search_in_taxonomy_source%22%3A%5B%22elementor_library_category%22%2C%22acciones-relacionadas%22%5D%7D,"['Si cumplo', 'No cumplo', 'No cumplo, pero me es factible', 'No aplica a mi sistema productivo']","[56, 88, 223, 358]"
A022,Básico,2,Ambiente,Biodiversidad,"Implementar sistemas, programas o acciones para el manejo, protección y mantención de ecosistemas, especies y hábitats","La planta mantiene la conectividad entre la vegetación natural, potenciando su complejidad estructural, a través de cercos vivos, corredores biológicos, franjas ribereñas, entre otras.",Inspección visual de la existencia de vegetación natural de conectividad.,Archivo,https://ciruelacertificada.cl/?s=A022&jet_ajax_search_settings=%7B%22current_query%22%3A%7B%22taxonomy%22%3A%22estandares-recursos%22%2C%22term%22%3A%22recurso-adecuacion-agroindustrial%22%7D%2C%22sentence%22%3Atrue%2C%22search_in_taxonomy%22%3Atrue%2C%22search_in_taxonomy_source%22%3A%5B%22elementor_library_category%22%2C%22acciones-relacionadas%22%5D%7D,"['Si cumplo', 'No cumplo', 'No cumplo, pero me es factible', 'No aplica a mi sistema productivo']","[89, 224, 359]"
A023,Básico,2,Ambiente,Biodiversidad,"Implementar sistemas, programas o acciones para el manejo, protección y mantención de ecosistemas, especies y hábitats","La planta protege las zonas de amortiguamiento ribereño (dentro de su propiedad), en el caso de encontrarse a menos de 50 metros de un cuerpo de agua o ecosistema acuático.","Inspección visual de los márgenes ribereños o franjas de amortiguación, los que deben ser mayores a 5 m en cursos de agua y mayores a 10 m en manantiales y cuerpos de agua.",Foto,https://ciruelacertificada.cl/?s=A023&jet_ajax_search_settings=%7B%22current_query%22%3A%7B%22taxonomy%22%3A%22estandares-recursos%22%2C%22term%22%3A%22recurso-adecuacion-agroindustrial%22%7D%2C%22sentence%22%3Atrue%2C%22search_in_taxonomy%22%3Atrue%2C%22search_in_taxonomy_source%22%3A%5B%22elementor_library_category%22%2C%22acciones-relacionadas%22%5D%7D,"['Si cumplo', 'No cumplo', 'No cumplo, pero me es factible', 'No aplica a mi sistema productivo']","[90, 225, 360]"
A024,Intermedio,3,Ambiente,Biodiversidad,"Implementar sistemas, programas o acciones para el manejo, protección y mantención de ecosistemas, especies y hábitats","La planta identifica y monitorea las especies exóticas invasoras, en base al listado descrito en el diagnóstico.",Registro de monitoreo de especies exóticas invasoras con la siguiente información: - Fecha del hallazgo. - Nombre de la especie. - Ubicación. - N° de individuos visualizados. - Daño provocado. - Medidas de mitigación.,Bitácora,https://ciruelacertificada.cl/?s=A024&jet_ajax_search_settings=%7B%22current_query%22%3A%7B%22taxonomy%22%3A%22estandares-recursos%22%2C%22term%22%3A%22recurso-adecuacion-agroindustrial%22%7D%2C%22sentence%22%3Atrue%2C%22search_in_taxonomy%22%3Atrue%2C%22search_in_taxonomy_source%22%3A%5B%22elementor_library_category%22%2C%22acciones-relacionadas%22%5D%7D,"['Si cumplo', 'No cumplo', 'No cumplo, pero me es factible', 'No aplica a mi sistema productivo']","[13, 91, 226, 361]"
A025,Intermedio,3,Ambiente,Biodiversidad,"Implementar sistemas, programas o acciones para el manejo, protección y mantención de ecosistemas, especies y hábitats",La planta mantiene áreas de conservación con vegetación nativa en zonas productivas.,Son válidos los siguientes documentos: * Mapa que identifique zonas con vegetación nativa. * Registro del comparativo de las fotografías de estado inicial con respecto a la situación actual.,Foto,https://ciruelacertificada.cl/?s=A025&jet_ajax_search_settings=%7B%22current_query%22%3A%7B%22taxonomy%22%3A%22estandares-recursos%22%2C%22term%22%3A%22recurso-adecuacion-agroindustrial%22%7D%2C%22sentence%22%3Atrue%2C%22search_in_taxonomy%22%3Atrue%2C%22search_in_taxonomy_source%22%3A%5B%22elementor_library_category%22%2C%22acciones-relacionadas%22%5D%7D,"['Si cumplo', 'No cumplo', 'No cumplo, pero me es factible', 'No aplica a mi sistema productivo']","[92, 227, 362]"
A026,Intermedio,3,Ambiente,Biodiversidad,"Implementar sistemas, programas o acciones para el manejo, protección y mantención de ecosistemas, especies y hábitats",La planta implementa medidas para proteger especies de fauna silvestre.,"Inspección visual de señalética con medidas de protección de la fauna silvestre respecto a: - No cazar, matar, pescar o recolectar animales con prohibición según la legislación. - No retener la vida silvestre en cautiverio. - No realizar labores de limpieza de zanjas o poda de corta vientos en época de anidación de aves. - Limitar el libre movimiento de animales domésticos en áreas de producción. - Protocolo de acción en el caso de encontrar una especie nativa herida.",Foto,https://ciruelacertificada.cl/?s=A026&jet_ajax_search_settings=%7B%22current_query%22%3A%7B%22taxonomy%22%3A%22estandares-recursos%22%2C%22term%22%3A%22recurso-adecuacion-agroindustrial%22%7D%2C%22sentence%22%3Atrue%2C%22search_in_taxonomy%22%3Atrue%2C%22search_in_taxonomy_source%22%3A%5B%22elementor_library_category%22%2C%22acciones-relacionadas%22%5D%7D,"['Si cumplo', 'No cumplo', 'No cumplo, pero me es factible', 'No aplica a mi sistema productivo']","[7, 8, 9, 10, 93, 228, 363]"
A027,Intermedio,3,Ambiente,Biodiversidad,"Implementar sistemas, programas o acciones para el manejo, protección y mantención de ecosistemas, especies y hábitats","La planta implementa procedimientos de reforestación o replantación, en caso de ser requerida la remoción de árboles dentro de la misma explotación. Esta reforestación debe realizarse con especies nativas de bajo requerimiento hídrico.",Protocolo de reforestación que incluya medidas de cuidado de árboles reforestados.,Archivo,https://ciruelacertificada.cl/?s=A027&jet_ajax_search_settings=%7B%22current_query%22%3A%7B%22taxonomy%22%3A%22estandares-recursos%22%2C%22term%22%3A%22recurso-adecuacion-agroindustrial%22%7D%2C%22sentence%22%3Atrue%2C%22search_in_taxonomy%22%3Atrue%2C%22search_in_taxonomy_source%22%3A%5B%22elementor_library_category%22%2C%22acciones-relacionadas%22%5D%7D,"['Si cumplo', 'No cumplo', 'No cumplo, pero me es factible', 'No aplica a mi sistema productivo']","[94, 229, 364]"
A028,Fundamental,5,Ambiente,Insumos,Controlar la calidad de insumos y materias primas,La planta implementa procesos de control de calidad a la fruta utilizada en el proceso de elaboración de la ciruela deshidratada.,"Registros de control de calidad a la ciruela precosecha, durante el secado (en cancha) y al ingreso a la planta, midiendo los siguientes parámetros: - Grados brix, firmeza y porcentaje de color. - Diámetro. - Humedad de la fruta (sólo fruta seca). - Identificación de daños.",Bitácora,https://ciruelacertificada.cl/?s=A028&jet_ajax_search_settings=%7B%22current_query%22%3A%7B%22taxonomy%22%3A%22estandares-recursos%22%2C%22term%22%3A%22recurso-adecuacion-agroindustrial%22%7D%2C%22sentence%22%3Atrue%2C%22search_in_taxonomy%22%3Atrue%2C%22search_in_taxonomy_source%22%3A%5B%22elementor_library_category%22%2C%22acciones-relacionadas%22%5D%7D,"['Si cumplo', 'No cumplo', 'No cumplo, pero me es factible', 'No aplica a mi sistema productivo']","[95, 230, 365]"
A029,Fundamental,5,Ambiente,Insumos,Controlar la calidad de insumos y materias primas,La planta implementa procesos de control de calidad a todos los insumos y materias primas utilizadas dentro del proceso.,"Registro de recepción de materias primas verificando el cumplimiento de las especificaciones técnicas: - En el caso de envases y embalajes: medidas, colores, tipo de material, gramaje. - En el caso de ingredientes: condiciones microbiológicas.",Bitácora,https://ciruelacertificada.cl/?s=A029&jet_ajax_search_settings=%7B%22current_query%22%3A%7B%22taxonomy%22%3A%22estandares-recursos%22%2C%22term%22%3A%22recurso-adecuacion-agroindustrial%22%7D%2C%22sentence%22%3Atrue%2C%22search_in_taxonomy%22%3Atrue%2C%22search_in_taxonomy_source%22%3A%5B%22elementor_library_category%22%2C%22acciones-relacionadas%22%5D%7D,"['Si cumplo', 'No cumplo', 'No cumplo, pero me es factible', 'No aplica a mi sistema productivo']","[96, 231, 366]"
A030,Básico,2,Ambiente,Insumos,Controlar la calidad de insumos y materias primas,"La planta solicita a sus empresas proveedoras de insumos de envase y embalaje, que realice controles de calidad de sus productos.",Documento que dé cuenta de al menos uno de los siguientes registros: - Registro de auditorías a proveedores. - Registro de certificaciones al día de proveedores.,Archivo,https://ciruelacertificada.cl/?s=A030&jet_ajax_search_settings=%7B%22current_query%22%3A%7B%22taxonomy%22%3A%22estandares-recursos%22%2C%22term%22%3A%22recurso-adecuacion-agroindustrial%22%7D%2C%22sentence%22%3Atrue%2C%22search_in_taxonomy%22%3Atrue%2C%22search_in_taxonomy_source%22%3A%5B%22elementor_library_category%22%2C%22acciones-relacionadas%22%5D%7D,"['Si cumplo', 'No cumplo', 'No cumplo, pero me es factible', 'No aplica a mi sistema productivo']","[97, 232, 367]"
A031,Básico,2,Ambiente,Insumos,Controlar la calidad de insumos y materias primas,"La planta solicita a sus empresas proveedoras de ingredientes que son adicionados al producto (sorbato de potasio o aceites), que realicen controles de calidad a sus productos.",Documento que dé cuenta de al menos uno de los siguientes registros: - Registro de certificaciones al día de proveedores. - Copia de la resolución sanitaria de la empresa proveedora o implementación de HACCP.,Archivo,https://ciruelacertificada.cl/?s=A031&jet_ajax_search_settings=%7B%22current_query%22%3A%7B%22taxonomy%22%3A%22estandares-recursos%22%2C%22term%22%3A%22recurso-adecuacion-agroindustrial%22%7D%2C%22sentence%22%3Atrue%2C%22search_in_taxonomy%22%3Atrue%2C%22search_in_taxonomy_source%22%3A%5B%22elementor_library_category%22%2C%22acciones-relacionadas%22%5D%7D,"['Si cumplo', 'No cumplo', 'No cumplo, pero me es factible', 'No aplica a mi sistema productivo']","[98, 233, 368]"
A032,Intermedio,3,Ambiente,Insumos,Controlar la calidad de insumos y materias primas,"La planta cuenta con protocolo de limpieza y se asegura de que los materiales que son reutilizados (bandejas de madera para secado, bins, carros de metal para bandejas, cajas de cartón y perimetrales), sean limpiados, reparados y revisados para su reingreso a producción.","Protocolo de limpieza, revisión y reparación de materiales.",,https://ciruelacertificada.cl/?s=A032&jet_ajax_search_settings=%7B%22current_query%22%3A%7B%22taxonomy%22%3A%22estandares-recursos%22%2C%22term%22%3A%22recurso-adecuacion-agroindustrial%22%7D%2C%22sentence%22%3Atrue%2C%22search_in_taxonomy%22%3Atrue%2C%22search_in_taxonomy_source%22%3A%5B%22elementor_library_category%22%2C%22acciones-relacionadas%22%5D%7D,"['Si cumplo', 'No cumplo', 'No cumplo, pero me es factible', 'No aplica a mi sistema productivo']","[99, 234, 369]"
A033,Básico,2,Ambiente,Insumos,Respetar los niveles máximos residuales,"La planta respeta los niveles máximos de sorbato de potasio u otro insumo utilizado durante el proceso de secado o tiernizado, respetando los límites establecidos y en base a los requerimientos de los mercados de destino.","Registro de aplicación de productos en planta (sorbato de potasio y aceites vegetales), identificando los siguientes puntos: - Producto y su trazabilidad (lote). - Fase de la producción. - Fecha de aplicación. - Dosis aplicada.",Bitácora,https://ciruelacertificada.cl/?s=A033&jet_ajax_search_settings=%7B%22current_query%22%3A%7B%22taxonomy%22%3A%22estandares-recursos%22%2C%22term%22%3A%22recurso-adecuacion-agroindustrial%22%7D%2C%22sentence%22%3Atrue%2C%22search_in_taxonomy%22%3Atrue%2C%22search_in_taxonomy_source%22%3A%5B%22elementor_library_category%22%2C%22acciones-relacionadas%22%5D%7D,"['Si cumplo', 'No cumplo', 'No cumplo, pero me es factible', 'No aplica a mi sistema productivo']","[100, 235, 370, 511]"
A034,Fundamental,5,Ambiente,Insumos,Utilizar empaques sustentables,"La planta evalúa la factibilidad técnica y económica de utilizar envases reciclables o reutilizables, de acuerdo a una evaluación previa de sus productos o procesos, en busca de la mejora continua en aspectos de sustentabilidad.","Estudio de pre factibilidad. (La empresa externa que lo realice, debe entregar un informe que certifique las acciones realizadas para desarrollar lo solicitado).",Archivo,https://ciruelacertificada.cl/?s=A034&jet_ajax_search_settings=%7B%22current_query%22%3A%7B%22taxonomy%22%3A%22estandares-recursos%22%2C%22term%22%3A%22recurso-adecuacion-agroindustrial%22%7D%2C%22sentence%22%3Atrue%2C%22search_in_taxonomy%22%3Atrue%2C%22search_in_taxonomy_source%22%3A%5B%22elementor_library_category%22%2C%22acciones-relacionadas%22%5D%7D,"['Si cumplo', 'No cumplo', 'No cumplo, pero me es factible', 'No aplica a mi sistema productivo']","[101, 236, 371]"
A035,Avanzado,4,Ambiente,Insumos,Utilizar empaques sustentables,"La planta utiliza, en los empaques que no están en contacto directo con el producto, materiales reutilizables o reciclables. Dichos empaques poseen, al menos, una de las siguientes características: - Material reciclable. - Material reutilizable. - Material reciclado post consumidor. -Material biodegradable. -Material compostable.","Ficha técnica del insumo según especificaciones técnicas entregadas por el proveedor (Gramaje, % de insumos reciclables y tipo de material).",Archivo,https://ciruelacertificada.cl/?s=A035&jet_ajax_search_settings=%7B%22current_query%22%3A%7B%22taxonomy%22%3A%22estandares-recursos%22%2C%22term%22%3A%22recurso-adecuacion-agroindustrial%22%7D%2C%22sentence%22%3Atrue%2C%22search_in_taxonomy%22%3Atrue%2C%22search_in_taxonomy_source%22%3A%5B%22elementor_library_category%22%2C%22acciones-relacionadas%22%5D%7D,"['Si cumplo', 'No cumplo', 'No cumplo, pero me es factible', 'No aplica a mi sistema productivo']","[102, 237, 372]"
A036,Avanzado,4,Ambiente,Insumos,Utilizar empaques sustentables,"La planta utiliza, en los empaques que estén en contacto directo con el producto, materiales reutilizables o reciclables. Dichos empaques poseen, al menos, una de las siguientes características: - Material reciclable. - Material reutilizable. - Material reciclado post consumidor. -Material biodegradable. -Material compostable.","Ficha técnica del insumo según especificaciones técnicas entregadas por el proveedor (Gramaje, % de insumos reciclables y tipo de material).",Archivo,https://ciruelacertificada.cl/?s=A036&jet_ajax_search_settings=%7B%22current_query%22%3A%7B%22taxonomy%22%3A%22estandares-recursos%22%2C%22term%22%3A%22recurso-adecuacion-agroindustrial%22%7D%2C%22sentence%22%3Atrue%2C%22search_in_taxonomy%22%3Atrue%2C%22search_in_taxonomy_source%22%3A%5B%22elementor_library_category%22%2C%22acciones-relacionadas%22%5D%7D,"['Si cumplo', 'No cumplo', 'No cumplo, pero me es factible', 'No aplica a mi sistema productivo']","[103, 238, 373]"
A037,Fundamental,5,Ambiente,Residuos,Contar con un plan de manejo de residuos,La planta identifica los residuos sólidos generados y las posibles fuentes de contaminación.,"Registro actualizado que contiene la siguiente información: - Identificación del tipo de residuo o agente contaminante. - Identificación de la cantidad producida mensualmente. - Identificación de los residuos peligrosos. - Ubicación dentro de la planta. - Destino del residuo (reciclaje, reúso, eliminación, etc.).",Bitácora,https://ciruelacertificada.cl/?s=A037&jet_ajax_search_settings=%7B%22current_query%22%3A%7B%22taxonomy%22%3A%22estandares-recursos%22%2C%22term%22%3A%22recurso-adecuacion-agroindustrial%22%7D%2C%22sentence%22%3Atrue%2C%22search_in_taxonomy%22%3Atrue%2C%22search_in_taxonomy_source%22%3A%5B%22elementor_library_category%22%2C%22acciones-relacionadas%22%5D%7D,"['Si cumplo', 'No cumplo', 'No cumplo, pero me es factible', 'No aplica a mi sistema productivo']","[18, 104, 239, 374]"
A038,Avanzado,4,Ambiente,Residuos,Contar con un plan de manejo de residuos,La planta ha generado y documentado un plan de manejo de residuos.,"Plan de manejo de residuos que contenga los siguientes contenidos: - Protocolos de almacenamiento de residuos peligrosos. - Manejo de residuos para reciclaje o reutilización. - Medidas de mitigación en caso de contaminación. - Descripción del proceso y los puntos en que se generan residuos. - Procedimientos internos para recoger y almacenar los residuos. - Identificación de alternativas de minimización, valorización y eliminación de residuos.",Archivo,https://ciruelacertificada.cl/?s=A038&jet_ajax_search_settings=%7B%22current_query%22%3A%7B%22taxonomy%22%3A%22estandares-recursos%22%2C%22term%22%3A%22recurso-adecuacion-agroindustrial%22%7D%2C%22sentence%22%3Atrue%2C%22search_in_taxonomy%22%3Atrue%2C%22search_in_taxonomy_source%22%3A%5B%22elementor_library_category%22%2C%22acciones-relacionadas%22%5D%7D,"['Si cumplo', 'No cumplo', 'No cumplo, pero me es factible', 'No aplica a mi sistema productivo']","[105, 240, 375]"
A039,Fundamental,5,Ambiente,Residuos,Minimizar la contaminación derivada de la gestión de los residuos,"La planta manipula los residuos (sólidos y/o líquidos) de manera tal, que no generen derrames que contaminen el suelo y/o el agua.","Inspección visual del área de almacenamiento, corroborando que los residuos se encuentren dentro de los contenedores correspondientes, evitando el contacto directo con el suelo, con el objetivo de no generar contaminación (ejemplo: radier y techo).",Foto,https://ciruelacertificada.cl/?s=A039&jet_ajax_search_settings=%7B%22current_query%22%3A%7B%22taxonomy%22%3A%22estandares-recursos%22%2C%22term%22%3A%22recurso-adecuacion-agroindustrial%22%7D%2C%22sentence%22%3Atrue%2C%22search_in_taxonomy%22%3Atrue%2C%22search_in_taxonomy_source%22%3A%5B%22elementor_library_category%22%2C%22acciones-relacionadas%22%5D%7D,"['Si cumplo', 'No cumplo', 'No cumplo, pero me es factible', 'No aplica a mi sistema productivo']","[106, 241, 376]"
A040,Intermedio,3,Ambiente,Residuos,Minimizar la contaminación derivada de la gestión de los residuos,La planta implementa un protocolo para minimizar la contaminación atmosférica por material particulado al interior de sus dependencias.,"Protocolo que cuente con las siguientes medidas para minimizar la contaminación: - No se permite la quema ni incineración de los desechos derivados de la producción. - Los caminos son pavimentados o se aplica un suspensor de polvo químico o gravilla para evitar el aumento de la polución. - Se realiza mantención a los equipos que utilizan combustibles fósiles internos, para evitar contaminación debido a fallas mecánicas.",Archivo,https://ciruelacertificada.cl/?s=A040&jet_ajax_search_settings=%7B%22current_query%22%3A%7B%22taxonomy%22%3A%22estandares-recursos%22%2C%22term%22%3A%22recurso-adecuacion-agroindustrial%22%7D%2C%22sentence%22%3Atrue%2C%22search_in_taxonomy%22%3Atrue%2C%22search_in_taxonomy_source%22%3A%5B%22elementor_library_category%22%2C%22acciones-relacionadas%22%5D%7D,"['Si cumplo', 'No cumplo', 'No cumplo, pero me es factible', 'No aplica a mi sistema productivo']","[4, 107, 242, 377]"
A041,Avanzado,4,Ambiente,Residuos,Minimizar la contaminación derivada de la gestión de los residuos,La planta cuenta con un protocolo establecido para las situaciones de emergencia por contaminación por derrames de residuos líquidos.,"Inspección visual de señaléticas en lugares de riesgo de contaminación, que contemplen los siguientes elementos: - Información sobre acciones de mitigación inmediata. - Información de contacto con servicios de emergencia y autoridades locales.",Foto,https://ciruelacertificada.cl/?s=A041&jet_ajax_search_settings=%7B%22current_query%22%3A%7B%22taxonomy%22%3A%22estandares-recursos%22%2C%22term%22%3A%22recurso-adecuacion-agroindustrial%22%7D%2C%22sentence%22%3Atrue%2C%22search_in_taxonomy%22%3Atrue%2C%22search_in_taxonomy_source%22%3A%5B%22elementor_library_category%22%2C%22acciones-relacionadas%22%5D%7D,"['Si cumplo', 'No cumplo', 'No cumplo, pero me es factible', 'No aplica a mi sistema productivo']","[14, 108, 243, 378]"
A042,Avanzado,4,Ambiente,Residuos,Minimizar la contaminación derivada de la gestión de los residuos,La planta capacita a su personal en la implementación del protocolo de gestión de emergencias por contaminación por derrames de residuos líquidos.,"Registro de ejecución de capacitaciones (lista de asistencia identificando sexo de quien participa, tema expuesto, persona que expone, material expuesto, registro fotográfico y certificación entregada). Se verifica que al menos una persona atingente al área, haya recibido esta capacitación.",Foto,https://ciruelacertificada.cl/?s=A042&jet_ajax_search_settings=%7B%22current_query%22%3A%7B%22taxonomy%22%3A%22estandares-recursos%22%2C%22term%22%3A%22recurso-adecuacion-agroindustrial%22%7D%2C%22sentence%22%3Atrue%2C%22search_in_taxonomy%22%3Atrue%2C%22search_in_taxonomy_source%22%3A%5B%22elementor_library_category%22%2C%22acciones-relacionadas%22%5D%7D,"['Si cumplo', 'No cumplo', 'No cumplo, pero me es factible', 'No aplica a mi sistema productivo']","[45, 109, 244, 379]"
A043,Intermedio,3,Ambiente,Residuos,Gestionar adecuadamente los residuos derivados de la producción,La planta registra periódicamente la generación y tratamiento de RILES.,"Documento con certificado de autocontrol otorgado por el Sistema de Fiscalización de Norma de Emisión de Residuos Industriales Líquidos, de la Superintendencia del Medio Ambiente (SMA). (https://portalvu.mma.gob.cl/).",Archivo,https://ciruelacertificada.cl/?s=A043&jet_ajax_search_settings=%7B%22current_query%22%3A%7B%22taxonomy%22%3A%22estandares-recursos%22%2C%22term%22%3A%22recurso-adecuacion-agroindustrial%22%7D%2C%22sentence%22%3Atrue%2C%22search_in_taxonomy%22%3Atrue%2C%22search_in_taxonomy_source%22%3A%5B%22elementor_library_category%22%2C%22acciones-relacionadas%22%5D%7D,"['Si cumplo', 'No cumplo', 'No cumplo, pero me es factible', 'No aplica a mi sistema productivo']","[110, 245, 380]"
A044,Intermedio,3,Ambiente,Residuos,Gestionar adecuadamente los residuos derivados de la producción,"La planta almacena los residuos peligrosos, (por ejemplo: los aceites lubricantes derivados de vehículos y maquinarias utilizadas en la explotación), en bodegas exclusivas para este tipo de material.",Inspección visual de zona de almacenamiento de residuos peligrosos.,Foto,https://ciruelacertificada.cl/?s=A044&jet_ajax_search_settings=%7B%22current_query%22%3A%7B%22taxonomy%22%3A%22estandares-recursos%22%2C%22term%22%3A%22recurso-adecuacion-agroindustrial%22%7D%2C%22sentence%22%3Atrue%2C%22search_in_taxonomy%22%3Atrue%2C%22search_in_taxonomy_source%22%3A%5B%22elementor_library_category%22%2C%22acciones-relacionadas%22%5D%7D,"['Si cumplo', 'No cumplo', 'No cumplo, pero me es factible', 'No aplica a mi sistema productivo']","[111, 246, 381]"
A045,Intermedio,3,Ambiente,Residuos,Gestionar adecuadamente los residuos derivados de la producción,"La planta lleva registro de los residuos peligrosos generados, siendo manipulados y desechados, por ejemplo: - Aceites lubricantes. - Envases y recipientes con residuos de detergentes, desinfectantes o productos químicos de procesos.","Registro actualizado que contiene la siguiente información: - Identificación del tipo de residuo o agente contaminante. - Identificación de la cantidad producida mensualmente. - Identificación de los residuos peligrosos. - Ubicación dentro de la planta. - Destino del residuo, con autorización sanitaria (reciclaje, reúso, etc.).",Bitácora,https://ciruelacertificada.cl/?s=A045&jet_ajax_search_settings=%7B%22current_query%22%3A%7B%22taxonomy%22%3A%22estandares-recursos%22%2C%22term%22%3A%22recurso-adecuacion-agroindustrial%22%7D%2C%22sentence%22%3Atrue%2C%22search_in_taxonomy%22%3Atrue%2C%22search_in_taxonomy_source%22%3A%5B%22elementor_library_category%22%2C%22acciones-relacionadas%22%5D%7D,"['Si cumplo', 'No cumplo', 'No cumplo, pero me es factible', 'No aplica a mi sistema productivo']","[112, 247, 382]"
A046,Intermedio,3,Ambiente,Residuos,Gestionar adecuadamente los residuos derivados de la producción,La planta registra el volumen de biosólidos generados.,"Registro actualizado que contiene la siguiente información: - Identificación del tipo de residuo o agente contaminante. - Identificación de la cantidad producida mensualmente. - Identificación de los residuos. - Ubicación dentro de la planta. - Destino del residuo (reciclaje, reúso, etc.).",Bitácora,https://ciruelacertificada.cl/?s=A046&jet_ajax_search_settings=%7B%22current_query%22%3A%7B%22taxonomy%22%3A%22estandares-recursos%22%2C%22term%22%3A%22recurso-adecuacion-agroindustrial%22%7D%2C%22sentence%22%3Atrue%2C%22search_in_taxonomy%22%3Atrue%2C%22search_in_taxonomy_source%22%3A%5B%22elementor_library_category%22%2C%22acciones-relacionadas%22%5D%7D,"['Si cumplo', 'No cumplo', 'No cumplo, pero me es factible', 'No aplica a mi sistema productivo']","[113, 248, 383]"
A047,Avanzado,4,Ambiente,Residuos,Gestionar adecuadamente los residuos derivados de la producción,"La planta segrega las aguas lluvias de las aguas derivadas de la producción, con el fin de disminuir el caudal de entrada al sistema de recepción de RILES.",Inspección visual de áreas de segregación de aguas lluvia.,Foto,https://ciruelacertificada.cl/?s=A047&jet_ajax_search_settings=%7B%22current_query%22%3A%7B%22taxonomy%22%3A%22estandares-recursos%22%2C%22term%22%3A%22recurso-adecuacion-agroindustrial%22%7D%2C%22sentence%22%3Atrue%2C%22search_in_taxonomy%22%3Atrue%2C%22search_in_taxonomy_source%22%3A%5B%22elementor_library_category%22%2C%22acciones-relacionadas%22%5D%7D,"['Si cumplo', 'No cumplo', 'No cumplo, pero me es factible', 'No aplica a mi sistema productivo']","[114, 249, 384]"
A048,Avanzado,4,Ambiente,Residuos,Gestionar adecuadamente los residuos derivados de la producción,"La planta gestiona los residuos de aceites lubricantes derivados de vehículos y maquinarias utilizadas en la empresa, a través de empresas especializadas en su posterior valorización.","Informe que certifique el retiro y la posterior reutilización de los residuos, realizado por la empresa autorizada a cargo de la gestión.",Archivo,https://ciruelacertificada.cl/?s=A048&jet_ajax_search_settings=%7B%22current_query%22%3A%7B%22taxonomy%22%3A%22estandares-recursos%22%2C%22term%22%3A%22recurso-adecuacion-agroindustrial%22%7D%2C%22sentence%22%3Atrue%2C%22search_in_taxonomy%22%3Atrue%2C%22search_in_taxonomy_source%22%3A%5B%22elementor_library_category%22%2C%22acciones-relacionadas%22%5D%7D,"['Si cumplo', 'No cumplo', 'No cumplo, pero me es factible', 'No aplica a mi sistema productivo']","[115, 250, 385]"
A049,Fundamental,5,Ambiente,Residuos,Gestionar residuos inorgánicos a través de técnicas de valorización y reciclaje,"La planta disminuye sus residuos enviados a gestores autorizados a través de la segregación, almacenamiento y entrega para su valorización, basándose en sus características y en las opciones de reciclaje disponibles.",Inspección visual de la existencia de contenedores y señaléticas informativas con respecto a la gestión de los residuos de reciclaje de: - PET y otros plásticos. - Tetra brik. - Papeles y cartones. - Vidrios. - Latas y otros metales. - Residuos peligrosos. - Residuos no reciclables.,Foto,https://ciruelacertificada.cl/?s=A049&jet_ajax_search_settings=%7B%22current_query%22%3A%7B%22taxonomy%22%3A%22estandares-recursos%22%2C%22term%22%3A%22recurso-adecuacion-agroindustrial%22%7D%2C%22sentence%22%3Atrue%2C%22search_in_taxonomy%22%3Atrue%2C%22search_in_taxonomy_source%22%3A%5B%22elementor_library_category%22%2C%22acciones-relacionadas%22%5D%7D,"['Si cumplo', 'No cumplo', 'No cumplo, pero me es factible', 'No aplica a mi sistema productivo']","[15, 16, 17, 116, 251, 386]"
A050,Intermedio,3,Ambiente,Residuos,Gestionar residuos inorgánicos a través de técnicas de valorización y reciclaje,La planta capacita a su personal sobre la relevancia del reciclaje y los procedimientos apropiados para su implementación.,"Documentación de ejecución de capacitaciones (lista de asistencia identificando sexo del participante, tema expuesto, expositor, material expuesto). Se verifica que al menos una persona atingente al área, haya recibido esta capacitación.",Foto,https://ciruelacertificada.cl/?s=A050&jet_ajax_search_settings=%7B%22current_query%22%3A%7B%22taxonomy%22%3A%22estandares-recursos%22%2C%22term%22%3A%22recurso-adecuacion-agroindustrial%22%7D%2C%22sentence%22%3Atrue%2C%22search_in_taxonomy%22%3Atrue%2C%22search_in_taxonomy_source%22%3A%5B%22elementor_library_category%22%2C%22acciones-relacionadas%22%5D%7D,"['Si cumplo', 'No cumplo', 'No cumplo, pero me es factible', 'No aplica a mi sistema productivo']","[46, 117, 252, 387]"
A051,Fundamental,5,Ambiente,Residuos,Compostar la materia orgánica generada utilizando el compost en su actividad productiva,"La planta reutiliza la materia orgánica generada en sus procesos, a través de una de las siguientes técnicas: - Compostaje. - Lombricultura. - Biomasa Carozo para la combustión de calderas en el proceso de tiernizado. - Venta o donación a otras explotaciones.","Registro actualizado que contiene la siguiente información: - Identificación del tipo de residuo orgánico. - Identificación de la cantidad producida mensualmente. - Ubicación dentro de la planta. - Destino del residuo (reciclaje, reúso, etc.).",Bitácora,https://ciruelacertificada.cl/?s=A051&jet_ajax_search_settings=%7B%22current_query%22%3A%7B%22taxonomy%22%3A%22estandares-recursos%22%2C%22term%22%3A%22recurso-adecuacion-agroindustrial%22%7D%2C%22sentence%22%3Atrue%2C%22search_in_taxonomy%22%3Atrue%2C%22search_in_taxonomy_source%22%3A%5B%22elementor_library_category%22%2C%22acciones-relacionadas%22%5D%7D,"['Si cumplo', 'No cumplo', 'No cumplo, pero me es factible', 'No aplica a mi sistema productivo']","[118, 253, 388]"
A052,Fundamental,5,Ambiente,Energía,Implementar un sistema de gestión de la energía,La planta establece un sistema de registro mensual del consumo de energía.,"Registro de consumo energético actualizado mensualmente que contenga la siguiente información: - Tipo de fuente de energía. Eléctrica, gas (natural y/o licuado), combustible (diésel, bencina, kerosene), leña, carbón, entre otros. - Consumo energético mensual (kWh). - Gasto en energía ($/mes).",Bitácora,https://ciruelacertificada.cl/?s=A052&jet_ajax_search_settings=%7B%22current_query%22%3A%7B%22taxonomy%22%3A%22estandares-recursos%22%2C%22term%22%3A%22recurso-adecuacion-agroindustrial%22%7D%2C%22sentence%22%3Atrue%2C%22search_in_taxonomy%22%3Atrue%2C%22search_in_taxonomy_source%22%3A%5B%22elementor_library_category%22%2C%22acciones-relacionadas%22%5D%7D,"['Si cumplo', 'No cumplo', 'No cumplo, pero me es factible', 'No aplica a mi sistema productivo']","[25, 119, 254, 389]"
A053,Intermedio,3,Ambiente,Energía,Implementar un sistema de gestión de la energía,"La planta implementa un plan de capacitación para los trabajadores, abordando la gestión eficiente de la energía.","Registro de ejecución de capacitaciones (lista de asistencia identificando sexo de quien participa, tema expuesto, persona que expone, material expuesto, registro fotográfico y certificación entregada). Se verifica que al menos una persona atingente al área, haya recibido esta capacitación.",Foto,https://ciruelacertificada.cl/?s=A053&jet_ajax_search_settings=%7B%22current_query%22%3A%7B%22taxonomy%22%3A%22estandares-recursos%22%2C%22term%22%3A%22recurso-adecuacion-agroindustrial%22%7D%2C%22sentence%22%3Atrue%2C%22search_in_taxonomy%22%3Atrue%2C%22search_in_taxonomy_source%22%3A%5B%22elementor_library_category%22%2C%22acciones-relacionadas%22%5D%7D,"['Si cumplo', 'No cumplo', 'No cumplo, pero me es factible', 'No aplica a mi sistema productivo']","[47, 120, 255, 390]"
A054,Intermedio,3,Ambiente,Energía,Implementar un sistema de gestión de la energía,La planta cuenta con un diagnóstico energético actualizado.,"Reporte de diagnóstico energético con levantamiento de información para la identificación de consumo cuenta con: - Registros mensuales de consumo energético. - Identificación de equipos y su consumo energético. (Identificar las áreas críticas en cuanto a consumo). - Identificación de períodos de alto consumo energético por mes (estacional o continuo).. - Registro de mantenimiento de equipos. - Definición del indicador de consumo en base a la producción. - Identificación de capacitaciones en el ámbito de energía. - Identificación de oportunidades de mejora y costos, tiempo de implementación, necesidades adicionales (construcción, capacitación, remodelación, entre otras). En el caso de que lo haga una empresa externa, ésta deberá entregar un informe que certifique las acciones realizadas para entregar el diagnóstico.",Archivo,https://ciruelacertificada.cl/?s=A054&jet_ajax_search_settings=%7B%22current_query%22%3A%7B%22taxonomy%22%3A%22estandares-recursos%22%2C%22term%22%3A%22recurso-adecuacion-agroindustrial%22%7D%2C%22sentence%22%3Atrue%2C%22search_in_taxonomy%22%3Atrue%2C%22search_in_taxonomy_source%22%3A%5B%22elementor_library_category%22%2C%22acciones-relacionadas%22%5D%7D,"['Si cumplo', 'No cumplo', 'No cumplo, pero me es factible', 'No aplica a mi sistema productivo']","[23, 121, 256, 391]"
A055,Avanzado,4,Ambiente,Energía,Implementar un sistema de gestión de la energía,La planta implementa un sistema de gestión de la energía.,Documento con un sistema de gestión de la energía que considere la siguiente información: * Determinación del alcance del sistema de gestión de la energía. * Línea de base energética a través de un indicador de eficiencia energética indicando el año de la línea base (kWh /kilo de fruta seca). * Una meta de intensidad energética.,Archivo,https://ciruelacertificada.cl/?s=A055&jet_ajax_search_settings=%7B%22current_query%22%3A%7B%22taxonomy%22%3A%22estandares-recursos%22%2C%22term%22%3A%22recurso-adecuacion-agroindustrial%22%7D%2C%22sentence%22%3Atrue%2C%22search_in_taxonomy%22%3Atrue%2C%22search_in_taxonomy_source%22%3A%5B%22elementor_library_category%22%2C%22acciones-relacionadas%22%5D%7D,"['Si cumplo', 'No cumplo', 'No cumplo, pero me es factible', 'No aplica a mi sistema productivo']","[24, 122, 257, 392]"
A056,Fundamental,5,Ambiente,Energía,Implementar medidas de eficiencia energética relacionadas al plan de gestión,La planta cuenta con señalética que promueve el uso eficiente de la energía.,Inspección visual de señaléticas de uso eficiente de energía en espacios de trabajo con la siguiente información: - Apaga la luz antes de salir. - Cierra la puerta al salir. - Notificar fugas de vapor. - Recordar mantenciones preventivas. - Regular el consumo de agua caliente.,Foto,https://ciruelacertificada.cl/?s=A056&jet_ajax_search_settings=%7B%22current_query%22%3A%7B%22taxonomy%22%3A%22estandares-recursos%22%2C%22term%22%3A%22recurso-adecuacion-agroindustrial%22%7D%2C%22sentence%22%3Atrue%2C%22search_in_taxonomy%22%3Atrue%2C%22search_in_taxonomy_source%22%3A%5B%22elementor_library_category%22%2C%22acciones-relacionadas%22%5D%7D,"['Si cumplo', 'No cumplo', 'No cumplo, pero me es factible', 'No aplica a mi sistema productivo']","[20, 21, 22, 123, 258, 393]"
A057,Fundamental,5,Ambiente,Energía,Implementar medidas de eficiencia energética relacionadas al plan de gestión,"La planta adquiere equipos industriales o maquinarias o, sustituye sus piezas por otras que presenten un bajo consumo energético o que incorporen el modo ahorro de energía.","Fichas técnicas de los equipos, maquinarias o piezas que especifiquen el registro de potencia en cada caso.",Archivo,https://ciruelacertificada.cl/?s=A057&jet_ajax_search_settings=%7B%22current_query%22%3A%7B%22taxonomy%22%3A%22estandares-recursos%22%2C%22term%22%3A%22recurso-adecuacion-agroindustrial%22%7D%2C%22sentence%22%3Atrue%2C%22search_in_taxonomy%22%3Atrue%2C%22search_in_taxonomy_source%22%3A%5B%22elementor_library_category%22%2C%22acciones-relacionadas%22%5D%7D,"['Si cumplo', 'No cumplo', 'No cumplo, pero me es factible', 'No aplica a mi sistema productivo']","[124, 259, 394]"
A058,Básico,2,Ambiente,Energía,Implementar medidas de eficiencia energética relacionadas al plan de gestión,La planta implementa medidas para mejorar la eficiencia de los vehículos dentro de la explotación.,"Inspección visual de señaléticas en área de guardado de vehículos que apunten a las siguientes medidas. - Control de la presión de los neumáticos. - Reducción del peso de la carga en los vehículos. - Conducción eficiente a velocidades inferiores a 20 km/h. - Combina viajes y evita los que son innecesarios. - Conduce suavemente, evitando aceleraciones y frenadas bruscas. - Condiciones climáticas: El viento en contra y las temperaturas extremas pueden aumentar el consumo de combustible.",Foto,https://ciruelacertificada.cl/?s=A058&jet_ajax_search_settings=%7B%22current_query%22%3A%7B%22taxonomy%22%3A%22estandares-recursos%22%2C%22term%22%3A%22recurso-adecuacion-agroindustrial%22%7D%2C%22sentence%22%3Atrue%2C%22search_in_taxonomy%22%3Atrue%2C%22search_in_taxonomy_source%22%3A%5B%22elementor_library_category%22%2C%22acciones-relacionadas%22%5D%7D,"['Si cumplo', 'No cumplo', 'No cumplo, pero me es factible', 'No aplica a mi sistema productivo']","[19, 125, 260, 395]"
A059,Básico,2,Ambiente,Energía,Implementar medidas de eficiencia energética relacionadas al plan de gestión,"La planta realiza mantención de equipos, maquinarias y vehículos, una vez durante la temporada o más frecuentemente si las indicaciones del fabricante lo estipulan, asegurando un adecuado funcionamiento y uso eficiente de la energía.","Son válidos los siguientes documentos: * Check list de mantenimiento de equipos. * Registro de mantenimiento de equipos. * Bitácora de mantención. * Plan de mantenimiento de equipos, maquinarias y vehículos. En el caso de que esta labor la realice una empresa externa, debe existir un contrato e informe que acredite la realización de las actividades mencionadas.",Bitácora,https://ciruelacertificada.cl/?s=A059&jet_ajax_search_settings=%7B%22current_query%22%3A%7B%22taxonomy%22%3A%22estandares-recursos%22%2C%22term%22%3A%22recurso-adecuacion-agroindustrial%22%7D%2C%22sentence%22%3Atrue%2C%22search_in_taxonomy%22%3Atrue%2C%22search_in_taxonomy_source%22%3A%5B%22elementor_library_category%22%2C%22acciones-relacionadas%22%5D%7D,"['Si cumplo', 'No cumplo', 'No cumplo, pero me es factible', 'No aplica a mi sistema productivo']","[5, 126, 261, 396]"
A060,Básico,2,Ambiente,Energía,Implementar medidas de eficiencia energética relacionadas al plan de gestión,"La planta implementa un plan de mantenimiento de luminarias, para gestionar eficientemente la iluminación dentro del recinto.",Plan de mantenimiento elaborado que incorpore al menos las siguientes medidas: - Utiliza luminaria de bajo consumo energético. - Limpia las luminarias y ampolletas periódicamente. - Tipos de luminarias a adquirir en caso de reemplazo.,Bitácora,https://ciruelacertificada.cl/?s=A060&jet_ajax_search_settings=%7B%22current_query%22%3A%7B%22taxonomy%22%3A%22estandares-recursos%22%2C%22term%22%3A%22recurso-adecuacion-agroindustrial%22%7D%2C%22sentence%22%3Atrue%2C%22search_in_taxonomy%22%3Atrue%2C%22search_in_taxonomy_source%22%3A%5B%22elementor_library_category%22%2C%22acciones-relacionadas%22%5D%7D,"['Si cumplo', 'No cumplo', 'No cumplo, pero me es factible', 'No aplica a mi sistema productivo']","[127, 262, 397]"
A061,Intermedio,3,Ambiente,Energía,Implementar sistemas de energías renovables,La planta evalúa la prefactibilidad técnica y económica de incorporar energías renovables dentro de su sistema productivo.,"Documento con estudio de prefactibilidad técnico económica. En el caso de que lo haga una empresa externa, esta debe entregar un informe que certifique que las acciones realizadas estén en función de lo solicitado.",Archivo,https://ciruelacertificada.cl/?s=A061&jet_ajax_search_settings=%7B%22current_query%22%3A%7B%22taxonomy%22%3A%22estandares-recursos%22%2C%22term%22%3A%22recurso-adecuacion-agroindustrial%22%7D%2C%22sentence%22%3Atrue%2C%22search_in_taxonomy%22%3Atrue%2C%22search_in_taxonomy_source%22%3A%5B%22elementor_library_category%22%2C%22acciones-relacionadas%22%5D%7D,"['Si cumplo', 'No cumplo', 'No cumplo, pero me es factible', 'No aplica a mi sistema productivo']","[128, 263, 398]"
A062,Avanzado,4,Ambiente,Energía,Implementar sistemas de energías renovables,La planta utiliza sistemas de energía renovable para autoconsumo energético,Inspección visual de alguno de los siguientes tipos de energía: - Energía solar. - Eólica. - Mini hidroeléctrica. - Biomasa o biogás.,Foto,https://ciruelacertificada.cl/?s=A062&jet_ajax_search_settings=%7B%22current_query%22%3A%7B%22taxonomy%22%3A%22estandares-recursos%22%2C%22term%22%3A%22recurso-adecuacion-agroindustrial%22%7D%2C%22sentence%22%3Atrue%2C%22search_in_taxonomy%22%3Atrue%2C%22search_in_taxonomy_source%22%3A%5B%22elementor_library_category%22%2C%22acciones-relacionadas%22%5D%7D,"['Si cumplo', 'No cumplo', 'No cumplo, pero me es factible', 'No aplica a mi sistema productivo']","[129, 264, 399]"
A063,Intermedio,3,Ambiente,Gases de Efecto Invernadero (GEI),Cuantificar emisiones de GEI en la planta,La planta cuantifica sus emisiones directas e indirectas de GEI de la unidad y define una línea base en las principales etapas de su producción.,"Registro de emisiones y capturas que incluya, fecha, monitoreo, periodo, balance de los siguientes aspectos: Emisiones directas de GEI • Combustión estacionaria • Combustión Móvil • Uso suelo, cambios en el uso de suelo y Silvicultura • Procesos industriales • Emisiones fugitivas Emisiones indirectas de GEI causadas por energía importada • Electricidad importada • Otra energía importada y/o pérdidas T&D Otras emisiones indirectas de GEI • Transporte • Bienes y servicios utilizados • Uso de productos de la organización *Se recomienda el uso de la plataforma de Huella Chile para cuantificar emisiones. En el caso de que lo haga una empresa externa, esta debe entregar un informe que certifique que las acciones realizadas estén en función de lo solicitado.",Archivo,https://ciruelacertificada.cl/?s=A063&jet_ajax_search_settings=%7B%22current_query%22%3A%7B%22taxonomy%22%3A%22estandares-recursos%22%2C%22term%22%3A%22recurso-adecuacion-agroindustrial%22%7D%2C%22sentence%22%3Atrue%2C%22search_in_taxonomy%22%3Atrue%2C%22search_in_taxonomy_source%22%3A%5B%22elementor_library_category%22%2C%22acciones-relacionadas%22%5D%7D,"['Si cumplo', 'No cumplo', 'No cumplo, pero me es factible', 'No aplica a mi sistema productivo']","[26, 29, 130, 265, 400]"
A064,Intermedio,3,Ambiente,Gases de Efecto Invernadero (GEI),Cuantificar emisiones de GEI en la planta,La planta monitorea periódicamente los GEI de la unidad.,"Reporte anual de emisiones y capturas, con indicación de la metodología empleada y los resultados obtenidos. En el caso de que lo haga una empresa externa, esta debe entregar un informe que certifique que las acciones realizadas estén en función de lo solicitado.",Archivo,https://ciruelacertificada.cl/?s=A064&jet_ajax_search_settings=%7B%22current_query%22%3A%7B%22taxonomy%22%3A%22estandares-recursos%22%2C%22term%22%3A%22recurso-adecuacion-agroindustrial%22%7D%2C%22sentence%22%3Atrue%2C%22search_in_taxonomy%22%3Atrue%2C%22search_in_taxonomy_source%22%3A%5B%22elementor_library_category%22%2C%22acciones-relacionadas%22%5D%7D,"['Si cumplo', 'No cumplo', 'No cumplo, pero me es factible', 'No aplica a mi sistema productivo']","[27, 30, 131, 266, 401]"
A065,Básico,2,Ambiente,Gases de Efecto Invernadero (GEI),Reducir las emisiones y promover las capturas de GEI en la planta,"La planta implementa un plan de capacitación para las personas que trabajan en ella, abordando la problemática asociada al cambio climático y conceptos sobre cuantificación y mitigación de emisión de GEI.","Registro de ejecución de capacitaciones (lista de asistencia identificando sexo de quien participa, tema expuesto, persona que expone, material expuesto, registro fotográfico y certificación entregada). Se verifica que al menos una persona atingente al área, haya recibido esta capacitación.",Foto,https://ciruelacertificada.cl/?s=A065&jet_ajax_search_settings=%7B%22current_query%22%3A%7B%22taxonomy%22%3A%22estandares-recursos%22%2C%22term%22%3A%22recurso-adecuacion-agroindustrial%22%7D%2C%22sentence%22%3Atrue%2C%22search_in_taxonomy%22%3Atrue%2C%22search_in_taxonomy_source%22%3A%5B%22elementor_library_category%22%2C%22acciones-relacionadas%22%5D%7D,"['Si cumplo', 'No cumplo', 'No cumplo, pero me es factible', 'No aplica a mi sistema productivo']","[48, 132, 267, 402]"
A066,Avanzado,4,Ambiente,Gases de Efecto Invernadero (GEI),Reducir las emisiones y promover las capturas de GEI en la planta,"La planta cuenta con un protocolo para reducir sus emisiones de GEI que contempla, por ejemplo, alguna de las siguientes medidas: • Cambiar el sistema de calefacción de caldera de petróleo por gas natural o biogás. • Instalar paneles solares térmicos para el precalentamiento del agua utilizada en el procesamiento de ciruelas. • Implementar luminarias LED de bajo consumo con automatización. • Mejorar el aislamiento térmico en paredes y techos para reducir pérdidas de calor. • Establecer un plan de mantención preventiva de maquinaria y equipos. • Reemplazar montacargas y vehículos de transporte por modelos eléctricos de bajas emisiones.",Protocolo para reducir las emisiones de GEI.,Archivo,https://ciruelacertificada.cl/?s=A066&jet_ajax_search_settings=%7B%22current_query%22%3A%7B%22taxonomy%22%3A%22estandares-recursos%22%2C%22term%22%3A%22recurso-adecuacion-agroindustrial%22%7D%2C%22sentence%22%3Atrue%2C%22search_in_taxonomy%22%3Atrue%2C%22search_in_taxonomy_source%22%3A%5B%22elementor_library_category%22%2C%22acciones-relacionadas%22%5D%7D,"['Si cumplo', 'No cumplo', 'No cumplo, pero me es factible', 'No aplica a mi sistema productivo']","[28, 133, 268, 403]"
A067,Avanzado,4,Ambiente,Gases de Efecto Invernadero (GEI),Elaborar un plan de reducción de riesgos de desastres,"La planta elabora e implementa un plan de reducción, control y respuesta frente a riesgo de desastres, vinculados al Cambio Climático. La elaboración del plan contempla determinar las amenazas históricas y proyectadas, identificar los recursos mínimos y capacidades para abordar las amenazas, y determinar las debilidades respecto de los recursos y capacidades requeridas. Las medidas del plan se elaboran en función de las debilidades detectadas y su respectiva priorización.","Plan de reducción, control y respuesta frente a riesgos de desastres, vinculados al Cambio Climático que contenga al menos la siguiente información: * Listado de las amenazas o peligros (internas y externas) según su origen, y evaluación de recursos y vulnerabilidades para enfrentar cada una de ellas * Programas de trabajo en sus fases de prevención, respuesta y recuperación. * Definición de responsables y de mecanismos para asignación de recursos que financien los programas de trabajo que surjan del plan. * Realización de simulaciones y simulacros. El plan debe ser evaluado posterior a la ocurrencia de cada evento de emergencia o desastre.",Archivo,https://ciruelacertificada.cl/?s=A067&jet_ajax_search_settings=%7B%22current_query%22%3A%7B%22taxonomy%22%3A%22estandares-recursos%22%2C%22term%22%3A%22recurso-adecuacion-agroindustrial%22%7D%2C%22sentence%22%3Atrue%2C%22search_in_taxonomy%22%3Atrue%2C%22search_in_taxonomy_source%22%3A%5B%22elementor_library_category%22%2C%22acciones-relacionadas%22%5D%7D,"['Si cumplo', 'No cumplo', 'No cumplo, pero me es factible', 'No aplica a mi sistema productivo']","[134, 269, 404]"
A068,Avanzado,4,Ambiente,Gases de Efecto Invernadero (GEI),Elaborar un plan de reducción de riesgos de desastres,"La planta incorpora monitoreo de parámetros de la situación meteorológica propia o cercana, para visualizar episodios extremos de sequías extremas, altas y bajas temperaturas, y episodios de alta pluviometría.","Registro de eventos meteorológicos significativos, indicando la fuente de obtención de la información (estación meteorológica propia o datos de portales como http://agroclima.cl/ o https://agrometeorologia.cl/ , de los siguientes puntos: * Altas temperaturas (más de 30°C). * Bajas temperaturas (menos de 4°C). * Lluvias. * Fuente de obtención de la información. Este registro debe ser actualizado de manera mensual.",Bitácora,https://ciruelacertificada.cl/?s=A068&jet_ajax_search_settings=%7B%22current_query%22%3A%7B%22taxonomy%22%3A%22estandares-recursos%22%2C%22term%22%3A%22recurso-adecuacion-agroindustrial%22%7D%2C%22sentence%22%3Atrue%2C%22search_in_taxonomy%22%3Atrue%2C%22search_in_taxonomy_source%22%3A%5B%22elementor_library_category%22%2C%22acciones-relacionadas%22%5D%7D,"['Si cumplo', 'No cumplo', 'No cumplo, pero me es factible', 'No aplica a mi sistema productivo']","[135, 270, 405]"
A069,Avanzado,4,Ambiente,Gases de Efecto Invernadero (GEI),Elaborar un plan de reducción de riesgos de desastres,"La planta capacita al personal sobre el un plan de reducción, control y respuesta frente a riesgo de desastres, vinculados al Cambio Climático, para evitar que sean susceptibles a sufrir daños o pérdidas por efecto de las amenazas.","Registro de ejecución de capacitaciones (lista de asistencia identificando sexo de quien participa, tema expuesto, persona que expone, material expuesto, registro fotográfico y certificación entregada). Se verifica que al menos una persona atingente al área, haya recibido esta capacitación.",Foto,https://ciruelacertificada.cl/?s=A069&jet_ajax_search_settings=%7B%22current_query%22%3A%7B%22taxonomy%22%3A%22estandares-recursos%22%2C%22term%22%3A%22recurso-adecuacion-agroindustrial%22%7D%2C%22sentence%22%3Atrue%2C%22search_in_taxonomy%22%3Atrue%2C%22search_in_taxonomy_source%22%3A%5B%22elementor_library_category%22%2C%22acciones-relacionadas%22%5D%7D,"['Si cumplo', 'No cumplo', 'No cumplo, pero me es factible', 'No aplica a mi sistema productivo']","[136, 271, 406]"
A070,Fundamental,5,Calidad,Gestión de la Calidad,Poseer una política de calidad y de mejora continua en la planta,"La planta identifica y gestiona de manera eficiente, los principales Puntos Críticos de Control (PCC) asociados a la producción de ciruelas deshidratadas. Se deben considerar, al menos, los siguientes puntos: - Identificar el producto. - Describir el producto y el uso previsto, incluidas instrucciones de procesamiento validadas. - Listar materias primas/ingredientes. - Incluir un diagrama de flujo del proceso (con los PCC identificados). - Incluir un análisis de peligros de materias primas, productos y procesos. - Describir el objetivo y los límites críticos del PCC. - Describir el seguimiento y la frecuencia de los PCC. - Detallar acciones correctivas para cada PCC.",Protocolo de acciones de control de calidad realizadas en la planta.,Archivo,https://ciruelacertificada.cl/?s=A070&jet_ajax_search_settings=%7B%22current_query%22%3A%7B%22taxonomy%22%3A%22estandares-recursos%22%2C%22term%22%3A%22recurso-adecuacion-agroindustrial%22%7D%2C%22sentence%22%3Atrue%2C%22search_in_taxonomy%22%3Atrue%2C%22search_in_taxonomy_source%22%3A%5B%22elementor_library_category%22%2C%22acciones-relacionadas%22%5D%7D,"['Si cumplo', 'No cumplo', 'No cumplo, pero me es factible', 'No aplica a mi sistema productivo']","[137, 272, 407]"
A071,Básico,2,Calidad,Gestión de la Calidad,Poseer una política de calidad y de mejora continua en la planta,La planta establece un procedimiento de gestión de la calidad en la recepción de la materia prima y en las etapas del proceso productivo y el producto final.,"Protocolo de gestión de calidad que detalle los procesos realizados para cumplir los requisitos de seguridad, legalidad y calidad del producto",Archivo,https://ciruelacertificada.cl/?s=A071&jet_ajax_search_settings=%7B%22current_query%22%3A%7B%22taxonomy%22%3A%22estandares-recursos%22%2C%22term%22%3A%22recurso-adecuacion-agroindustrial%22%7D%2C%22sentence%22%3Atrue%2C%22search_in_taxonomy%22%3Atrue%2C%22search_in_taxonomy_source%22%3A%5B%22elementor_library_category%22%2C%22acciones-relacionadas%22%5D%7D,"['Si cumplo', 'No cumplo', 'No cumplo, pero me es factible', 'No aplica a mi sistema productivo']","[138, 273, 408]"
A072,Básico,2,Calidad,Gestión de la Calidad,Poseer una política de calidad y de mejora continua en la planta,La planta posee un procedimiento de gestión de la calidad conocida por las personas que trabajan en ella.,"Registro de ejecución de capacitaciones (lista de asistencia identificando sexo de quien participa, tema expuesto, persona que expone, material expuesto, registro fotográfico y certificación entregada). Se verifica que al menos una persona atingente al área, haya recibido esta capacitación.",Foto,https://ciruelacertificada.cl/?s=A072&jet_ajax_search_settings=%7B%22current_query%22%3A%7B%22taxonomy%22%3A%22estandares-recursos%22%2C%22term%22%3A%22recurso-adecuacion-agroindustrial%22%7D%2C%22sentence%22%3Atrue%2C%22search_in_taxonomy%22%3Atrue%2C%22search_in_taxonomy_source%22%3A%5B%22elementor_library_category%22%2C%22acciones-relacionadas%22%5D%7D,"['Si cumplo', 'No cumplo', 'No cumplo, pero me es factible', 'No aplica a mi sistema productivo']","[49, 139, 274, 409]"
A073,Intermedio,3,Calidad,Gestión de la Calidad,Poseer una política de calidad y de mejora continua en la planta,"La planta establece canales de comunicación directos, para recibir y responder de manera oportuna los reclamos de clientes y consumidores.","Registro que evidencie las vías de comunicación con clientes y consumidores, ya sea de manera física (empaques) o digital (página web), para el envío de sugerencias y reclamos.",Foto,https://ciruelacertificada.cl/?s=A073&jet_ajax_search_settings=%7B%22current_query%22%3A%7B%22taxonomy%22%3A%22estandares-recursos%22%2C%22term%22%3A%22recurso-adecuacion-agroindustrial%22%7D%2C%22sentence%22%3Atrue%2C%22search_in_taxonomy%22%3Atrue%2C%22search_in_taxonomy_source%22%3A%5B%22elementor_library_category%22%2C%22acciones-relacionadas%22%5D%7D,"['Si cumplo', 'No cumplo', 'No cumplo, pero me es factible', 'No aplica a mi sistema productivo']","[140, 275, 410]"
A074,Intermedio,3,Calidad,Gestión de la Calidad,Poseer una política de calidad y de mejora continua en la planta,"La planta gestiona sus auditorías internas en base a los riesgos asociados, para evaluar el nivel de cumplimiento de su política de gestión de calidad.","Comprobante de auditoría interna, que permita verificar que se cumple con los requisitos de las certificaciones aplicables (con su respectiva periodicidad).",Archivo,https://ciruelacertificada.cl/?s=A074&jet_ajax_search_settings=%7B%22current_query%22%3A%7B%22taxonomy%22%3A%22estandares-recursos%22%2C%22term%22%3A%22recurso-adecuacion-agroindustrial%22%7D%2C%22sentence%22%3Atrue%2C%22search_in_taxonomy%22%3Atrue%2C%22search_in_taxonomy_source%22%3A%5B%22elementor_library_category%22%2C%22acciones-relacionadas%22%5D%7D,"['Si cumplo', 'No cumplo', 'No cumplo, pero me es factible', 'No aplica a mi sistema productivo']","[141, 276, 411]"
A075,Básico,2,Calidad,Gestión de la Calidad,Documentar los procesos productivos realizados en la planta,La planta mantiene registros de todo el producto seco y tiernizado elaborado.,Documento de registro con la siguiente información: - Fecha. - Total de producto seco recolectado al día. - Tipo de secado. - Tiempo de almacenamiento máximo de producto seco. - Total de producto tiernizado elaborado al día. - Total de producto empacado al día. - Tipo de empaque. - Mercado de destino.,Bitácora,https://ciruelacertificada.cl/?s=A075&jet_ajax_search_settings=%7B%22current_query%22%3A%7B%22taxonomy%22%3A%22estandares-recursos%22%2C%22term%22%3A%22recurso-adecuacion-agroindustrial%22%7D%2C%22sentence%22%3Atrue%2C%22search_in_taxonomy%22%3Atrue%2C%22search_in_taxonomy_source%22%3A%5B%22elementor_library_category%22%2C%22acciones-relacionadas%22%5D%7D,"['Si cumplo', 'No cumplo', 'No cumplo, pero me es factible', 'No aplica a mi sistema productivo']","[142, 277, 412]"
A076,Básico,2,Calidad,Gestión de la Calidad,Documentar los procesos productivos realizados en la planta,La planta registra todas las labores productivas realizadas y la persona responsable de su ejecución.,Registro con la siguiente información: - Labor. - Fase de la línea de proceso. - Fecha y hora de ejecución. - Persona responsable de su ejecución.,Bitácora,https://ciruelacertificada.cl/?s=A076&jet_ajax_search_settings=%7B%22current_query%22%3A%7B%22taxonomy%22%3A%22estandares-recursos%22%2C%22term%22%3A%22recurso-adecuacion-agroindustrial%22%7D%2C%22sentence%22%3Atrue%2C%22search_in_taxonomy%22%3Atrue%2C%22search_in_taxonomy_source%22%3A%5B%22elementor_library_category%22%2C%22acciones-relacionadas%22%5D%7D,"['Si cumplo', 'No cumplo', 'No cumplo, pero me es factible', 'No aplica a mi sistema productivo']","[31, 143, 278, 413]"
A077,Básico,2,Calidad,Gestión de la Calidad,Documentar los procesos productivos realizados en la planta,"La planta registra el consumo de materias primas, ingredientes e insumos utilizados para el procesamiento.",Registro diario con la siguiente información: - Volumen y procedencia de la fruta de la fase de producción primaria. - Tipo y cantidad de conservantes utilizados (sorbato de potasio). - Tipo y cantidad de material de embalaje utilizado.,Bitácora,https://ciruelacertificada.cl/?s=A077&jet_ajax_search_settings=%7B%22current_query%22%3A%7B%22taxonomy%22%3A%22estandares-recursos%22%2C%22term%22%3A%22recurso-adecuacion-agroindustrial%22%7D%2C%22sentence%22%3Atrue%2C%22search_in_taxonomy%22%3Atrue%2C%22search_in_taxonomy_source%22%3A%5B%22elementor_library_category%22%2C%22acciones-relacionadas%22%5D%7D,"['Si cumplo', 'No cumplo', 'No cumplo, pero me es factible', 'No aplica a mi sistema productivo']","[144, 279, 414]"
A078,Básico,2,Calidad,Gestión de la Calidad,Poseer un sistema de trazabilidad del producto a lo largo de todas sus etapas de producción,"La planta establece políticas y procedimientos documentados para garantizar que todos los ingredientes, auxiliares tecnológicos, productos acabados y envases de los productos (interiores y exteriores) puedan rastrearse desde la producción hasta la distribución, a través de un protocolo de trazabilidad.",Protocolo del proceso de trazabilidad en la empresa que cuente con los siguientes aspectos: - Identificación de predio o proveedor de materia prima. - Identificación del tipo de secado. - Calibre. - % de humedad. - Despepitado. - Dosis de conservante adicionado. - Mercado de destino.,Archivo,https://ciruelacertificada.cl/?s=A078&jet_ajax_search_settings=%7B%22current_query%22%3A%7B%22taxonomy%22%3A%22estandares-recursos%22%2C%22term%22%3A%22recurso-adecuacion-agroindustrial%22%7D%2C%22sentence%22%3Atrue%2C%22search_in_taxonomy%22%3Atrue%2C%22search_in_taxonomy_source%22%3A%5B%22elementor_library_category%22%2C%22acciones-relacionadas%22%5D%7D,"['Si cumplo', 'No cumplo', 'No cumplo, pero me es factible', 'No aplica a mi sistema productivo']","[145, 280, 415]"
A079,Intermedio,3,Calidad,Gestión de la Calidad,Poseer un sistema de trazabilidad del producto a lo largo de todas sus etapas de producción,"La planta asegura que sus productos elaborados posean un código (N° de lote), que le permita rastrear la cantidad producida, enviada y desperdiciada; ubicación del material; y fechas de producción y envío.","Registro que evidencie la presencia del N° de lote en el producto terminado, ya sea en el paquete o en la etiqueta del producto.",Foto,https://ciruelacertificada.cl/?s=A079&jet_ajax_search_settings=%7B%22current_query%22%3A%7B%22taxonomy%22%3A%22estandares-recursos%22%2C%22term%22%3A%22recurso-adecuacion-agroindustrial%22%7D%2C%22sentence%22%3Atrue%2C%22search_in_taxonomy%22%3Atrue%2C%22search_in_taxonomy_source%22%3A%5B%22elementor_library_category%22%2C%22acciones-relacionadas%22%5D%7D,"['Si cumplo', 'No cumplo', 'No cumplo, pero me es factible', 'No aplica a mi sistema productivo']","[146, 281, 416]"
A080,Básico,2,Calidad,Gestión de la Calidad,Poseer protocolos logísticos que faciliten la gestión del proceso productivo,La planta posee un diagrama de flujo del proceso productivo.,Registro del diagrama de flujo disponible ya sea en formato físico o digital.,Archivo,https://ciruelacertificada.cl/?s=A080&jet_ajax_search_settings=%7B%22current_query%22%3A%7B%22taxonomy%22%3A%22estandares-recursos%22%2C%22term%22%3A%22recurso-adecuacion-agroindustrial%22%7D%2C%22sentence%22%3Atrue%2C%22search_in_taxonomy%22%3Atrue%2C%22search_in_taxonomy_source%22%3A%5B%22elementor_library_category%22%2C%22acciones-relacionadas%22%5D%7D,"['Si cumplo', 'No cumplo', 'No cumplo, pero me es factible', 'No aplica a mi sistema productivo']","[147, 282, 417]"
A081,Básico,2,Calidad,Gestión de la Calidad,Poseer protocolos logísticos que faciliten la gestión del proceso productivo,La planta implementa un procedimiento que asegure el adecuado despacho del producto final.,"Registro con el N° de la guía de despacho que contenga la siguiente información: - Fecha despacho. - Tipo de producto (condición natural o tiernizado). - Calibre. - Tipo de empaque. - Documentación legal del mercado de destino. - Autorización de la autoridad fitosanitaria (SAG), al momento de cargar el contenedor.",Bitácora,https://ciruelacertificada.cl/?s=A081&jet_ajax_search_settings=%7B%22current_query%22%3A%7B%22taxonomy%22%3A%22estandares-recursos%22%2C%22term%22%3A%22recurso-adecuacion-agroindustrial%22%7D%2C%22sentence%22%3Atrue%2C%22search_in_taxonomy%22%3Atrue%2C%22search_in_taxonomy_source%22%3A%5B%22elementor_library_category%22%2C%22acciones-relacionadas%22%5D%7D,"['Si cumplo', 'No cumplo', 'No cumplo, pero me es factible', 'No aplica a mi sistema productivo']","[148, 283, 418]"
A082,Intermedio,3,Calidad,Gestión de la Calidad,Poseer protocolos logísticos que faciliten la gestión del proceso productivo,"La planta optimiza el proceso de elaboración del producto final, a través de las siguientes medidas: - Realiza mantención y calibración de los equipos de las líneas de proceso anualmente o según las indicaciones del fabricante, en el caso de que requiera mantención con mayor frecuencia. - Maneja adecuadamente los inventarios de insumos, materias primas y producto terminado.",Son válidos los siguientes documentos: * Check listo o registro de labores de mantención ejecutadas en planta. * Inventario actualizado mensualmente.,Archivo,https://ciruelacertificada.cl/?s=A082&jet_ajax_search_settings=%7B%22current_query%22%3A%7B%22taxonomy%22%3A%22estandares-recursos%22%2C%22term%22%3A%22recurso-adecuacion-agroindustrial%22%7D%2C%22sentence%22%3Atrue%2C%22search_in_taxonomy%22%3Atrue%2C%22search_in_taxonomy_source%22%3A%5B%22elementor_library_category%22%2C%22acciones-relacionadas%22%5D%7D,"['Si cumplo', 'No cumplo', 'No cumplo, pero me es factible', 'No aplica a mi sistema productivo']","[6, 149, 284, 419]"
A083,Fundamental,5,Calidad,Gestión de la Inocuidad,Poseer una política de inocuidad para la producción,La planta capacita a las personas que trabajan en ella sobre seguridad e higiene de los alimentos basada en el Codex y las regulaciones nacionales aplicables.,"Registro de ejecución de capacitaciones (lista de asistencia identificando sexo de quien participa, tema expuesto, persona que expone, material expuesto, registro fotográfico y certificación entregada). Se verifica que al menos una persona atingente al área, haya recibido esta capacitación.",Foto,https://ciruelacertificada.cl/?s=A083&jet_ajax_search_settings=%7B%22current_query%22%3A%7B%22taxonomy%22%3A%22estandares-recursos%22%2C%22term%22%3A%22recurso-adecuacion-agroindustrial%22%7D%2C%22sentence%22%3Atrue%2C%22search_in_taxonomy%22%3Atrue%2C%22search_in_taxonomy_source%22%3A%5B%22elementor_library_category%22%2C%22acciones-relacionadas%22%5D%7D,"['Si cumplo', 'No cumplo', 'No cumplo, pero me es factible', 'No aplica a mi sistema productivo']","[50, 150, 285, 420]"
A084,Básico,2,Calidad,Gestión de la Inocuidad,Poseer una política de inocuidad para la producción,La planta utiliza señaléticas para promover sus prácticas sobre higiene e inocuidad.,"Inspección visual de las señaléticas con las siguientes temáticas: - Procedimientos de limpieza. - Manipulación de alimentos (lavado de manos, contaminación por agentes externos). - Uso de ropa de trabajo adecuada (cofia, calzado protector, delantal, etc.) y libre de accesorios.",Foto,https://ciruelacertificada.cl/?s=A084&jet_ajax_search_settings=%7B%22current_query%22%3A%7B%22taxonomy%22%3A%22estandares-recursos%22%2C%22term%22%3A%22recurso-adecuacion-agroindustrial%22%7D%2C%22sentence%22%3Atrue%2C%22search_in_taxonomy%22%3Atrue%2C%22search_in_taxonomy_source%22%3A%5B%22elementor_library_category%22%2C%22acciones-relacionadas%22%5D%7D,"['Si cumplo', 'No cumplo', 'No cumplo, pero me es factible', 'No aplica a mi sistema productivo']","[32, 60, 61, 151, 286, 421]"
A085,Intermedio,3,Calidad,Gestión de la Inocuidad,Poseer una política de inocuidad para la producción,"La planta establece, implementa, documenta y mantiene un sistema de seguridad y calidad alimentaria, para proteger el suministro de alimentos de los peligros biológicos, químicos y físicos, con el fin de evitar la contaminación.","Plan de análisis de riesgos, documentado para las materias primas, ingredientes, auxiliares tecnológicos y materiales de envasado que contenga, al menos la siguiente información: - Determinar puntos críticos de control. - Establecer límites críticos. - Establecer procedimientos de monitoreo. - Establecer medidas correctivas. - Establecer procedimientos de comprobación auditables. El plan debe ser revisado, al menos, una vez al año si se producen cambios en el producto o en el proceso.",Archivo,https://ciruelacertificada.cl/?s=A085&jet_ajax_search_settings=%7B%22current_query%22%3A%7B%22taxonomy%22%3A%22estandares-recursos%22%2C%22term%22%3A%22recurso-adecuacion-agroindustrial%22%7D%2C%22sentence%22%3Atrue%2C%22search_in_taxonomy%22%3Atrue%2C%22search_in_taxonomy_source%22%3A%5B%22elementor_library_category%22%2C%22acciones-relacionadas%22%5D%7D,"['Si cumplo', 'No cumplo', 'No cumplo, pero me es factible', 'No aplica a mi sistema productivo']","[152, 287, 422]"
A086,Avanzado,4,Calidad,Gestión de la Inocuidad,Poseer una política de inocuidad para la producción,La planta realiza auditorías internas anuales para evaluar el nivel de cumplimiento de su política de inocuidad.,"Comprobante de auditoría interna que permita verificar que se cumple con los requisitos de inocuidad, demostrando su capacidad para cumplir con los mismos mediante procesos documentados, medidas de control y resultados de sus auditorías realizadas, al menos, una vez por año.",Archivo,https://ciruelacertificada.cl/?s=A086&jet_ajax_search_settings=%7B%22current_query%22%3A%7B%22taxonomy%22%3A%22estandares-recursos%22%2C%22term%22%3A%22recurso-adecuacion-agroindustrial%22%7D%2C%22sentence%22%3Atrue%2C%22search_in_taxonomy%22%3Atrue%2C%22search_in_taxonomy_source%22%3A%5B%22elementor_library_category%22%2C%22acciones-relacionadas%22%5D%7D,"['Si cumplo', 'No cumplo', 'No cumplo, pero me es factible', 'No aplica a mi sistema productivo']","[153, 288, 423]"
A087,Básico,2,Calidad,Gestión de la Inocuidad,Utilizar agua con condiciones microbiológicas adecuadas para la producción,La planta utiliza agua potable cuando esta es un ingrediente del producto final.,Registro que acredite la utilización del servicio básico de agua potable en la planta.,Foto,https://ciruelacertificada.cl/?s=A087&jet_ajax_search_settings=%7B%22current_query%22%3A%7B%22taxonomy%22%3A%22estandares-recursos%22%2C%22term%22%3A%22recurso-adecuacion-agroindustrial%22%7D%2C%22sentence%22%3Atrue%2C%22search_in_taxonomy%22%3Atrue%2C%22search_in_taxonomy_source%22%3A%5B%22elementor_library_category%22%2C%22acciones-relacionadas%22%5D%7D,"['Si cumplo', 'No cumplo', 'No cumplo, pero me es factible', 'No aplica a mi sistema productivo']","[154, 289, 424]"
A088,Avanzado,4,Calidad,Gestión de la Inocuidad,Utilizar agua con condiciones microbiológicas adecuadas para la producción,"La planta realiza análisis microbiológicos al agua que se encuentra en contacto con el producto, durante su procesamiento.","Informe periódicos de análisis con requisitos físicos, químicos, bacteriológicos y de desinfección establecidos en la Norma NCH 409/1.",Archivo,https://ciruelacertificada.cl/?s=A088&jet_ajax_search_settings=%7B%22current_query%22%3A%7B%22taxonomy%22%3A%22estandares-recursos%22%2C%22term%22%3A%22recurso-adecuacion-agroindustrial%22%7D%2C%22sentence%22%3Atrue%2C%22search_in_taxonomy%22%3Atrue%2C%22search_in_taxonomy_source%22%3A%5B%22elementor_library_category%22%2C%22acciones-relacionadas%22%5D%7D,"['Si cumplo', 'No cumplo', 'No cumplo, pero me es factible', 'No aplica a mi sistema productivo']","[155, 290, 425]"
A089,Básico,2,Calidad,Gestión de la Inocuidad,"Asegurar la adecuada limpieza de espacios, equipos e indumentarias requeridas para la producción","La planta se asegura de que sus instalaciones, interiores y exteriores posean una adecuada construcción y limpieza acorde con los requerimientos de seguridad e higiene de los alimentos.","Inspección visual del N° de la Resolución Sanitaria con fecha de otorgamiento, entregado por el servicio de salud del ambiente.",Foto,https://ciruelacertificada.cl/?s=A089&jet_ajax_search_settings=%7B%22current_query%22%3A%7B%22taxonomy%22%3A%22estandares-recursos%22%2C%22term%22%3A%22recurso-adecuacion-agroindustrial%22%7D%2C%22sentence%22%3Atrue%2C%22search_in_taxonomy%22%3Atrue%2C%22search_in_taxonomy_source%22%3A%5B%22elementor_library_category%22%2C%22acciones-relacionadas%22%5D%7D,"['Si cumplo', 'No cumplo', 'No cumplo, pero me es factible', 'No aplica a mi sistema productivo']","[156, 291, 426]"
A090,Básico,2,Calidad,Gestión de la Inocuidad,"Asegurar la adecuada limpieza de espacios, equipos e indumentarias requeridas para la producción","La planta mantiene limpia y en buen estado, la indumentaria utilizada por el personal en contacto directo con el producto.","Se consideran válidos alguno siguientes documentos. - Registro de lavado de indumentaria de trabajo en la planta, que evidencie su lavado semanal. - Check list de higiene del personal, donde diariamente se va evaluando la limpieza de la indumentaria entregada. - Convenio o contrato con empresa que se encargue del lavado de los uniformes. - Documento con el procedimiento de lavado entregado a las personas que trabajan en la planta.",Bitácora,https://ciruelacertificada.cl/?s=A090&jet_ajax_search_settings=%7B%22current_query%22%3A%7B%22taxonomy%22%3A%22estandares-recursos%22%2C%22term%22%3A%22recurso-adecuacion-agroindustrial%22%7D%2C%22sentence%22%3Atrue%2C%22search_in_taxonomy%22%3Atrue%2C%22search_in_taxonomy_source%22%3A%5B%22elementor_library_category%22%2C%22acciones-relacionadas%22%5D%7D,"['Si cumplo', 'No cumplo', 'No cumplo, pero me es factible', 'No aplica a mi sistema productivo']","[157, 292, 427]"
A091,Intermedio,3,Calidad,Gestión de la Inocuidad,"Asegurar la adecuada limpieza de espacios, equipos e indumentarias requeridas para la producción","La planta asegura adecuados protocolos de limpieza de superficies en contacto directo con el producto elaborado, a través de las siguientes medidas: - Los utensilios destinados a la limpieza de superficies que estén en contacto directo con el producto, son utilizados únicamente con este fin y existe una diferenciación por color con utensilios similares utilizados en otros espacios. - Los productos químicos de limpieza son adecuados para el entorno de producción y no se utilizan productos de limpieza fenólicos o perfumados. - Se utiliza agua potable para la limpieza de equipos en contacto directo con el producto.",Protocolo de limpieza de superficies.,Archivo,https://ciruelacertificada.cl/?s=A091&jet_ajax_search_settings=%7B%22current_query%22%3A%7B%22taxonomy%22%3A%22estandares-recursos%22%2C%22term%22%3A%22recurso-adecuacion-agroindustrial%22%7D%2C%22sentence%22%3Atrue%2C%22search_in_taxonomy%22%3Atrue%2C%22search_in_taxonomy_source%22%3A%5B%22elementor_library_category%22%2C%22acciones-relacionadas%22%5D%7D,"['Si cumplo', 'No cumplo', 'No cumplo, pero me es factible', 'No aplica a mi sistema productivo']","[158, 293, 428]"
A092,Intermedio,3,Calidad,Gestión de la Inocuidad,Asegurar la inocuidad de los insumos utilizados,"La planta se asegura de que los insumos, materias primas e ingredientes utilizados en el proceso productivo, no representen un riesgo para la inocuidad alimentaria.",Registro de los insumos que dé cuenta de la siguiente información: - Nombre del producto. - Fecha de compra. - Número de lote y proveedor. - Unidades adquiridas. - Fecha de vencimiento y vida útil.,Bitácora,https://ciruelacertificada.cl/?s=A092&jet_ajax_search_settings=%7B%22current_query%22%3A%7B%22taxonomy%22%3A%22estandares-recursos%22%2C%22term%22%3A%22recurso-adecuacion-agroindustrial%22%7D%2C%22sentence%22%3Atrue%2C%22search_in_taxonomy%22%3Atrue%2C%22search_in_taxonomy_source%22%3A%5B%22elementor_library_category%22%2C%22acciones-relacionadas%22%5D%7D,"['Si cumplo', 'No cumplo', 'No cumplo, pero me es factible', 'No aplica a mi sistema productivo']","[159, 294, 429]"
A093,Básico,2,Calidad,Gestión de la Inocuidad,Prevenir la contaminación durante el proceso productivo,La planta previene la contaminación de agentes externos.,"Inspección visual de señaléticas de prohibición de las siguientes acciones: - Prohíbe fumar, comer y beber en áreas designadas para la producción. - Prohíbe la presencia de animales dentro de sus instalaciones.",Foto,https://ciruelacertificada.cl/?s=A093&jet_ajax_search_settings=%7B%22current_query%22%3A%7B%22taxonomy%22%3A%22estandares-recursos%22%2C%22term%22%3A%22recurso-adecuacion-agroindustrial%22%7D%2C%22sentence%22%3Atrue%2C%22search_in_taxonomy%22%3Atrue%2C%22search_in_taxonomy_source%22%3A%5B%22elementor_library_category%22%2C%22acciones-relacionadas%22%5D%7D,"['Si cumplo', 'No cumplo', 'No cumplo, pero me es factible', 'No aplica a mi sistema productivo']","[59, 160, 295, 430]"
A094,Básico,2,Calidad,Gestión de la Inocuidad,Prevenir la contaminación durante el proceso productivo,"La planta desarrolla procedimientos para gestionar las dificultades asociadas a enfermedades transmisibles, y quienes trabajan en ella, informan al personal encargado cuando presentan una enfermedad que pueda significar la contaminación del producto final.","Procedimiento para gestionar los problemas de salud de quienes trabajan en la empresa, que incluya: - Registro de quienes se han presentado con alguna enfermedad transmisible. - Prohibición de labores ante sospecha de enfermedades contagiosas. - Procedimientos para la protección de las heridas.",Archivo,https://ciruelacertificada.cl/?s=A094&jet_ajax_search_settings=%7B%22current_query%22%3A%7B%22taxonomy%22%3A%22estandares-recursos%22%2C%22term%22%3A%22recurso-adecuacion-agroindustrial%22%7D%2C%22sentence%22%3Atrue%2C%22search_in_taxonomy%22%3Atrue%2C%22search_in_taxonomy_source%22%3A%5B%22elementor_library_category%22%2C%22acciones-relacionadas%22%5D%7D,"['Si cumplo', 'No cumplo', 'No cumplo, pero me es factible', 'No aplica a mi sistema productivo']","[161, 296, 431]"
A095,Intermedio,3,Calidad,Gestión de la Inocuidad,Prevenir la contaminación durante el proceso productivo,"La planta provee al personal de instalaciones adecuadas para evitar todo agente contaminante antes de ingresar a sus espacios de trabajo, mediante las siguientes medidas: - Vestuarios y baños separados del área de producción. - Estaciones de lavado de manos en todos los puntos de entrada al área de producción. - Áreas segregadas para comer fuera del área de producción. - Zonas para almacenar artículos personales que puedan suponer un riesgo de contaminación para el producto final (ej. relojes, teléfonos, joyería, monedas, medicamentos, entre otros).",Inspección visual de instalaciones del personal.,Foto,https://ciruelacertificada.cl/?s=A095&jet_ajax_search_settings=%7B%22current_query%22%3A%7B%22taxonomy%22%3A%22estandares-recursos%22%2C%22term%22%3A%22recurso-adecuacion-agroindustrial%22%7D%2C%22sentence%22%3Atrue%2C%22search_in_taxonomy%22%3Atrue%2C%22search_in_taxonomy_source%22%3A%5B%22elementor_library_category%22%2C%22acciones-relacionadas%22%5D%7D,"['Si cumplo', 'No cumplo', 'No cumplo, pero me es factible', 'No aplica a mi sistema productivo']","[162, 297, 432]"
A096,Fundamental,5,Gestión,Viabilidad Económica,Mejorar la productividad y rentabilidad de la planta,La planta cuenta con una persona encargada o una persona que realiza asesorías financieras.,Son válidos alguno de los siguientes documentos: - Contrato de servicios de una persona que realiza asesorías financieras. - Descripción de cargos y CV de la persona encargada del área financiera.,Archivo,https://ciruelacertificada.cl/?s=A096&jet_ajax_search_settings=%7B%22current_query%22%3A%7B%22taxonomy%22%3A%22estandares-recursos%22%2C%22term%22%3A%22recurso-adecuacion-agroindustrial%22%7D%2C%22sentence%22%3Atrue%2C%22search_in_taxonomy%22%3Atrue%2C%22search_in_taxonomy_source%22%3A%5B%22elementor_library_category%22%2C%22acciones-relacionadas%22%5D%7D,"['Si cumplo', 'No cumplo', 'No cumplo, pero me es factible', 'No aplica a mi sistema productivo']","[163, 298, 433]"
A097,Fundamental,5,Gestión,Viabilidad Económica,Mejorar la productividad y rentabilidad de la planta,La planta identifica los principales puntos críticos de su producción y busca mejoras para aumentar su productividad.,Documento de identificación de puntos críticos dentro de la planta.,Archivo,https://ciruelacertificada.cl/?s=A097&jet_ajax_search_settings=%7B%22current_query%22%3A%7B%22taxonomy%22%3A%22estandares-recursos%22%2C%22term%22%3A%22recurso-adecuacion-agroindustrial%22%7D%2C%22sentence%22%3Atrue%2C%22search_in_taxonomy%22%3Atrue%2C%22search_in_taxonomy_source%22%3A%5B%22elementor_library_category%22%2C%22acciones-relacionadas%22%5D%7D,"['Si cumplo', 'No cumplo', 'No cumplo, pero me es factible', 'No aplica a mi sistema productivo']","[164, 299, 434]"
A098,Fundamental,5,Gestión,Viabilidad Económica,Mejorar la productividad y rentabilidad de la planta,"La planta evalúa la adopción de nuevas prácticas o tecnologías, considerando su contribución a la productividad.","Son válidos alguno de los dos documentos enunciados a continuación: * Documento de evaluación del proyecto que posea al menos propuesta de TIR y VAN y decisión sobre la adopción de la nueva práctica o tecnología. * Registro de procedimiento, diseño y desarrollo del plan de implementación de la nueva tecnología. Adicionalmente, se requiere un listado con las inversiones implementadas, indicando la temática a la que corresponde (agua, energía, residuos, etc.).",Archivo,https://ciruelacertificada.cl/?s=A098&jet_ajax_search_settings=%7B%22current_query%22%3A%7B%22taxonomy%22%3A%22estandares-recursos%22%2C%22term%22%3A%22recurso-adecuacion-agroindustrial%22%7D%2C%22sentence%22%3Atrue%2C%22search_in_taxonomy%22%3Atrue%2C%22search_in_taxonomy_source%22%3A%5B%22elementor_library_category%22%2C%22acciones-relacionadas%22%5D%7D,"['Si cumplo', 'No cumplo', 'No cumplo, pero me es factible', 'No aplica a mi sistema productivo']","[165, 300, 435]"
A099,Básico,2,Gestión,Viabilidad Económica,Mejorar la productividad y rentabilidad de la planta,"La planta cuenta con un plan de gestión para su productividad y rentabilidad, que le permite definir indicadores de gestión y asegurar su viabilidad a largo plazo.",Documento de planificación que contenga los siguientes puntos: - Presupuesto. - Proyecciones de ventas. - Organigrama y descripción de cargos dentro de la empresa.,Archivo,https://ciruelacertificada.cl/?s=A099&jet_ajax_search_settings=%7B%22current_query%22%3A%7B%22taxonomy%22%3A%22estandares-recursos%22%2C%22term%22%3A%22recurso-adecuacion-agroindustrial%22%7D%2C%22sentence%22%3Atrue%2C%22search_in_taxonomy%22%3Atrue%2C%22search_in_taxonomy_source%22%3A%5B%22elementor_library_category%22%2C%22acciones-relacionadas%22%5D%7D,"['Si cumplo', 'No cumplo', 'No cumplo, pero me es factible', 'No aplica a mi sistema productivo']","[166, 301, 436]"
A100,Básico,2,Gestión,Viabilidad Económica,Mejorar la productividad y rentabilidad de la planta,"La planta cuenta con un sistema de gestión contable que considera registros de inventario, control de gastos, ingresos y utilidades derivadas del proceso productivo.",Documentos de registro de los siguientes aspectos: - Inventario de productos entrantes y salientes. - Registro contable de la empresa.,Bitácora,https://ciruelacertificada.cl/?s=A100&jet_ajax_search_settings=%7B%22current_query%22%3A%7B%22taxonomy%22%3A%22estandares-recursos%22%2C%22term%22%3A%22recurso-adecuacion-agroindustrial%22%7D%2C%22sentence%22%3Atrue%2C%22search_in_taxonomy%22%3Atrue%2C%22search_in_taxonomy_source%22%3A%5B%22elementor_library_category%22%2C%22acciones-relacionadas%22%5D%7D,"['Si cumplo', 'No cumplo', 'No cumplo, pero me es factible', 'No aplica a mi sistema productivo']","[167, 302, 437]"
A101,Avanzado,4,Gestión,Viabilidad Económica,Mejorar la productividad y rentabilidad de la planta,La planta cuenta con una herramienta de gestión digital que facilita la implementación de medidas y registros.,Registro de licencia o suscripción a plataforma digital específica para la gestión agrícola o industrial.,Archivo,https://ciruelacertificada.cl/?s=A101&jet_ajax_search_settings=%7B%22current_query%22%3A%7B%22taxonomy%22%3A%22estandares-recursos%22%2C%22term%22%3A%22recurso-adecuacion-agroindustrial%22%7D%2C%22sentence%22%3Atrue%2C%22search_in_taxonomy%22%3Atrue%2C%22search_in_taxonomy_source%22%3A%5B%22elementor_library_category%22%2C%22acciones-relacionadas%22%5D%7D,"['Si cumplo', 'No cumplo', 'No cumplo, pero me es factible', 'No aplica a mi sistema productivo']","[168, 303, 438]"
A102,Avanzado,4,Gestión,Viabilidad Económica,Mejorar la productividad y rentabilidad de la planta,"La planta forma parte de una ""comunidad de práctica"" que le permite realizar una evaluación de cambio tecnológico, en conjunto con otras empresas de la industria a nivel territorial.",Acta de reuniones realizadas con la “comunidad de práctica”.,Archivo,https://ciruelacertificada.cl/?s=A102&jet_ajax_search_settings=%7B%22current_query%22%3A%7B%22taxonomy%22%3A%22estandares-recursos%22%2C%22term%22%3A%22recurso-adecuacion-agroindustrial%22%7D%2C%22sentence%22%3Atrue%2C%22search_in_taxonomy%22%3Atrue%2C%22search_in_taxonomy_source%22%3A%5B%22elementor_library_category%22%2C%22acciones-relacionadas%22%5D%7D,"['Si cumplo', 'No cumplo', 'No cumplo, pero me es factible', 'No aplica a mi sistema productivo']","[57, 169, 304, 439]"
A103,Intermedio,3,Gestión,Viabilidad Económica,Gestionar la empresa para garantizar su viabilidad económica y financiera,"Quienes trabajan como directivos o son tomadores de decisiones, participan en instancias de capacitación que les permiten entender de mejor manera, el comportamiento del mercado de ciruelas deshidratadas.","Registro de ejecución de capacitaciones (lista de asistencia identificando sexo de quien participa, tema expuesto, persona que expone, material expuesto, registro fotográfico y certificación entregada) o certificado de participación en instancias de capacitación externa (cursos, seminarios, congresos, etc.). Se verifica que al menos una persona atingente al área, haya recibido esta capacitación.",Foto,https://ciruelacertificada.cl/?s=A103&jet_ajax_search_settings=%7B%22current_query%22%3A%7B%22taxonomy%22%3A%22estandares-recursos%22%2C%22term%22%3A%22recurso-adecuacion-agroindustrial%22%7D%2C%22sentence%22%3Atrue%2C%22search_in_taxonomy%22%3Atrue%2C%22search_in_taxonomy_source%22%3A%5B%22elementor_library_category%22%2C%22acciones-relacionadas%22%5D%7D,"['Si cumplo', 'No cumplo', 'No cumplo, pero me es factible', 'No aplica a mi sistema productivo']","[51, 170, 305, 440]"
A104,Avanzado,4,Gestión,Viabilidad Económica,Gestionar la empresa para garantizar su viabilidad económica y financiera,"La planta desarrolla una visión empresarial y planifica y decide, en base a información robusta de índole económica y financiera.","Registro de planificación estratégica con una vigencia de máximo 5 años que contenga la siguiente información: - Diagnóstico que incorpore un FODA. - Plan de implementación en base a los resultados del FODA, (ventajas competitivas para potenciar fortalezas, evitar debilidades y enfrentar amenazas).",Archivo,https://ciruelacertificada.cl/?s=A104&jet_ajax_search_settings=%7B%22current_query%22%3A%7B%22taxonomy%22%3A%22estandares-recursos%22%2C%22term%22%3A%22recurso-adecuacion-agroindustrial%22%7D%2C%22sentence%22%3Atrue%2C%22search_in_taxonomy%22%3Atrue%2C%22search_in_taxonomy_source%22%3A%5B%22elementor_library_category%22%2C%22acciones-relacionadas%22%5D%7D,"['Si cumplo', 'No cumplo', 'No cumplo, pero me es factible', 'No aplica a mi sistema productivo']","[171, 306, 441]"
A105,Intermedio,3,Gestión,Viabilidad Económica,Fomentar que las personas tengan acceso a la información de productividad y mercado,"La planta capacita a las personas que trabajan en ella sobre estrategias de aumento de la productividad, para que puedan identificar los puntos críticos del proceso y conozcan las herramientas de optimización de la producción.","Registro de ejecución de capacitaciones (lista de asistencia identificando sexo de quien participa, tema expuesto, persona que expone, material expuesto, registro fotográfico y certificación entregada). Se verifica que al menos una persona atingente al área, haya recibido esta capacitación.",Foto,https://ciruelacertificada.cl/?s=A105&jet_ajax_search_settings=%7B%22current_query%22%3A%7B%22taxonomy%22%3A%22estandares-recursos%22%2C%22term%22%3A%22recurso-adecuacion-agroindustrial%22%7D%2C%22sentence%22%3Atrue%2C%22search_in_taxonomy%22%3Atrue%2C%22search_in_taxonomy_source%22%3A%5B%22elementor_library_category%22%2C%22acciones-relacionadas%22%5D%7D,"['Si cumplo', 'No cumplo', 'No cumplo, pero me es factible', 'No aplica a mi sistema productivo']","[52, 172, 307, 442]"
A106,Avanzado,4,Gestión,Viabilidad Económica,Fomentar que las personas tengan acceso a la información de productividad y mercado,"La planta capacita sus directivos y tomadores de decisiones en finanzas, costos de producción y gestión del negocio agrícola.","Registro de ejecución de capacitaciones (lista de asistencia identificando sexo de quien participa, tema expuesto, persona que expone, material expuesto, registro fotográfico y certificación entregada) o certificado de participación en instancias de capacitación externa (cursos, seminarios, congresos, etc.). Se verifica que al menos una persona atingente al área, haya recibido esta capacitación.",Foto,https://ciruelacertificada.cl/?s=A106&jet_ajax_search_settings=%7B%22current_query%22%3A%7B%22taxonomy%22%3A%22estandares-recursos%22%2C%22term%22%3A%22recurso-adecuacion-agroindustrial%22%7D%2C%22sentence%22%3Atrue%2C%22search_in_taxonomy%22%3Atrue%2C%22search_in_taxonomy_source%22%3A%5B%22elementor_library_category%22%2C%22acciones-relacionadas%22%5D%7D,"['Si cumplo', 'No cumplo', 'No cumplo, pero me es factible', 'No aplica a mi sistema productivo']","[53, 173, 308, 443]"
A107,Intermedio,3,Social,Comunidades Locales,Evaluar el impacto generado en las comunidades locales,"La planta identifica los potenciales impactos, positivos o negativos, generados en las comunidades vecinas.","Matriz de mapeo de actores con la identificación de los impactos generados. • Nombre de la organización/institución, actor • Representante o contraparte • Cargo • Contacto • Categoría de actor (empresa, comercio, residentes, servicios locales, etc.). • Ubicación geográfica en el territorio • Relaciones predominantes con la empresa • Nivel de afectación (positiva y negativa) de las operaciones la empresa",Archivo,https://ciruelacertificada.cl/?s=A107&jet_ajax_search_settings=%7B%22current_query%22%3A%7B%22taxonomy%22%3A%22estandares-recursos%22%2C%22term%22%3A%22recurso-adecuacion-agroindustrial%22%7D%2C%22sentence%22%3Atrue%2C%22search_in_taxonomy%22%3Atrue%2C%22search_in_taxonomy_source%22%3A%5B%22elementor_library_category%22%2C%22acciones-relacionadas%22%5D%7D,"['Si cumplo', 'No cumplo', 'No cumplo, pero me es factible', 'No aplica a mi sistema productivo']","[35, 187, 322, 444]"
A108,Avanzado,4,Social,Comunidades Locales,Evaluar el impacto generado en las comunidades locales,La planta aplica medidas de mitigación para los impactos generados.,"Matriz con las medidas de mitigación de impactos generados que dé cuenta de: • Efecto. • Acción. • Objetivo (fortalecer, prevenir, mitigar). • Resultado esperado.",Bitácora,https://ciruelacertificada.cl/?s=A108&jet_ajax_search_settings=%7B%22current_query%22%3A%7B%22taxonomy%22%3A%22estandares-recursos%22%2C%22term%22%3A%22recurso-adecuacion-agroindustrial%22%7D%2C%22sentence%22%3Atrue%2C%22search_in_taxonomy%22%3Atrue%2C%22search_in_taxonomy_source%22%3A%5B%22elementor_library_category%22%2C%22acciones-relacionadas%22%5D%7D,"['Si cumplo', 'No cumplo', 'No cumplo, pero me es factible', 'No aplica a mi sistema productivo']","[36, 188, 323, 445]"
A109,Avanzado,4,Social,Comunidades Locales,Contribuir al desarrollo local,"La planta apoya con aportes pecuniarios y no pecuniarios, proyectos o iniciativas que abordan las necesidades y prioridades de la comunidad, con el fin de mejorar la calidad de vida de sus habitantes en temas como: educación, salud, capacitación, saneamiento, problemas ambientales, deporte, infraestructura comunitaria o pública, con acciones de RES u otras.","Son válidos cualquiera de los documentos que se proponen a continuación. * Portafolio de evidencia de las actividades realizadas, ej. proyectos realizados, imágenes, registros de convenios, canales de comunicación, minutas. * Documentos que evidencien el tipo de iniciativa, la fecha, la ubicación, los montos y/o las horas profesionales invertidas.",Archivo,https://ciruelacertificada.cl/?s=A109&jet_ajax_search_settings=%7B%22current_query%22%3A%7B%22taxonomy%22%3A%22estandares-recursos%22%2C%22term%22%3A%22recurso-adecuacion-agroindustrial%22%7D%2C%22sentence%22%3Atrue%2C%22search_in_taxonomy%22%3Atrue%2C%22search_in_taxonomy_source%22%3A%5B%22elementor_library_category%22%2C%22acciones-relacionadas%22%5D%7D,"['Si cumplo', 'No cumplo', 'No cumplo, pero me es factible', 'No aplica a mi sistema productivo']","[38, 189, 324, 446]"
A110,Fundamental,5,Social,Comunidades Locales,Contribuir a la economía local,"La planta contribuye a la economía local, comprando los bienes y servicios, que no son claves para la producción (materia prima, ingredientes, envases o embalajes), a personas o empresas locales a nivel provincial. Por ejemplo: materiales de oficina, productos de aseo, alimentación, vestimenta, etc.",Son válidos algunos de los siguientes documentos: - Registro de documento tributario que acredite compras a empresas locales. - Existencia de contratos de compra con proveedores locales.,Archivo,https://ciruelacertificada.cl/?s=A110&jet_ajax_search_settings=%7B%22current_query%22%3A%7B%22taxonomy%22%3A%22estandares-recursos%22%2C%22term%22%3A%22recurso-adecuacion-agroindustrial%22%7D%2C%22sentence%22%3Atrue%2C%22search_in_taxonomy%22%3Atrue%2C%22search_in_taxonomy_source%22%3A%5B%22elementor_library_category%22%2C%22acciones-relacionadas%22%5D%7D,"['Si cumplo', 'No cumplo', 'No cumplo, pero me es factible', 'No aplica a mi sistema productivo']","[190, 325, 447]"
A111,Básico,2,Social,Comunidades Locales,Contribuir a la economía local,"La planta promueve la contratación de personas mediante la difusión de ofertas laborales a los habitantes de la misma provincia, ya sea de trabajo temporal o permanente.",Son válidos algunos de los siguientes documentos: * Registro de contratos laborales. * Registro de ofertas laborales en la OMIL local.,Archivo,https://ciruelacertificada.cl/?s=A111&jet_ajax_search_settings=%7B%22current_query%22%3A%7B%22taxonomy%22%3A%22estandares-recursos%22%2C%22term%22%3A%22recurso-adecuacion-agroindustrial%22%7D%2C%22sentence%22%3Atrue%2C%22search_in_taxonomy%22%3Atrue%2C%22search_in_taxonomy_source%22%3A%5B%22elementor_library_category%22%2C%22acciones-relacionadas%22%5D%7D,"['Si cumplo', 'No cumplo', 'No cumplo, pero me es factible', 'No aplica a mi sistema productivo']","[39, 191, 326, 448]"
A112,Intermedio,3,Social,Comunidades Locales,Contribuir a la economía local,"La planta cuenta con, al menos, un 90% del personal contratado (de manera permanente) de la misma provincia.",Registro de contratos identificando a personas de la provincia.,Archivo,https://ciruelacertificada.cl/?s=A112&jet_ajax_search_settings=%7B%22current_query%22%3A%7B%22taxonomy%22%3A%22estandares-recursos%22%2C%22term%22%3A%22recurso-adecuacion-agroindustrial%22%7D%2C%22sentence%22%3Atrue%2C%22search_in_taxonomy%22%3Atrue%2C%22search_in_taxonomy_source%22%3A%5B%22elementor_library_category%22%2C%22acciones-relacionadas%22%5D%7D,"['Si cumplo', 'No cumplo', 'No cumplo, pero me es factible', 'No aplica a mi sistema productivo']","[192, 327, 449]"
A113,Fundamental,5,Social,Comunidades Locales,Mantener un sistema de comunicación efectivo con la comunidad,"La planta cuenta con canales de comunicación efectivos, para informar a las comunidades locales sobre la faena que podría impactar positiva o negativamente en el entorno o territorio, y otras actividades que se quieran comunicar.","Portafolio que registre los canales de comunicación con la comunidad, por ejemplo: acta de reuniones con la JJVV, anuncios en radios locales, publicaciones en el diario mural de la junta de vecinos, mensajes de WhatsApp, etc.",Archivo,https://ciruelacertificada.cl/?s=A113&jet_ajax_search_settings=%7B%22current_query%22%3A%7B%22taxonomy%22%3A%22estandares-recursos%22%2C%22term%22%3A%22recurso-adecuacion-agroindustrial%22%7D%2C%22sentence%22%3Atrue%2C%22search_in_taxonomy%22%3Atrue%2C%22search_in_taxonomy_source%22%3A%5B%22elementor_library_category%22%2C%22acciones-relacionadas%22%5D%7D,"['Si cumplo', 'No cumplo', 'No cumplo, pero me es factible', 'No aplica a mi sistema productivo']","[40, 193, 328, 450]"
A114,Intermedio,3,Social,Comunidades Locales,Mantener un sistema de comunicación efectivo con la comunidad,"La planta dispone de un mecanismo de gestión de reclamos y sugerencias, a disposición de las comunidades locales, y además, mantiene un registro de las mismas y de cómo se han abordado.","Registros del libro de reclamos y sugerencias, además de las soluciones implementadas con: - Nombre - Fecha - Correo electrónico - Teléfono - Reclamo o sugerencia - Encargado de gestionar - Resolución. - Fecha resolución",Bitácora,https://ciruelacertificada.cl/?s=A114&jet_ajax_search_settings=%7B%22current_query%22%3A%7B%22taxonomy%22%3A%22estandares-recursos%22%2C%22term%22%3A%22recurso-adecuacion-agroindustrial%22%7D%2C%22sentence%22%3Atrue%2C%22search_in_taxonomy%22%3Atrue%2C%22search_in_taxonomy_source%22%3A%5B%22elementor_library_category%22%2C%22acciones-relacionadas%22%5D%7D,"['Si cumplo', 'No cumplo', 'No cumplo, pero me es factible', 'No aplica a mi sistema productivo']","[37, 194, 329, 451]"
A115,Avanzado,4,Social,Comunidades Locales,Mantener un sistema de comunicación efectivo con la comunidad,"La planta cuenta con una persona responsable de coordinar, planificar y ejecutar proyectos de relacionamiento comunitario.",Son válidos alguno de los siguientes documentos: * Identificación la persona encargada o responsable a través del organigrama o la descripción de cargos. * Convenio con la institución que realiza los trabajos comunitarios.,Archivo,https://ciruelacertificada.cl/?s=A115&jet_ajax_search_settings=%7B%22current_query%22%3A%7B%22taxonomy%22%3A%22estandares-recursos%22%2C%22term%22%3A%22recurso-adecuacion-agroindustrial%22%7D%2C%22sentence%22%3Atrue%2C%22search_in_taxonomy%22%3Atrue%2C%22search_in_taxonomy_source%22%3A%5B%22elementor_library_category%22%2C%22acciones-relacionadas%22%5D%7D,"['Si cumplo', 'No cumplo', 'No cumplo, pero me es factible', 'No aplica a mi sistema productivo']","[195, 330, 452]"
A116,Fundamental,5,Social,Condiciones de Trabajo y Protección Social,Disponer de instalaciones adecuadas y seguras de las personas que trabajan en la planta,"La planta provee a las personas que trabajan en ella, acceso a agua potable suficiente y segura, destinada al consumo humano.",Inspección visual de las instalaciones o dispositivos dispensadores de agua potable.,Foto,https://ciruelacertificada.cl/?s=A116&jet_ajax_search_settings=%7B%22current_query%22%3A%7B%22taxonomy%22%3A%22estandares-recursos%22%2C%22term%22%3A%22recurso-adecuacion-agroindustrial%22%7D%2C%22sentence%22%3Atrue%2C%22search_in_taxonomy%22%3Atrue%2C%22search_in_taxonomy_source%22%3A%5B%22elementor_library_category%22%2C%22acciones-relacionadas%22%5D%7D,"['Si cumplo', 'No cumplo', 'No cumplo, pero me es factible', 'No aplica a mi sistema productivo']","[174, 309, 453]"
A117,Intermedio,3,Social,Condiciones de Trabajo y Protección Social,Disponer de instalaciones adecuadas y seguras de las personas que trabajan en la planta,"La planta proporciona a quienes trabajan en ella, instalaciones que cuenten con las siguientes características. - Servicios higiénicos de uso individual o colectivo. - Espacios de protección del sol y la lluvia. - Instalaciones para cambiarse de ropa y las prendas exteriores de protección. - Comedor o casino. - Áreas designadas para el descanso y las pausas.","Inspección visual de servicios higiénicos, espacios de protección para el sol (predio), camarines, comedor o casino y áreas de descanso.",Foto,https://ciruelacertificada.cl/?s=A117&jet_ajax_search_settings=%7B%22current_query%22%3A%7B%22taxonomy%22%3A%22estandares-recursos%22%2C%22term%22%3A%22recurso-adecuacion-agroindustrial%22%7D%2C%22sentence%22%3Atrue%2C%22search_in_taxonomy%22%3Atrue%2C%22search_in_taxonomy_source%22%3A%5B%22elementor_library_category%22%2C%22acciones-relacionadas%22%5D%7D,"['Si cumplo', 'No cumplo', 'No cumplo, pero me es factible', 'No aplica a mi sistema productivo']","[175, 310, 454]"
A118,Fundamental,5,Social,Condiciones de Trabajo y Protección Social,Velar y garantizar la salud y seguridad de las personas que trabajan en la planta,La planta mantiene un registro mensual de la gestión de la seguridad de las personas que trabajan en ella.,Registro actualizado de manera mensual con la siguiente información. - Número mensual diferenciado por sexo. - Número mensual de incidentes y accidentes. - Número mensual de casos con enfermedades profesionales. - Total mensual de días perdidos. - Tasa de accidentabilidad. - Licencias médicas.,Bitácora,https://ciruelacertificada.cl/?s=A118&jet_ajax_search_settings=%7B%22current_query%22%3A%7B%22taxonomy%22%3A%22estandares-recursos%22%2C%22term%22%3A%22recurso-adecuacion-agroindustrial%22%7D%2C%22sentence%22%3Atrue%2C%22search_in_taxonomy%22%3Atrue%2C%22search_in_taxonomy_source%22%3A%5B%22elementor_library_category%22%2C%22acciones-relacionadas%22%5D%7D,"['Si cumplo', 'No cumplo', 'No cumplo, pero me es factible', 'No aplica a mi sistema productivo']","[34, 176, 311, 455]"
A119,Fundamental,5,Social,Condiciones de Trabajo y Protección Social,Velar y garantizar la salud y seguridad de las personas que trabajan en la planta,"La planta cuenta con un protocolo en caso de emergencia (sismos, incendios, fuga de gases, otros) o accidentes laborales. Los detalles del protocolo están claramente exhibidos en lugares accesibles y visibles.",Señalética con protocolo de emergencias o accidentes que contiene la siguiente información. - Teléfonos y contactos de emergencia. - Medidas básicas de primeros auxilios. - Zonas de seguridad dentro de la planta. - Mapas de ubicación de extintores y botiquines. - Vías de evacuación.,Foto,https://ciruelacertificada.cl/?s=A119&jet_ajax_search_settings=%7B%22current_query%22%3A%7B%22taxonomy%22%3A%22estandares-recursos%22%2C%22term%22%3A%22recurso-adecuacion-agroindustrial%22%7D%2C%22sentence%22%3Atrue%2C%22search_in_taxonomy%22%3Atrue%2C%22search_in_taxonomy_source%22%3A%5B%22elementor_library_category%22%2C%22acciones-relacionadas%22%5D%7D,"['Si cumplo', 'No cumplo', 'No cumplo, pero me es factible', 'No aplica a mi sistema productivo']","[62, 63, 64, 65, 66, 67, 177, 312, 456]"
A120,Básico,2,Social,Condiciones de Trabajo y Protección Social,Velar y garantizar la salud y seguridad de las personas que trabajan en la planta,La planta cuenta con una persona encargada del programa de prevención de riesgos (prevencionista de riesgos) o un convenio con una mutual que desarrolle esta labor.,Contrato con profesional prevencionista o convenio con la Mutual de seguridad.,Archivo,https://ciruelacertificada.cl/?s=A120&jet_ajax_search_settings=%7B%22current_query%22%3A%7B%22taxonomy%22%3A%22estandares-recursos%22%2C%22term%22%3A%22recurso-adecuacion-agroindustrial%22%7D%2C%22sentence%22%3Atrue%2C%22search_in_taxonomy%22%3Atrue%2C%22search_in_taxonomy_source%22%3A%5B%22elementor_library_category%22%2C%22acciones-relacionadas%22%5D%7D,"['Si cumplo', 'No cumplo', 'No cumplo, pero me es factible', 'No aplica a mi sistema productivo']","[178, 313, 457]"
A121,Intermedio,3,Social,Condiciones de Trabajo y Protección Social,Velar y garantizar la salud y seguridad de las personas que trabajan en la planta,La planta implementa un programa de gestión de riesgos para quienes trabajan en ella.,Documento con el programa de prevención de riesgos que contemple los siguientes aspectos: * Identificación y evaluación de riesgos. * Medidas preventivas y de protección. * Vigilancia de la salud. * Investigación de accidentes e incidentes.,Archivo,https://ciruelacertificada.cl/?s=A121&jet_ajax_search_settings=%7B%22current_query%22%3A%7B%22taxonomy%22%3A%22estandares-recursos%22%2C%22term%22%3A%22recurso-adecuacion-agroindustrial%22%7D%2C%22sentence%22%3Atrue%2C%22search_in_taxonomy%22%3Atrue%2C%22search_in_taxonomy_source%22%3A%5B%22elementor_library_category%22%2C%22acciones-relacionadas%22%5D%7D,"['Si cumplo', 'No cumplo', 'No cumplo, pero me es factible', 'No aplica a mi sistema productivo']","[33, 179, 314, 458]"
A122,Avanzado,4,Social,Condiciones de Trabajo y Protección Social,Velar y garantizar la salud y seguridad de las personas que trabajan en la planta,"La planta somete a exámenes médicos, al menos una vez al año, a quienes trabajan en ella y que normalmente estén expuestos a labores que puedan generar un riesgo para su salud (ruido, sustancias tóxicas, entre otros) y entrega los resultados a cada uno.","Registro de que las personas que manejan productos agroquímicos, cuentan con exámenes médicos vigentes (al menos de un año). Por ejemplo: ruido, oído medio, control de sangre preventivo, examen general, examen de colinesterasa, etc. (mutual).",Archivo,https://ciruelacertificada.cl/?s=A122&jet_ajax_search_settings=%7B%22current_query%22%3A%7B%22taxonomy%22%3A%22estandares-recursos%22%2C%22term%22%3A%22recurso-adecuacion-agroindustrial%22%7D%2C%22sentence%22%3Atrue%2C%22search_in_taxonomy%22%3Atrue%2C%22search_in_taxonomy_source%22%3A%5B%22elementor_library_category%22%2C%22acciones-relacionadas%22%5D%7D,"['Si cumplo', 'No cumplo', 'No cumplo, pero me es factible', 'No aplica a mi sistema productivo']","[180, 315, 459]"
A123,Fundamental,5,Social,Condiciones de Trabajo y Protección Social,Velar por el bienestar social y laboral de las personas que trabajan en la planta,"La planta no discrimina por raza, color, religión, género, nacionalidad, tendencia política, etc.",Documento con el reglamento interno de la planta.,Archivo,https://ciruelacertificada.cl/?s=A123&jet_ajax_search_settings=%7B%22current_query%22%3A%7B%22taxonomy%22%3A%22estandares-recursos%22%2C%22term%22%3A%22recurso-adecuacion-agroindustrial%22%7D%2C%22sentence%22%3Atrue%2C%22search_in_taxonomy%22%3Atrue%2C%22search_in_taxonomy_source%22%3A%5B%22elementor_library_category%22%2C%22acciones-relacionadas%22%5D%7D,"['Si cumplo', 'No cumplo', 'No cumplo, pero me es factible', 'No aplica a mi sistema productivo']","[181, 316, 460]"
A124,Intermedio,3,Social,Condiciones de Trabajo y Protección Social,Velar por el bienestar social y laboral de las personas que trabajan en la planta,"La planta capacita a quienes trabajan en ella sobre cómo desempeñar las labores asociadas a su trabajo, buscando la eficiencia en su desempeño.","Registro de ejecución de capacitaciones (lista de asistencia identificando sexo de quien participa, tema expuesto, persona que expone, material expuesto, registro fotográfico y certificación entregada). Se verifica que al menos una persona atingente al área, haya recibido esta capacitación.",Foto,https://ciruelacertificada.cl/?s=A124&jet_ajax_search_settings=%7B%22current_query%22%3A%7B%22taxonomy%22%3A%22estandares-recursos%22%2C%22term%22%3A%22recurso-adecuacion-agroindustrial%22%7D%2C%22sentence%22%3Atrue%2C%22search_in_taxonomy%22%3Atrue%2C%22search_in_taxonomy_source%22%3A%5B%22elementor_library_category%22%2C%22acciones-relacionadas%22%5D%7D,"['Si cumplo', 'No cumplo', 'No cumplo, pero me es factible', 'No aplica a mi sistema productivo']","[54, 182, 317, 461]"
A125,Avanzado,4,Social,Condiciones de Trabajo y Protección Social,Velar por el bienestar social y laboral de las personas que trabajan en la planta,La planta cuenta con un programa para promover estilos de vida saludables y prevenir dependencias a drogas y alcohol.,"Portafolio de evidencia que respalde la existencia del programa con listado de potenciales instituciones u organizaciones de apoyo, públicas o privadas.",Archivo,https://ciruelacertificada.cl/?s=A125&jet_ajax_search_settings=%7B%22current_query%22%3A%7B%22taxonomy%22%3A%22estandares-recursos%22%2C%22term%22%3A%22recurso-adecuacion-agroindustrial%22%7D%2C%22sentence%22%3Atrue%2C%22search_in_taxonomy%22%3Atrue%2C%22search_in_taxonomy_source%22%3A%5B%22elementor_library_category%22%2C%22acciones-relacionadas%22%5D%7D,"['Si cumplo', 'No cumplo', 'No cumplo, pero me es factible', 'No aplica a mi sistema productivo']","[183, 318, 462]"
A126,Básico,2,Social,Condiciones de Trabajo y Protección Social,Respetar los derechos laborales de las personas que trabajan en la planta,"La planta se asegura de que las personas que trabajan en ella, conozcan sus derechos y obligaciones, relacionados con la situación contractual con la empresa y las leyes laborales vigentes.","Son válidos alguno de los siguientes documentos: * Registro de información entregada a través de correos electrónicos, folletos, publicaciones en diarios murales y/o registros de capacitaciones asociadas al tema. * Registro de entrega del Reglamento interno. * Registro de inducciones o documento con instrucciones respecto al puesto de trabajo.",Archivo,https://ciruelacertificada.cl/?s=A126&jet_ajax_search_settings=%7B%22current_query%22%3A%7B%22taxonomy%22%3A%22estandares-recursos%22%2C%22term%22%3A%22recurso-adecuacion-agroindustrial%22%7D%2C%22sentence%22%3Atrue%2C%22search_in_taxonomy%22%3Atrue%2C%22search_in_taxonomy_source%22%3A%5B%22elementor_library_category%22%2C%22acciones-relacionadas%22%5D%7D,"['Si cumplo', 'No cumplo', 'No cumplo, pero me es factible', 'No aplica a mi sistema productivo']","[184, 319, 463]"
A127,Básico,2,Social,Condiciones de Trabajo y Protección Social,Respetar los derechos laborales de las personas que trabajan en la planta,La planta respeta y adhiere a las leyes aplicables a los derechos laborales de las personas que trabajan en ella.,"Documentación con contratos de trabajo, finiquitos, registro de asistencia y pago de leyes sociales que indiquen lo siguiente. - No supera el máximo de horas diarias y semanales permitidas. - No supera el máximo de horas extras permitidas. - Provee de pausas diarias para el almuerzo y el descanso. - Otorga tiempo libre pagado por vacaciones y licencia por enfermedad. - Posibilita la desvinculación voluntaria en casos específicos. - Emplea prácticas de pago transparentes y justas.",Archivo,https://ciruelacertificada.cl/?s=A127&jet_ajax_search_settings=%7B%22current_query%22%3A%7B%22taxonomy%22%3A%22estandares-recursos%22%2C%22term%22%3A%22recurso-adecuacion-agroindustrial%22%7D%2C%22sentence%22%3Atrue%2C%22search_in_taxonomy%22%3Atrue%2C%22search_in_taxonomy_source%22%3A%5B%22elementor_library_category%22%2C%22acciones-relacionadas%22%5D%7D,"['Si cumplo', 'No cumplo', 'No cumplo, pero me es factible', 'No aplica a mi sistema productivo']","[185, 320, 464]"
A128,Intermedio,3,Social,Condiciones de Trabajo y Protección Social,Respetar los derechos laborales de las personas que trabajan en la planta,"La planta promueve la equidad de género en su política de contrataciones, evidenciando que no existe solicitud específica de género en sus ofertas laborales.",Son válidos alguno de los siguientes documentos: * Política o procedimientos de contratación de la planta. * Registro de ofertas laborales del último año en las que se evidencie que no se solicita que la persona pertenezca a un género en específico.,Archivo,https://ciruelacertificada.cl/?s=A128&jet_ajax_search_settings=%7B%22current_query%22%3A%7B%22taxonomy%22%3A%22estandares-recursos%22%2C%22term%22%3A%22recurso-adecuacion-agroindustrial%22%7D%2C%22sentence%22%3Atrue%2C%22search_in_taxonomy%22%3Atrue%2C%22search_in_taxonomy_source%22%3A%5B%22elementor_library_category%22%2C%22acciones-relacionadas%22%5D%7D,"['Si cumplo', 'No cumplo', 'No cumplo, pero me es factible', 'No aplica a mi sistema productivo']","[186, 321, 465]"
A129,Fundamental,5,Ética,Debida diligencia de la Legislación,"Asegurar la debida diligencia de todas las leyes, reglamentaciones, certificaciones aplicables para la industria, tanto a nivel nacional como de los mercados de destino a nivel internacional","La planta identifica las legislaciones relacionadas con las obligaciones prioritarias para la empresa, a través de una matriz de riesgos.","Se requiere matriz con listado de normativas aplicables para la planta que incluya la siguiente información: * Tipo de documento (ley, resolución, decreto, norma, etc.) y entidad o Ministerio. * Identificación de normativas prioritarias. * Acciones requeridas para verificar y asegurar su cumplimiento. Adicionalmente, se debe mantener al menos una copia de las normativas prioritarias, ya sea como documento impreso y/o registro digital.",Archivo,https://ciruelacertificada.cl/?s=A129&jet_ajax_search_settings=%7B%22current_query%22%3A%7B%22taxonomy%22%3A%22estandares-recursos%22%2C%22term%22%3A%22recurso-adecuacion-agroindustrial%22%7D%2C%22sentence%22%3Atrue%2C%22search_in_taxonomy%22%3Atrue%2C%22search_in_taxonomy_source%22%3A%5B%22elementor_library_category%22%2C%22acciones-relacionadas%22%5D%7D,"['Si cumplo', 'No cumplo', 'No cumplo, pero me es factible', 'No aplica a mi sistema productivo']","[41, 196, 331, 466]"
A130,Fundamental,5,Ética,Debida diligencia de la Legislación,"Asegurar la debida diligencia de todas las leyes, reglamentaciones, certificaciones aplicables para la industria, tanto a nivel nacional como de los mercados de destino a nivel internacional",Los personas que trabajan en la planta han sido capacitadas y conocen la legislación aplicable a sus labores.,"Registro de ejecución de capacitaciones (lista de asistencia identificando sexo de quien participa, tema expuesto, persona que expone, material expuesto, registro fotográfico y certificación entregada). Se verifica que al menos una persona atingente al área, haya recibido esta capacitación.",Foto,https://ciruelacertificada.cl/?s=A130&jet_ajax_search_settings=%7B%22current_query%22%3A%7B%22taxonomy%22%3A%22estandares-recursos%22%2C%22term%22%3A%22recurso-adecuacion-agroindustrial%22%7D%2C%22sentence%22%3Atrue%2C%22search_in_taxonomy%22%3Atrue%2C%22search_in_taxonomy_source%22%3A%5B%22elementor_library_category%22%2C%22acciones-relacionadas%22%5D%7D,"['Si cumplo', 'No cumplo', 'No cumplo, pero me es factible', 'No aplica a mi sistema productivo']","[55, 197, 332, 467]"
A131,Básico,2,Ética,Debida diligencia de la Legislación,"Asegurar la debida diligencia de todas las leyes, reglamentaciones, certificaciones aplicables para la industria, tanto a nivel nacional como de los mercados de destino a nivel internacional",La planta guarda los registros que acrediten el cumplimiento de las diferentes legislaciones o certificaciones durante un plazo de al menos 5 años.,Inspección visual de documentos de registro archivados o documentos digitales almacenados.,Archivo,https://ciruelacertificada.cl/?s=A131&jet_ajax_search_settings=%7B%22current_query%22%3A%7B%22taxonomy%22%3A%22estandares-recursos%22%2C%22term%22%3A%22recurso-adecuacion-agroindustrial%22%7D%2C%22sentence%22%3Atrue%2C%22search_in_taxonomy%22%3Atrue%2C%22search_in_taxonomy_source%22%3A%5B%22elementor_library_category%22%2C%22acciones-relacionadas%22%5D%7D,"['Si cumplo', 'No cumplo', 'No cumplo, pero me es factible', 'No aplica a mi sistema productivo']","[198, 333, 468]"
A132,Básico,2,Ética,Debida diligencia de la Legislación,"Asegurar la debida diligencia de todas las leyes, reglamentaciones, certificaciones aplicables para la industria, tanto a nivel nacional como de los mercados de destino a nivel internacional","La planta demuestra un título o contrato de uso de tierra claro en conformidad con las prácticas, uso de suelo y legislaciones nacionales.",Son válidos los siguientes documentos de validación. * Escritura de propiedad que verifique el uso de suelo. * Copia de instrumentos de ordenamiento territorial que verifiquen uso de suelo.,Archivo,https://ciruelacertificada.cl/?s=A132&jet_ajax_search_settings=%7B%22current_query%22%3A%7B%22taxonomy%22%3A%22estandares-recursos%22%2C%22term%22%3A%22recurso-adecuacion-agroindustrial%22%7D%2C%22sentence%22%3Atrue%2C%22search_in_taxonomy%22%3Atrue%2C%22search_in_taxonomy_source%22%3A%5B%22elementor_library_category%22%2C%22acciones-relacionadas%22%5D%7D,"['Si cumplo', 'No cumplo', 'No cumplo, pero me es factible', 'No aplica a mi sistema productivo']","[199, 334, 469]"
A133,Básico,2,Ética,Debida diligencia de la Legislación,"Asegurar la debida diligencia de todas las leyes, reglamentaciones, certificaciones aplicables para la industria, tanto a nivel nacional como de los mercados de destino a nivel internacional",La planta posee Derechos de Aprovechamiento de Aguas inscritos en conformidad con las legislaciones nacionales.,Son válidos los siguientes documentos de validación. * Registro en el Conservador de Bienes Raíces (CBR). * Catastro Público de Aguas de la DGA.,Archivo,https://ciruelacertificada.cl/?s=A133&jet_ajax_search_settings=%7B%22current_query%22%3A%7B%22taxonomy%22%3A%22estandares-recursos%22%2C%22term%22%3A%22recurso-adecuacion-agroindustrial%22%7D%2C%22sentence%22%3Atrue%2C%22search_in_taxonomy%22%3Atrue%2C%22search_in_taxonomy_source%22%3A%5B%22elementor_library_category%22%2C%22acciones-relacionadas%22%5D%7D,"['Si cumplo', 'No cumplo', 'No cumplo, pero me es factible', 'No aplica a mi sistema productivo']","[200, 335, 470]"
A134,Avanzado,4,Ética,Debida diligencia de la Legislación,"Asegurar la debida diligencia de todas las leyes, reglamentaciones, certificaciones aplicables para la industria, tanto a nivel nacional como de los mercados de destino a nivel internacional",La planta mantiene un diálogo permanente con las instituciones asociadas a las entidades legisladoras a nivel territorial o regional.,Son válidos los siguientes documentos: * Actas de reuniones realizadas a través de la Ley de Lobby. * Actas de reuniones con entidades legisladoras a la empresa.,Archivo,https://ciruelacertificada.cl/?s=A134&jet_ajax_search_settings=%7B%22current_query%22%3A%7B%22taxonomy%22%3A%22estandares-recursos%22%2C%22term%22%3A%22recurso-adecuacion-agroindustrial%22%7D%2C%22sentence%22%3Atrue%2C%22search_in_taxonomy%22%3Atrue%2C%22search_in_taxonomy_source%22%3A%5B%22elementor_library_category%22%2C%22acciones-relacionadas%22%5D%7D,"['Si cumplo', 'No cumplo', 'No cumplo, pero me es factible', 'No aplica a mi sistema productivo']","[58, 201, 336, 471]"
A135,Avanzado,4,Ética,Debida diligencia de la Legislación,"Asegurar la debida diligencia de todas las leyes, reglamentaciones, certificaciones aplicables para la industria, tanto a nivel nacional como de los mercados de destino a nivel internacional",Las empresas realizan un autodiagnóstico de conducta empresarial responsable y debida diligencia en derechos humanos.,Autodiagnóstico con alguna de las herramientas de autoevaluación de debida diligencia de derechos humanos.,Archivo,https://ciruelacertificada.cl/?s=A135&jet_ajax_search_settings=%7B%22current_query%22%3A%7B%22taxonomy%22%3A%22estandares-recursos%22%2C%22term%22%3A%22recurso-adecuacion-agroindustrial%22%7D%2C%22sentence%22%3Atrue%2C%22search_in_taxonomy%22%3Atrue%2C%22search_in_taxonomy_source%22%3A%5B%22elementor_library_category%22%2C%22acciones-relacionadas%22%5D%7D,"['Si cumplo', 'No cumplo', 'No cumplo, pero me es factible', 'No aplica a mi sistema productivo']","[202, 337, 472]"
