dimension,theme,type,detail,standard_code,urls,resource_code
Ambiente,Agua,Señalética,Evite el desperdicio de agua,A007,"{'web': 'https://ciruelacertificada.cl/recurso/senaletica-evite-el-desperdicio-de-agua/', 'pdf': 'http://ciruelacertificada.cl/wp-content/uploads/2025/01/P9-A7-.pdf'}",000000
Ambiente,Agua,TDR,TDR para la contratación de empresa que realice plan de gestión del recurso hídrico,A005,"{'web': 'https://ciruelacertificada.cl/recurso/tdr-para-la-contratacion-de-empresa-que-realice-plan-de-gestion-del-recurso-hidrico/', 'pdf': 'https://ciruelacertificada.cl/wp-content/uploads/2024/12/P7-A5-TDR-Plan-gestion-recurso-hidrico.pdf', 'word': 'https://ciruelacertificada.cl/wp-content/uploads/2024/12/P7-A5-TDR-Plan-gestion-recurso-hidrico.docx'}",000001
Ambiente,Agua,Registro,"Registro de mantenciones, fugas o reparaciones",A008,"{'web': 'https://ciruelacertificada.cl/recurso/registro-de-mantenciones-fugas-o-reparaciones/', 'pdf': 'http://ciruelacertificada.cl/wp-content/uploads/2025/01/P815-22-55-61-76-A8-9-40-59-82-Mantenciones.pdf', 'word': 'http://ciruelacertificada.cl/wp-content/uploads/2025/01/P815-22-55-61-76-A8-9-40-59-82-Mantenciones.docx', 'excel': 'http://ciruelacertificada.cl/wp-content/uploads/2025/01/P815-22-55-61-76-A8-9-40-59-82-Mantenciones.xlsx'}",000002
Ambiente,Agua,Registro,"Registro de mantenciones, fugas o reparaciones",A009,"{'web': 'https://ciruelacertificada.cl/recurso/registro-de-mantenciones-fugas-o-reparaciones/', 'pdf': 'http://ciruelacertificada.cl/wp-content/uploads/2025/01/P815-22-55-61-76-A8-9-40-59-82-Mantenciones.pdf', 'word': 'http://ciruelacertificada.cl/wp-content/uploads/2025/01/P815-22-55-61-76-A8-9-40-59-82-Mantenciones.docx', 'excel': 'http://ciruelacertificada.cl/wp-content/uploads/2025/01/P815-22-55-61-76-A8-9-40-59-82-Mantenciones.xlsx'}",000003
Ambiente,Agua,Registro,"Registro de mantenciones, fugas o reparaciones",A040,"{'web': 'https://ciruelacertificada.cl/recurso/registro-de-mantenciones-fugas-o-reparaciones/', 'pdf': 'http://ciruelacertificada.cl/wp-content/uploads/2025/01/P815-22-55-61-76-A8-9-40-59-82-Mantenciones.pdf', 'word': 'http://ciruelacertificada.cl/wp-content/uploads/2025/01/P815-22-55-61-76-A8-9-40-59-82-Mantenciones.docx', 'excel': 'http://ciruelacertificada.cl/wp-content/uploads/2025/01/P815-22-55-61-76-A8-9-40-59-82-Mantenciones.xlsx'}",000004
Ambiente,Agua,Registro,"Registro de mantenciones, fugas o reparaciones",A059,"{'web': 'https://ciruelacertificada.cl/recurso/registro-de-mantenciones-fugas-o-reparaciones/', 'pdf': 'http://ciruelacertificada.cl/wp-content/uploads/2025/01/P815-22-55-61-76-A8-9-40-59-82-Mantenciones.pdf', 'word': 'http://ciruelacertificada.cl/wp-content/uploads/2025/01/P815-22-55-61-76-A8-9-40-59-82-Mantenciones.docx', 'excel': 'http://ciruelacertificada.cl/wp-content/uploads/2025/01/P815-22-55-61-76-A8-9-40-59-82-Mantenciones.xlsx'}",000005
Ambiente,Agua,Registro,"Registro de mantenciones, fugas o reparaciones",A082,"{'web': 'https://ciruelacertificada.cl/recurso/registro-de-mantenciones-fugas-o-reparaciones/', 'pdf': 'http://ciruelacertificada.cl/wp-content/uploads/2025/01/P815-22-55-61-76-A8-9-40-59-82-Mantenciones.pdf', 'word': 'http://ciruelacertificada.cl/wp-content/uploads/2025/01/P815-22-55-61-76-A8-9-40-59-82-Mantenciones.docx', 'excel': 'http://ciruelacertificada.cl/wp-content/uploads/2025/01/P815-22-55-61-76-A8-9-40-59-82-Mantenciones.xlsx'}",000006
Ambiente,Biodiversidad,Señalética,No realizar labores de limpieza de zanjas o poda de corta vientos en época de anidación de aves,A026,"{'web': 'https://ciruelacertificada.cl/recurso/senaletica-no-realizar-labores-de-limpieza-de-zanjas-o-poda-de-corta-vientos-en-epoca-de-anidacion-de-aves/', 'pdf': 'http://ciruelacertificada.cl/wp-content/uploads/2025/02/P45-A26-labores.pdf'}",000007
Ambiente,Biodiversidad,Señalética,"No cazar, pescar o recolectar animales",A026,{'web': 'https://ciruelacertificada.cl/recurso/senaletica-no-cazar-pescar-o-recolectar-animales/'},000008
Ambiente,Biodiversidad,Señalética,Prohibido el ingreso de mascotas,A026,"{'web': 'https://ciruelacertificada.cl/recurso/senaletica-prohibido-el-ingreso-de-mascotas/', 'pdf': 'http://ciruelacertificada.cl/wp-content/uploads/2025/01/P45-A26-PROHIBIDO-1.pdf'}",000009
Ambiente,Biodiversidad,Señalética,No retener la vida silvestre en cautiverio,A026,"{'web': 'https://ciruelacertificada.cl/recurso/senaletica-no-retener-la-vida-silvestre-en-cautiverio/', 'pdf': 'http://ciruelacertificada.cl/wp-content/uploads/2025/01/P45-A26-No-retener-vida-silvestre.pdf'}",000010
Ambiente,Biodiversidad,TDR,TDR Diagnóstico de la biodiversidad,A018,"{'web': 'https://ciruelacertificada.cl/recurso/tdr-diagnostico-de-la-biodiversidad/', 'pdf': 'http://ciruelacertificada.cl/wp-content/uploads/2025/03/P36-A18-Diagnostico-biodiversidad.pdf', 'word': 'http://ciruelacertificada.cl/wp-content/uploads/2025/01/P36-A18-Diagnostico-biodiversidad.docx'}",000011
Ambiente,Biodiversidad,TDR,TDR Plan de gestión de la biodiversidad,A019,"{'web': 'https://ciruelacertificada.cl/recurso/tdr-plan-de-gestion-de-la-biodiversidad/', 'pdf': 'http://ciruelacertificada.cl/wp-content/uploads/2025/03/P37-A19-Plan-gestion-biodiversidad.pdf', 'word': 'http://ciruelacertificada.cl/wp-content/uploads/2025/01/P37-A19-Plan-gestion-biodiversidad.docx'}",000012
Ambiente,Biodiversidad,Registro,Registro de especies exóticas invasoras,A024,"{'web': 'https://ciruelacertificada.cl/recurso/registro-de-especies-exoticas-invasoras/', 'pdf': 'http://ciruelacertificada.cl/wp-content/uploads/2025/01/P43-A24-Registro-de-especies-exoticas.pdf', 'word': 'http://ciruelacertificada.cl/wp-content/uploads/2025/01/P43-A24-Registro-de-especies-exoticas.docx', 'excel': 'http://ciruelacertificada.cl/wp-content/uploads/2025/01/P43-A24-Registro-de-especies-exoticas.xlsx'}",000013
Ambiente,Residuos,Señalética,Contactos,A041,"{'web': 'https://ciruelacertificada.cl/recurso/senaletica-contactos/', 'pdf': 'http://ciruelacertificada.cl/wp-content/uploads/2025/01/P62-A41-.pdf'}",000014
Ambiente,Residuos,Señalética,Residuos no reciclables,A049,"{'web': 'https://ciruelacertificada.cl/recurso/senaletica-residuos-no-reciclables/', 'pdf': 'http://ciruelacertificada.cl/wp-content/uploads/2025/01/P67-A49-No-reciclables.pdf'}",000015
Ambiente,Residuos,Señalética,Residuos peligrosos,A049,"{'web': 'https://ciruelacertificada.cl/recurso/senaletica-residuos-peligrosos/', 'pdf': 'http://ciruelacertificada.cl/wp-content/uploads/2025/01/P67-A49-Peligrosos.pdf'}",000016
Ambiente,Residuos,Señalética,Zona de reciclaje,A049,"{'web': 'https://ciruelacertificada.cl/recurso/senaletica-zona-de-reciclaje/', 'pdf': 'http://ciruelacertificada.cl/wp-content/uploads/2025/03/Accion-67-PP-49-AA-Zona-de-reciclaje-50x50cm.pdf'}",000017
Ambiente,Residuos,Registro,Registro de identificación de residuos,A037,"{'web': 'https://ciruelacertificada.cl/recurso/registro-de-identificacion-de-residuos/', 'pdf': 'http://ciruelacertificada.cl/wp-content/uploads/2025/01/P58-A37-Registrp-de-identificacion-de-residuos.pdf', 'word': 'http://ciruelacertificada.cl/wp-content/uploads/2025/01/P58-A37-Registrp-de-identificacion-de-residuos.docx', 'excel': 'http://ciruelacertificada.cl/wp-content/uploads/2025/01/P58-A37-Registrp-de-identificacion-de-residuos.xlsx'}",000018
Ambiente,Energía,Señalética,Uso eficiente de la energía,A058,"{'web': 'https://ciruelacertificada.cl/recurso/senaletica-uso-eficiente-de-la-energia/', 'pdf': 'http://ciruelacertificada.cl/wp-content/uploads/2025/02/A58-P75-Uso-Energia-1.pdf'}",000019
Ambiente,Energía,Señalética,Ahorro de energía,A056,"{'web': 'https://ciruelacertificada.cl/recurso/senaletica-ahorro-de-energia/', 'pdf': 'http://ciruelacertificada.cl/wp-content/uploads/2025/01/P74-A56-Ahorro-energia.pdf'}",000020
Ambiente,Energía,Señalética,Realizar mantenciones preventivas,A056,"{'web': 'https://ciruelacertificada.cl/recurso/senaletica-realizar-mantenciones-preventivas/', 'pdf': 'http://ciruelacertificada.cl/wp-content/uploads/2025/01/P74-A56-Mantenciones.pdf'}",000021
Ambiente,Energía,Señalética,Regular el consumo de agua caliente,A056,"{'web': 'https://ciruelacertificada.cl/recurso/senaletica-regular-el-consumo-de-agua-caliente/', 'pdf': 'http://ciruelacertificada.cl/wp-content/uploads/2025/01/P74-A56-Agua-caliente.pdf'}",000022
Ambiente,Energía,TDR,TDR: Diagnóstico Energético,A054,"{'web': 'https://ciruelacertificada.cl/recurso/tdr-diagnostico-energetico/', 'pdf': 'http://ciruelacertificada.cl/wp-content/uploads/2025/02/P71-A54-TDR-Diagnostico-Energetico.pdf', 'word': 'http://ciruelacertificada.cl/wp-content/uploads/2025/02/P71-A54-TDR-Diagnostico-Energetico.docx'}",000023
Ambiente,Energía,TDR,TDR: Plan de eficiencia enerética,A055,"{'web': 'https://ciruelacertificada.cl/recurso/tdr-plan-de-eficiencia-eneretica/', 'pdf': 'http://ciruelacertificada.cl/wp-content/uploads/2025/02/P73-A55-TDR-Plan-de-eficiencia-Energetica.pdf', 'word': 'http://ciruelacertificada.cl/wp-content/uploads/2025/02/P73-A55-TDR-Plan-de-eficiencia-Energetica.docx'}",000024
Ambiente,Energía,Registro,Registro de consumo energético,A052,"{'web': 'https://ciruelacertificada.cl/recurso/registro-de-consumo-energetico/', 'pdf': 'http://ciruelacertificada.cl/wp-content/uploads/2025/02/P70-A52-Registro-consmo-energia.pdf', 'word': 'http://ciruelacertificada.cl/wp-content/uploads/2025/02/P70-A52-Registro-consmo-energia.docx', 'excel': 'http://ciruelacertificada.cl/wp-content/uploads/2025/02/P70-A52-Registro-consmo-energia-1.xlsx'}",000025
Ambiente,GEI,TDR,TDR Cuantificación de emisiones GEI,A063,"{'web': 'https://ciruelacertificada.cl/recurso/tdr-cuantificacion-de-emisiones-gei/', 'pdf': 'http://ciruelacertificada.cl/wp-content/uploads/2025/02/A63-A64-A66-P79-P80-P82-TDR-Cuantificacion-de-emisiones-GEI.pdf', 'word': 'http://ciruelacertificada.cl/wp-content/uploads/2025/02/A63-A64-A66-P79-P80-P82-TDR-Cuantificacion-de-emisiones-GEI.docx'}",000026
Ambiente,GEI,TDR,TDR Cuantificación de emisiones GEI,A064,"{'web': 'https://ciruelacertificada.cl/recurso/tdr-cuantificacion-de-emisiones-gei/', 'pdf': 'http://ciruelacertificada.cl/wp-content/uploads/2025/02/A63-A64-A66-P79-P80-P82-TDR-Cuantificacion-de-emisiones-GEI.pdf', 'word': 'http://ciruelacertificada.cl/wp-content/uploads/2025/02/A63-A64-A66-P79-P80-P82-TDR-Cuantificacion-de-emisiones-GEI.docx'}",000027
Ambiente,GEI,TDR,TDR Cuantificación de emisiones GEI,A066,"{'web': 'https://ciruelacertificada.cl/recurso/tdr-cuantificacion-de-emisiones-gei/', 'pdf': 'http://ciruelacertificada.cl/wp-content/uploads/2025/02/A63-A64-A66-P79-P80-P82-TDR-Cuantificacion-de-emisiones-GEI.pdf', 'word': 'http://ciruelacertificada.cl/wp-content/uploads/2025/02/A63-A64-A66-P79-P80-P82-TDR-Cuantificacion-de-emisiones-GEI.docx'}",000028
Ambiente,GEI,Registro,Registro emisiones GEI,A063,"{'web': 'https://ciruelacertificada.cl/recurso/registro-emisiones-gei/', 'pdf': 'http://ciruelacertificada.cl/wp-content/uploads/2025/02/P79-P80-A63-A64-Registro-emisiones-GEI.pdf', 'word': 'http://ciruelacertificada.cl/wp-content/uploads/2025/02/P79-P80-A63-A64-Registro-emisiones-GEI.docx', 'excel': 'http://ciruelacertificada.cl/wp-content/uploads/2025/02/P79-P80-A63-A64-Registro-emisiones-GEI.xlsx'}",000029
Ambiente,GEI,Registro,Registro emisiones GEI,A064,"{'web': 'https://ciruelacertificada.cl/recurso/registro-emisiones-gei/', 'pdf': 'http://ciruelacertificada.cl/wp-content/uploads/2025/02/P79-P80-A63-A64-Registro-emisiones-GEI.pdf', 'word': 'http://ciruelacertificada.cl/wp-content/uploads/2025/02/P79-P80-A63-A64-Registro-emisiones-GEI.docx', 'excel': 'http://ciruelacertificada.cl/wp-content/uploads/2025/02/P79-P80-A63-A64-Registro-emisiones-GEI.xlsx'}",000030
Calidad,Calidad,Registro,Registro de labores productivas en planta,A076,"{'web': 'https://ciruelacertificada.cl/recurso/registro-de-labores-productivas-en-planta/', 'pdf': 'http://ciruelacertificada.cl/wp-content/uploads/2025/03/A76-Registro-de-labores-productivas.pdf', 'word': 'http://ciruelacertificada.cl/wp-content/uploads/2025/03/A76-Registro-de-labores-productivas.docx', 'excel': 'http://ciruelacertificada.cl/wp-content/uploads/2025/03/A76-Registro-de-labores-productivas.xlsx'}",000031
Calidad,Inocuidad,Señalética,Mantenga la higiene al manipular la fruta,A084,"{'web': 'https://ciruelacertificada.cl/recurso/senaletica-mantenga-la-higiene-al-manipular-la-fruta/', 'pdf': 'http://ciruelacertificada.cl/wp-content/uploads/2025/01/A84-Higiene-al-manipular-la-fruta.pdf'}",000032
Social,Condiciones de trabajo,TDR,TDR Programa de prevención de riesgos,A121,"{'web': 'https://ciruelacertificada.cl/recurso/tdr-programa-de-prevencion-de-riesgos/', 'pdf': 'http://ciruelacertificada.cl/wp-content/uploads/2025/03/P131-A-121.pdf', 'word': 'http://ciruelacertificada.cl/wp-content/uploads/2025/03/P131-A-121.docx'}",000033
Social,Condiciones de trabajo,Registro,Registro de la gestión de seguridad de los trabajadores,A118,"{'web': 'https://ciruelacertificada.cl/recurso/registro-de-la-gestion-de-seguridad-de-los-trabajadores/', 'pdf': 'http://ciruelacertificada.cl/wp-content/uploads/2025/03/P126-A128-Restion-de-seguridad-de-los-trabajadores.pdf', 'word': 'http://ciruelacertificada.cl/wp-content/uploads/2025/03/P126-A128-Restion-de-seguridad-de-los-trabajadores.docx', 'excel': 'http://ciruelacertificada.cl/wp-content/uploads/2025/03/P126-A128-Restion-de-seguridad-de-los-trabajadores.xlsx'}",000034
Social,Comunidades locales,Registro,Mapeo de actores con identificación de impactos ,A107,"{'web': 'https://ciruelacertificada.cl/recurso/mapeo-de-actores-con-identificacion-de-impactos/', 'pdf': 'http://ciruelacertificada.cl/wp-content/uploads/2025/03/P114-A107-Mapeo-de-actores.pdf', 'word': 'http://ciruelacertificada.cl/wp-content/uploads/2025/03/P114-A107-Mapeo-de-actores.docx', 'excel': 'http://ciruelacertificada.cl/wp-content/uploads/2025/03/P114-A107-Mapeo-de-actores.xlsx'}",000035
Social,Comunidades locales,Registro,Matriz con medidas de mitigación,A108,"{'web': 'https://ciruelacertificada.cl/recurso/matriz-con-medidas-de-mitigacion/', 'pdf': 'http://ciruelacertificada.cl/wp-content/uploads/2025/03/P115-A108.pdf', 'word': 'http://ciruelacertificada.cl/wp-content/uploads/2025/03/P115-A108.docx', 'excel': 'http://ciruelacertificada.cl/wp-content/uploads/2025/03/P115-A108-Matriz-con-medidas-de-mitigacion.xlsx'}",000036
Social,Comunidades locales,Registro,Libro de reclamos y sugerencias,A114,"{'web': 'https://ciruelacertificada.cl/recurso/libro-de-reclamos-y-sugerencias/', 'pdf': 'http://ciruelacertificada.cl/wp-content/uploads/2025/03/P121-A114-Libro-de-reclamos-y-sugerencias.pdf', 'word': 'http://ciruelacertificada.cl/wp-content/uploads/2025/03/P121-A114-Libro-de-reclamos-y-sugerencias.docx', 'excel': 'http://ciruelacertificada.cl/wp-content/uploads/2025/03/P121-A114-Libro-de-reclamos-y-sugerencias.xlsx'}",000037
Social,Comunidades locales,Registro,Registro de portafolio de evidencia,A109,"{'web': 'https://ciruelacertificada.cl/recurso/registro-de-portafolio-de-evidencia/', 'pdf': 'http://ciruelacertificada.cl/wp-content/uploads/2025/03/P116-P118-P120-A109-A111-A113-Portafolio-de-evidencia.pdf', 'word': 'http://ciruelacertificada.cl/wp-content/uploads/2025/03/P116-P118-P120-A109-A111-A113-Portafolio-de-evidencia.docx', 'excel': 'http://ciruelacertificada.cl/wp-content/uploads/2025/03/P116-P118-P120-A109-A111-A113-Portafolio-de-evidencia.xlsx'}",000038
Social,Comunidades locales,Registro,Registro de portafolio de evidencia,A111,"{'web': 'https://ciruelacertificada.cl/recurso/registro-de-portafolio-de-evidencia/', 'pdf': 'http://ciruelacertificada.cl/wp-content/uploads/2025/03/P116-P118-P120-A109-A111-A113-Portafolio-de-evidencia.pdf', 'word': 'http://ciruelacertificada.cl/wp-content/uploads/2025/03/P116-P118-P120-A109-A111-A113-Portafolio-de-evidencia.docx', 'excel': 'http://ciruelacertificada.cl/wp-content/uploads/2025/03/P116-P118-P120-A109-A111-A113-Portafolio-de-evidencia.xlsx'}",000039
Social,Comunidades locales,Registro,Registro de portafolio de evidencia,A113,"{'web': 'https://ciruelacertificada.cl/recurso/registro-de-portafolio-de-evidencia/', 'pdf': 'http://ciruelacertificada.cl/wp-content/uploads/2025/03/P116-P118-P120-A109-A111-A113-Portafolio-de-evidencia.pdf', 'word': 'http://ciruelacertificada.cl/wp-content/uploads/2025/03/P116-P118-P120-A109-A111-A113-Portafolio-de-evidencia.docx', 'excel': 'http://ciruelacertificada.cl/wp-content/uploads/2025/03/P116-P118-P120-A109-A111-A113-Portafolio-de-evidencia.xlsx'}",000040
Ética,Debida diligencia,Registro,Matriz con listado de normativas aplicables,A129,"{'web': 'https://ciruelacertificada.cl/recurso/matriz-con-listado-de-normativas-aplicables/', 'pdf': 'http://ciruelacertificada.cl/wp-content/uploads/2025/03/P143-A129-Matriz-de-normativas-1.pdf', 'word': 'http://ciruelacertificada.cl/wp-content/uploads/2025/03/P143-A129-Matriz-de-normativas-1.docx', 'excel': 'http://ciruelacertificada.cl/wp-content/uploads/2025/03/P143-A129-Matriz-de-normativas-1.xlsx'}",000041
General,General,Registro,Registro de capacitaciones,A002,"{'web': 'https://ciruelacertificada.cl/recurso/registro-de-capacitaciones/', 'pdf': 'http://ciruelacertificada.cl/wp-content/uploads/2025/03/P2-P4-P27-P38-P63-P68-P72-P81-P89-P110-P112-P113-P134-P139-A2-A4-A20-A42-A50-A53-A65-A72-A83-A103-A105-A106-A124-A130-Registro-de-capacitaciones.pdf', 'word': 'http://ciruelacertificada.cl/wp-content/uploads/2025/03/P2-P4-P27-P38-P63-P68-P72-P81-P89-P110-P112-P113-P134-P139-A2-A4-A20-A42-A50-A53-A65-A72-A83-A103-A105-A106-A124-A130-Registro-de-capacitaciones.docx', 'excel': 'http://ciruelacertificada.cl/wp-content/uploads/2025/03/P2-P4-P27-P38-P63-P68-P72-P81-P89-P110-P112-P113-P134-P139-A2-A4-A20-A42-A50-A53-A65-A72-A83-A103-A105-A106-A124-A130-Registro-de-capacitaciones.xlsx'}",000042
General,General,Registro,Registro de capacitaciones,A004,"{'web': 'https://ciruelacertificada.cl/recurso/registro-de-capacitaciones/', 'pdf': 'http://ciruelacertificada.cl/wp-content/uploads/2025/03/P2-P4-P27-P38-P63-P68-P72-P81-P89-P110-P112-P113-P134-P139-A2-A4-A20-A42-A50-A53-A65-A72-A83-A103-A105-A106-A124-A130-Registro-de-capacitaciones.pdf', 'word': 'http://ciruelacertificada.cl/wp-content/uploads/2025/03/P2-P4-P27-P38-P63-P68-P72-P81-P89-P110-P112-P113-P134-P139-A2-A4-A20-A42-A50-A53-A65-A72-A83-A103-A105-A106-A124-A130-Registro-de-capacitaciones.docx', 'excel': 'http://ciruelacertificada.cl/wp-content/uploads/2025/03/P2-P4-P27-P38-P63-P68-P72-P81-P89-P110-P112-P113-P134-P139-A2-A4-A20-A42-A50-A53-A65-A72-A83-A103-A105-A106-A124-A130-Registro-de-capacitaciones.xlsx'}",000043
General,General,Registro,Registro de capacitaciones,A020,"{'web': 'https://ciruelacertificada.cl/recurso/registro-de-capacitaciones/', 'pdf': 'http://ciruelacertificada.cl/wp-content/uploads/2025/03/P2-P4-P27-P38-P63-P68-P72-P81-P89-P110-P112-P113-P134-P139-A2-A4-A20-A42-A50-A53-A65-A72-A83-A103-A105-A106-A124-A130-Registro-de-capacitaciones.pdf', 'word': 'http://ciruelacertificada.cl/wp-content/uploads/2025/03/P2-P4-P27-P38-P63-P68-P72-P81-P89-P110-P112-P113-P134-P139-A2-A4-A20-A42-A50-A53-A65-A72-A83-A103-A105-A106-A124-A130-Registro-de-capacitaciones.docx', 'excel': 'http://ciruelacertificada.cl/wp-content/uploads/2025/03/P2-P4-P27-P38-P63-P68-P72-P81-P89-P110-P112-P113-P134-P139-A2-A4-A20-A42-A50-A53-A65-A72-A83-A103-A105-A106-A124-A130-Registro-de-capacitaciones.xlsx'}",000044
General,General,Registro,Registro de capacitaciones,A042,"{'web': 'https://ciruelacertificada.cl/recurso/registro-de-capacitaciones/', 'pdf': 'http://ciruelacertificada.cl/wp-content/uploads/2025/03/P2-P4-P27-P38-P63-P68-P72-P81-P89-P110-P112-P113-P134-P139-A2-A4-A20-A42-A50-A53-A65-A72-A83-A103-A105-A106-A124-A130-Registro-de-capacitaciones.pdf', 'word': 'http://ciruelacertificada.cl/wp-content/uploads/2025/03/P2-P4-P27-P38-P63-P68-P72-P81-P89-P110-P112-P113-P134-P139-A2-A4-A20-A42-A50-A53-A65-A72-A83-A103-A105-A106-A124-A130-Registro-de-capacitaciones.docx', 'excel': 'http://ciruelacertificada.cl/wp-content/uploads/2025/03/P2-P4-P27-P38-P63-P68-P72-P81-P89-P110-P112-P113-P134-P139-A2-A4-A20-A42-A50-A53-A65-A72-A83-A103-A105-A106-A124-A130-Registro-de-capacitaciones.xlsx'}",000045
General,General,Registro,Registro de capacitaciones,A050,"{'web': 'https://ciruelacertificada.cl/recurso/registro-de-capacitaciones/', 'pdf': 'http://ciruelacertificada.cl/wp-content/uploads/2025/03/P2-P4-P27-P38-P63-P68-P72-P81-P89-P110-P112-P113-P134-P139-A2-A4-A20-A42-A50-A53-A65-A72-A83-A103-A105-A106-A124-A130-Registro-de-capacitaciones.pdf', 'word': 'http://ciruelacertificada.cl/wp-content/uploads/2025/03/P2-P4-P27-P38-P63-P68-P72-P81-P89-P110-P112-P113-P134-P139-A2-A4-A20-A42-A50-A53-A65-A72-A83-A103-A105-A106-A124-A130-Registro-de-capacitaciones.docx', 'excel': 'http://ciruelacertificada.cl/wp-content/uploads/2025/03/P2-P4-P27-P38-P63-P68-P72-P81-P89-P110-P112-P113-P134-P139-A2-A4-A20-A42-A50-A53-A65-A72-A83-A103-A105-A106-A124-A130-Registro-de-capacitaciones.xlsx'}",000046
General,General,Registro,Registro de capacitaciones,A053,"{'web': 'https://ciruelacertificada.cl/recurso/registro-de-capacitaciones/', 'pdf': 'http://ciruelacertificada.cl/wp-content/uploads/2025/03/P2-P4-P27-P38-P63-P68-P72-P81-P89-P110-P112-P113-P134-P139-A2-A4-A20-A42-A50-A53-A65-A72-A83-A103-A105-A106-A124-A130-Registro-de-capacitaciones.pdf', 'word': 'http://ciruelacertificada.cl/wp-content/uploads/2025/03/P2-P4-P27-P38-P63-P68-P72-P81-P89-P110-P112-P113-P134-P139-A2-A4-A20-A42-A50-A53-A65-A72-A83-A103-A105-A106-A124-A130-Registro-de-capacitaciones.docx', 'excel': 'http://ciruelacertificada.cl/wp-content/uploads/2025/03/P2-P4-P27-P38-P63-P68-P72-P81-P89-P110-P112-P113-P134-P139-A2-A4-A20-A42-A50-A53-A65-A72-A83-A103-A105-A106-A124-A130-Registro-de-capacitaciones.xlsx'}",000047
General,General,Registro,Registro de capacitaciones,A065,"{'web': 'https://ciruelacertificada.cl/recurso/registro-de-capacitaciones/', 'pdf': 'http://ciruelacertificada.cl/wp-content/uploads/2025/03/P2-P4-P27-P38-P63-P68-P72-P81-P89-P110-P112-P113-P134-P139-A2-A4-A20-A42-A50-A53-A65-A72-A83-A103-A105-A106-A124-A130-Registro-de-capacitaciones.pdf', 'word': 'http://ciruelacertificada.cl/wp-content/uploads/2025/03/P2-P4-P27-P38-P63-P68-P72-P81-P89-P110-P112-P113-P134-P139-A2-A4-A20-A42-A50-A53-A65-A72-A83-A103-A105-A106-A124-A130-Registro-de-capacitaciones.docx', 'excel': 'http://ciruelacertificada.cl/wp-content/uploads/2025/03/P2-P4-P27-P38-P63-P68-P72-P81-P89-P110-P112-P113-P134-P139-A2-A4-A20-A42-A50-A53-A65-A72-A83-A103-A105-A106-A124-A130-Registro-de-capacitaciones.xlsx'}",000048
General,General,Registro,Registro de capacitaciones,A072,"{'web': 'https://ciruelacertificada.cl/recurso/registro-de-capacitaciones/', 'pdf': 'http://ciruelacertificada.cl/wp-content/uploads/2025/03/P2-P4-P27-P38-P63-P68-P72-P81-P89-P110-P112-P113-P134-P139-A2-A4-A20-A42-A50-A53-A65-A72-A83-A103-A105-A106-A124-A130-Registro-de-capacitaciones.pdf', 'word': 'http://ciruelacertificada.cl/wp-content/uploads/2025/03/P2-P4-P27-P38-P63-P68-P72-P81-P89-P110-P112-P113-P134-P139-A2-A4-A20-A42-A50-A53-A65-A72-A83-A103-A105-A106-A124-A130-Registro-de-capacitaciones.docx', 'excel': 'http://ciruelacertificada.cl/wp-content/uploads/2025/03/P2-P4-P27-P38-P63-P68-P72-P81-P89-P110-P112-P113-P134-P139-A2-A4-A20-A42-A50-A53-A65-A72-A83-A103-A105-A106-A124-A130-Registro-de-capacitaciones.xlsx'}",000049
General,General,Registro,Registro de capacitaciones,A083,"{'web': 'https://ciruelacertificada.cl/recurso/registro-de-capacitaciones/', 'pdf': 'http://ciruelacertificada.cl/wp-content/uploads/2025/03/P2-P4-P27-P38-P63-P68-P72-P81-P89-P110-P112-P113-P134-P139-A2-A4-A20-A42-A50-A53-A65-A72-A83-A103-A105-A106-A124-A130-Registro-de-capacitaciones.pdf', 'word': 'http://ciruelacertificada.cl/wp-content/uploads/2025/03/P2-P4-P27-P38-P63-P68-P72-P81-P89-P110-P112-P113-P134-P139-A2-A4-A20-A42-A50-A53-A65-A72-A83-A103-A105-A106-A124-A130-Registro-de-capacitaciones.docx', 'excel': 'http://ciruelacertificada.cl/wp-content/uploads/2025/03/P2-P4-P27-P38-P63-P68-P72-P81-P89-P110-P112-P113-P134-P139-A2-A4-A20-A42-A50-A53-A65-A72-A83-A103-A105-A106-A124-A130-Registro-de-capacitaciones.xlsx'}",000050
General,General,Registro,Registro de capacitaciones,A103,"{'web': 'https://ciruelacertificada.cl/recurso/registro-de-capacitaciones/', 'pdf': 'http://ciruelacertificada.cl/wp-content/uploads/2025/03/P2-P4-P27-P38-P63-P68-P72-P81-P89-P110-P112-P113-P134-P139-A2-A4-A20-A42-A50-A53-A65-A72-A83-A103-A105-A106-A124-A130-Registro-de-capacitaciones.pdf', 'word': 'http://ciruelacertificada.cl/wp-content/uploads/2025/03/P2-P4-P27-P38-P63-P68-P72-P81-P89-P110-P112-P113-P134-P139-A2-A4-A20-A42-A50-A53-A65-A72-A83-A103-A105-A106-A124-A130-Registro-de-capacitaciones.docx', 'excel': 'http://ciruelacertificada.cl/wp-content/uploads/2025/03/P2-P4-P27-P38-P63-P68-P72-P81-P89-P110-P112-P113-P134-P139-A2-A4-A20-A42-A50-A53-A65-A72-A83-A103-A105-A106-A124-A130-Registro-de-capacitaciones.xlsx'}",000051
General,General,Registro,Registro de capacitaciones,A105,"{'web': 'https://ciruelacertificada.cl/recurso/registro-de-capacitaciones/', 'pdf': 'http://ciruelacertificada.cl/wp-content/uploads/2025/03/P2-P4-P27-P38-P63-P68-P72-P81-P89-P110-P112-P113-P134-P139-A2-A4-A20-A42-A50-A53-A65-A72-A83-A103-A105-A106-A124-A130-Registro-de-capacitaciones.pdf', 'word': 'http://ciruelacertificada.cl/wp-content/uploads/2025/03/P2-P4-P27-P38-P63-P68-P72-P81-P89-P110-P112-P113-P134-P139-A2-A4-A20-A42-A50-A53-A65-A72-A83-A103-A105-A106-A124-A130-Registro-de-capacitaciones.docx', 'excel': 'http://ciruelacertificada.cl/wp-content/uploads/2025/03/P2-P4-P27-P38-P63-P68-P72-P81-P89-P110-P112-P113-P134-P139-A2-A4-A20-A42-A50-A53-A65-A72-A83-A103-A105-A106-A124-A130-Registro-de-capacitaciones.xlsx'}",000052
General,General,Registro,Registro de capacitaciones,A106,"{'web': 'https://ciruelacertificada.cl/recurso/registro-de-capacitaciones/', 'pdf': 'http://ciruelacertificada.cl/wp-content/uploads/2025/03/P2-P4-P27-P38-P63-P68-P72-P81-P89-P110-P112-P113-P134-P139-A2-A4-A20-A42-A50-A53-A65-A72-A83-A103-A105-A106-A124-A130-Registro-de-capacitaciones.pdf', 'word': 'http://ciruelacertificada.cl/wp-content/uploads/2025/03/P2-P4-P27-P38-P63-P68-P72-P81-P89-P110-P112-P113-P134-P139-A2-A4-A20-A42-A50-A53-A65-A72-A83-A103-A105-A106-A124-A130-Registro-de-capacitaciones.docx', 'excel': 'http://ciruelacertificada.cl/wp-content/uploads/2025/03/P2-P4-P27-P38-P63-P68-P72-P81-P89-P110-P112-P113-P134-P139-A2-A4-A20-A42-A50-A53-A65-A72-A83-A103-A105-A106-A124-A130-Registro-de-capacitaciones.xlsx'}",000053
General,General,Registro,Registro de capacitaciones,A124,"{'web': 'https://ciruelacertificada.cl/recurso/registro-de-capacitaciones/', 'pdf': 'http://ciruelacertificada.cl/wp-content/uploads/2025/03/P2-P4-P27-P38-P63-P68-P72-P81-P89-P110-P112-P113-P134-P139-A2-A4-A20-A42-A50-A53-A65-A72-A83-A103-A105-A106-A124-A130-Registro-de-capacitaciones.pdf', 'word': 'http://ciruelacertificada.cl/wp-content/uploads/2025/03/P2-P4-P27-P38-P63-P68-P72-P81-P89-P110-P112-P113-P134-P139-A2-A4-A20-A42-A50-A53-A65-A72-A83-A103-A105-A106-A124-A130-Registro-de-capacitaciones.docx', 'excel': 'http://ciruelacertificada.cl/wp-content/uploads/2025/03/P2-P4-P27-P38-P63-P68-P72-P81-P89-P110-P112-P113-P134-P139-A2-A4-A20-A42-A50-A53-A65-A72-A83-A103-A105-A106-A124-A130-Registro-de-capacitaciones.xlsx'}",000054
General,General,Registro,Registro de capacitaciones,A130,"{'web': 'https://ciruelacertificada.cl/recurso/registro-de-capacitaciones/', 'pdf': 'http://ciruelacertificada.cl/wp-content/uploads/2025/03/P2-P4-P27-P38-P63-P68-P72-P81-P89-P110-P112-P113-P134-P139-A2-A4-A20-A42-A50-A53-A65-A72-A83-A103-A105-A106-A124-A130-Registro-de-capacitaciones.pdf', 'word': 'http://ciruelacertificada.cl/wp-content/uploads/2025/03/P2-P4-P27-P38-P63-P68-P72-P81-P89-P110-P112-P113-P134-P139-A2-A4-A20-A42-A50-A53-A65-A72-A83-A103-A105-A106-A124-A130-Registro-de-capacitaciones.docx', 'excel': 'http://ciruelacertificada.cl/wp-content/uploads/2025/03/P2-P4-P27-P38-P63-P68-P72-P81-P89-P110-P112-P113-P134-P139-A2-A4-A20-A42-A50-A53-A65-A72-A83-A103-A105-A106-A124-A130-Registro-de-capacitaciones.xlsx'}",000055
General,General,Registro,Acta de reuniones,A021,"{'web': 'https://ciruelacertificada.cl/recurso/acta-de-reuniones/', 'pdf': 'http://ciruelacertificada.cl/wp-content/uploads/2025/03/P39-P109-P144-A21-A102-A134-Acta-de-reunion.pdf', 'word': 'http://ciruelacertificada.cl/wp-content/uploads/2025/03/P39-P109-P144-A21-A102-A134-Acta-de-reunion.docx', 'excel': 'http://ciruelacertificada.cl/wp-content/uploads/2025/03/P39-P109-P144-A21-A102-A134-Acta-de-reunion.xlsx'}",000056
General,General,Registro,Acta de reuniones,A102,"{'web': 'https://ciruelacertificada.cl/recurso/acta-de-reuniones/', 'pdf': 'http://ciruelacertificada.cl/wp-content/uploads/2025/03/P39-P109-P144-A21-A102-A134-Acta-de-reunion.pdf', 'word': 'http://ciruelacertificada.cl/wp-content/uploads/2025/03/P39-P109-P144-A21-A102-A134-Acta-de-reunion.docx', 'excel': 'http://ciruelacertificada.cl/wp-content/uploads/2025/03/P39-P109-P144-A21-A102-A134-Acta-de-reunion.xlsx'}",000057
General,General,Registro,Acta de reuniones,A134,"{'web': 'https://ciruelacertificada.cl/recurso/acta-de-reuniones/', 'pdf': 'http://ciruelacertificada.cl/wp-content/uploads/2025/03/P39-P109-P144-A21-A102-A134-Acta-de-reunion.pdf', 'word': 'http://ciruelacertificada.cl/wp-content/uploads/2025/03/P39-P109-P144-A21-A102-A134-Acta-de-reunion.docx', 'excel': 'http://ciruelacertificada.cl/wp-content/uploads/2025/03/P39-P109-P144-A21-A102-A134-Acta-de-reunion.xlsx'}",000058
G. de la calidad,Calidad,Señalética,"Prohibido comer, beber, fumar",A093,"{'web': 'https://ciruelacertificada.cl/recurso/senaletica-prohibido-comer-beber-fumar/', 'pdf': 'http://ciruelacertificada.cl/wp-content/uploads/2025/01/A93-Prohibido.pdf'}",000059
Ambiente,Inocuidad,Señalética,Dé aviso en caso de enfermedad,A084,"{'web': 'https://ciruelacertificada.cl/recurso/senaletica-de-aviso-en-caso-de-enfermedad/', 'pdf': 'http://ciruelacertificada.cl/wp-content/uploads/2025/01/P98-A84-Aviso-enfermedad.pdf'}",000060
Ambiente,Inocuidad,Señalética,Lavado correcto de manos,A084,"{'web': 'https://ciruelacertificada.cl/recurso/senaletica-lavado-correcto-de-manos/', 'pdf': 'http://ciruelacertificada.cl/wp-content/uploads/2025/01/P98-A84-Lavado-de-manos.pdf'}",000061
Social,CT y PS,Señalética,Zona de seguridad,A119,"{'web': 'https://ciruelacertificada.cl/recurso/senaletica-zona-de-seguridad/', 'pdf': 'http://ciruelacertificada.cl/wp-content/uploads/2025/01/P127-A119-Zona-de-seguridad.pdf'}",000062
Social,CT y PS,Señalética,Vía de escape izquierda,A119,"{'web': 'https://ciruelacertificada.cl/recurso/senaletica-via-de-escape-izquierda/', 'pdf': 'http://ciruelacertificada.cl/wp-content/uploads/2025/01/P127-A119-Escape-izquierda.pdf'}",000063
Social,CT y PS,Señalética,Vía de escape derecha,A119,"{'web': 'https://ciruelacertificada.cl/recurso/senaletica-via-de-escape-derecha/', 'pdf': 'http://ciruelacertificada.cl/wp-content/uploads/2025/01/P127-A119-Escape-derecha.pdf'}",000064
Social,CT y PS,Señalética,Botiquín,A119,"{'web': 'https://ciruelacertificada.cl/recurso/senaletica-botiquin/', 'pdf': 'http://ciruelacertificada.cl/wp-content/uploads/2025/01/P127-A119-Botiquin.pdf'}",000065
Social,CT y PS,Señalética,Extintor,A119,"{'web': 'https://ciruelacertificada.cl/recurso/senaletica-extintor/', 'pdf': 'http://ciruelacertificada.cl/wp-content/uploads/2025/01/P127-A119-Extintor.pdf'}",000066
Social,CT y PS,Señalética,Teléfonos de emergencia,A119,"{'web': 'https://ciruelacertificada.cl/recurso/senaletica-telefonos-de-emergencia/', 'pdf': 'http://ciruelacertificada.cl/wp-content/uploads/2025/01/P127-A119-Fono-emergencia.pdf'}",000067
Ambiente,Agua,Guía,Guía para el uso sustentable del agua (adaptación predio y planta),A001,"{'web': 'https://ciruelacertificada.cl/recurso/guia-para-el-uso-sustentable-del-agua/', 'pdf': 'https://ciruelacertificada.cl/wp-content/uploads/2024/11/Agua_Digital.pdf'}",000068
Ambiente,Agua,Guía,Guía para el uso sustentable del agua (adaptación predio y planta),A002,"{'web': 'https://ciruelacertificada.cl/recurso/guia-para-el-uso-sustentable-del-agua/', 'pdf': 'https://ciruelacertificada.cl/wp-content/uploads/2024/11/Agua_Digital.pdf'}",000069
Ambiente,Agua,Guía,Guía para el uso sustentable del agua (adaptación predio y planta),A003,"{'web': 'https://ciruelacertificada.cl/recurso/guia-para-el-uso-sustentable-del-agua/', 'pdf': 'https://ciruelacertificada.cl/wp-content/uploads/2024/11/Agua_Digital.pdf'}",000070
Ambiente,Agua,Guía,Guía para el uso sustentable del agua (adaptación predio y planta),A004,"{'web': 'https://ciruelacertificada.cl/recurso/guia-para-el-uso-sustentable-del-agua/', 'pdf': 'https://ciruelacertificada.cl/wp-content/uploads/2024/11/Agua_Digital.pdf'}",000071
Ambiente,Agua,Guía,Guía para el uso sustentable del agua (adaptación predio y planta),A005,"{'web': 'https://ciruelacertificada.cl/recurso/guia-para-el-uso-sustentable-del-agua/', 'pdf': 'https://ciruelacertificada.cl/wp-content/uploads/2024/11/Agua_Digital.pdf'}",000072
Ambiente,Agua,Guía,Guía para el uso sustentable del agua (adaptación predio y planta),A006,"{'web': 'https://ciruelacertificada.cl/recurso/guia-para-el-uso-sustentable-del-agua/', 'pdf': 'https://ciruelacertificada.cl/wp-content/uploads/2024/11/Agua_Digital.pdf'}",000073
Ambiente,Agua,Guía,Guía para el uso sustentable del agua (adaptación predio y planta),A007,"{'web': 'https://ciruelacertificada.cl/recurso/guia-para-el-uso-sustentable-del-agua/', 'pdf': 'https://ciruelacertificada.cl/wp-content/uploads/2024/11/Agua_Digital.pdf'}",000074
Ambiente,Agua,Guía,Guía para el uso sustentable del agua (adaptación predio y planta),A008,"{'web': 'https://ciruelacertificada.cl/recurso/guia-para-el-uso-sustentable-del-agua/', 'pdf': 'https://ciruelacertificada.cl/wp-content/uploads/2024/11/Agua_Digital.pdf'}",000075
Ambiente,Agua,Guía,Guía para el uso sustentable del agua (adaptación predio y planta),A009,"{'web': 'https://ciruelacertificada.cl/recurso/guia-para-el-uso-sustentable-del-agua/', 'pdf': 'https://ciruelacertificada.cl/wp-content/uploads/2024/11/Agua_Digital.pdf'}",000076
Ambiente,Agua,Guía,Guía para el uso sustentable del agua (adaptación predio y planta),A010,"{'web': 'https://ciruelacertificada.cl/recurso/guia-para-el-uso-sustentable-del-agua/', 'pdf': 'https://ciruelacertificada.cl/wp-content/uploads/2024/11/Agua_Digital.pdf'}",000077
Ambiente,Agua,Guía,Guía para el uso sustentable del agua (adaptación predio y planta),A011,"{'web': 'https://ciruelacertificada.cl/recurso/guia-para-el-uso-sustentable-del-agua/', 'pdf': 'https://ciruelacertificada.cl/wp-content/uploads/2024/11/Agua_Digital.pdf'}",000078
Ambiente,Agua,Guía,Guía para el uso sustentable del agua (adaptación predio y planta),A012,"{'web': 'https://ciruelacertificada.cl/recurso/guia-para-el-uso-sustentable-del-agua/', 'pdf': 'https://ciruelacertificada.cl/wp-content/uploads/2024/11/Agua_Digital.pdf'}",000079
Ambiente,Agua,Guía,Guía para el uso sustentable del agua (adaptación predio y planta),A013,"{'web': 'https://ciruelacertificada.cl/recurso/guia-para-el-uso-sustentable-del-agua/', 'pdf': 'https://ciruelacertificada.cl/wp-content/uploads/2024/11/Agua_Digital.pdf'}",000080
Ambiente,Agua,Guía,Guía para el uso sustentable del agua (adaptación predio y planta),A014,"{'web': 'https://ciruelacertificada.cl/recurso/guia-para-el-uso-sustentable-del-agua/', 'pdf': 'https://ciruelacertificada.cl/wp-content/uploads/2024/11/Agua_Digital.pdf'}",000081
Ambiente,Agua,Guía,Guía para el uso sustentable del agua (adaptación predio y planta),A015,"{'web': 'https://ciruelacertificada.cl/recurso/guia-para-el-uso-sustentable-del-agua/', 'pdf': 'https://ciruelacertificada.cl/wp-content/uploads/2024/11/Agua_Digital.pdf'}",000082
Ambiente,Agua,Guía,Guía para el uso sustentable del agua (adaptación predio y planta),A016,"{'web': 'https://ciruelacertificada.cl/recurso/guia-para-el-uso-sustentable-del-agua/', 'pdf': 'https://ciruelacertificada.cl/wp-content/uploads/2024/11/Agua_Digital.pdf'}",000083
Ambiente,Agua,Guía,Guía para el uso sustentable del agua (adaptación predio y planta),A017,"{'web': 'https://ciruelacertificada.cl/recurso/guia-para-el-uso-sustentable-del-agua/', 'pdf': 'https://ciruelacertificada.cl/wp-content/uploads/2024/11/Agua_Digital.pdf'}",000084
Ambiente,Biodiversidad,Guía,Guía para la conservación de la biodiversidad ,A018,"{'web': 'https://ciruelacertificada.cl/recurso/guia-para-la-conservacion-de-la-biodiversidad/', 'pdf': 'https://ciruelacertificada.cl/wp-content/uploads/2024/11/Biodiversidad_Digital.pdf'}",000085
Ambiente,Biodiversidad,Guía,Guía para la conservación de la biodiversidad ,A019,"{'web': 'https://ciruelacertificada.cl/recurso/guia-para-la-conservacion-de-la-biodiversidad/', 'pdf': 'https://ciruelacertificada.cl/wp-content/uploads/2024/11/Biodiversidad_Digital.pdf'}",000086
Ambiente,Biodiversidad,Guía,Guía para la conservación de la biodiversidad ,A020,"{'web': 'https://ciruelacertificada.cl/recurso/guia-para-la-conservacion-de-la-biodiversidad/', 'pdf': 'https://ciruelacertificada.cl/wp-content/uploads/2024/11/Biodiversidad_Digital.pdf'}",000087
Ambiente,Biodiversidad,Guía,Guía para la conservación de la biodiversidad ,A021,"{'web': 'https://ciruelacertificada.cl/recurso/guia-para-la-conservacion-de-la-biodiversidad/', 'pdf': 'https://ciruelacertificada.cl/wp-content/uploads/2024/11/Biodiversidad_Digital.pdf'}",000088
Ambiente,Biodiversidad,Guía,Guía para la conservación de la biodiversidad ,A022,"{'web': 'https://ciruelacertificada.cl/recurso/guia-para-la-conservacion-de-la-biodiversidad/', 'pdf': 'https://ciruelacertificada.cl/wp-content/uploads/2024/11/Biodiversidad_Digital.pdf'}",000089
Ambiente,Biodiversidad,Guía,Guía para la conservación de la biodiversidad ,A023,"{'web': 'https://ciruelacertificada.cl/recurso/guia-para-la-conservacion-de-la-biodiversidad/', 'pdf': 'https://ciruelacertificada.cl/wp-content/uploads/2024/11/Biodiversidad_Digital.pdf'}",000090
Ambiente,Biodiversidad,Guía,Guía para la conservación de la biodiversidad ,A024,"{'web': 'https://ciruelacertificada.cl/recurso/guia-para-la-conservacion-de-la-biodiversidad/', 'pdf': 'https://ciruelacertificada.cl/wp-content/uploads/2024/11/Biodiversidad_Digital.pdf'}",000091
Ambiente,Biodiversidad,Guía,Guía para la conservación de la biodiversidad ,A025,"{'web': 'https://ciruelacertificada.cl/recurso/guia-para-la-conservacion-de-la-biodiversidad/', 'pdf': 'https://ciruelacertificada.cl/wp-content/uploads/2024/11/Biodiversidad_Digital.pdf'}",000092
Ambiente,Biodiversidad,Guía,Guía para la conservación de la biodiversidad ,A026,"{'web': 'https://ciruelacertificada.cl/recurso/guia-para-la-conservacion-de-la-biodiversidad/', 'pdf': 'https://ciruelacertificada.cl/wp-content/uploads/2024/11/Biodiversidad_Digital.pdf'}",000093
Ambiente,Biodiversidad,Guía,Guía para la conservación de la biodiversidad ,A027,"{'web': 'https://ciruelacertificada.cl/recurso/guia-para-la-conservacion-de-la-biodiversidad/', 'pdf': 'https://ciruelacertificada.cl/wp-content/uploads/2024/11/Biodiversidad_Digital.pdf'}",000094
Ambiente,Insumos,Guía,Guía para la gestión sustentable los insumos ,A028,"{'web': 'https://ciruelacertificada.cl/recurso/guia-para-la-gestion-sustentable-de-los-insumos-utilizados-en-el-proceso-productivo/', 'pdf': 'https://ciruelacertificada.cl/wp-content/uploads/2024/11/Insumos_Digital.pdf'}",000095
Ambiente,Insumos,Guía,Guía para la gestión sustentable los insumos ,A029,"{'web': 'https://ciruelacertificada.cl/recurso/guia-para-la-gestion-sustentable-de-los-insumos-utilizados-en-el-proceso-productivo/', 'pdf': 'https://ciruelacertificada.cl/wp-content/uploads/2024/11/Insumos_Digital.pdf'}",000096
Ambiente,Insumos,Guía,Guía para la gestión sustentable los insumos ,A030,"{'web': 'https://ciruelacertificada.cl/recurso/guia-para-la-gestion-sustentable-de-los-insumos-utilizados-en-el-proceso-productivo/', 'pdf': 'https://ciruelacertificada.cl/wp-content/uploads/2024/11/Insumos_Digital.pdf'}",000097
Ambiente,Insumos,Guía,Guía para la gestión sustentable los insumos ,A031,"{'web': 'https://ciruelacertificada.cl/recurso/guia-para-la-gestion-sustentable-de-los-insumos-utilizados-en-el-proceso-productivo/', 'pdf': 'https://ciruelacertificada.cl/wp-content/uploads/2024/11/Insumos_Digital.pdf'}",000098
Ambiente,Insumos,Guía,Guía para la gestión sustentable los insumos ,A032,"{'web': 'https://ciruelacertificada.cl/recurso/guia-para-la-gestion-sustentable-de-los-insumos-utilizados-en-el-proceso-productivo/', 'pdf': 'https://ciruelacertificada.cl/wp-content/uploads/2024/11/Insumos_Digital.pdf'}",000099
Ambiente,Insumos,Guía,Guía para la gestión sustentable los insumos ,A033,"{'web': 'https://ciruelacertificada.cl/recurso/guia-para-la-gestion-sustentable-de-los-insumos-utilizados-en-el-proceso-productivo/', 'pdf': 'https://ciruelacertificada.cl/wp-content/uploads/2024/11/Insumos_Digital.pdf'}",000100
Ambiente,Insumos,Guía,Guía para la gestión sustentable los insumos ,A034,"{'web': 'https://ciruelacertificada.cl/recurso/guia-para-la-gestion-sustentable-de-los-insumos-utilizados-en-el-proceso-productivo/', 'pdf': 'https://ciruelacertificada.cl/wp-content/uploads/2024/11/Insumos_Digital.pdf'}",000101
Ambiente,Insumos,Guía,Guía para la gestión sustentable los insumos ,A035,"{'web': 'https://ciruelacertificada.cl/recurso/guia-para-la-gestion-sustentable-de-los-insumos-utilizados-en-el-proceso-productivo/', 'pdf': 'https://ciruelacertificada.cl/wp-content/uploads/2024/11/Insumos_Digital.pdf'}",000102
Ambiente,Insumos,Guía,Guía para la gestión sustentable los insumos ,A036,"{'web': 'https://ciruelacertificada.cl/recurso/guia-para-la-gestion-sustentable-de-los-insumos-utilizados-en-el-proceso-productivo/', 'pdf': 'https://ciruelacertificada.cl/wp-content/uploads/2024/11/Insumos_Digital.pdf'}",000103
Ambiente,Residuos,Guía,Guía para la gestión sustentable de los residuos.,A037,"{'web': 'https://ciruelacertificada.cl/recurso/guia-gestion-sustentable-de-los-residuos/', 'pdf': 'https://ciruelacertificada.cl/wp-content/uploads/2024/11/Residuos_Digital.pdf'}",000104
Ambiente,Residuos,Guía,Guía para la gestión sustentable de los residuos.,A038,"{'web': 'https://ciruelacertificada.cl/recurso/guia-gestion-sustentable-de-los-residuos/', 'pdf': 'https://ciruelacertificada.cl/wp-content/uploads/2024/11/Residuos_Digital.pdf'}",000105
Ambiente,Residuos,Guía,Guía para la gestión sustentable de los residuos.,A039,"{'web': 'https://ciruelacertificada.cl/recurso/guia-gestion-sustentable-de-los-residuos/', 'pdf': 'https://ciruelacertificada.cl/wp-content/uploads/2024/11/Residuos_Digital.pdf'}",000106
Ambiente,Residuos,Guía,Guía para la gestión sustentable de los residuos.,A040,"{'web': 'https://ciruelacertificada.cl/recurso/guia-gestion-sustentable-de-los-residuos/', 'pdf': 'https://ciruelacertificada.cl/wp-content/uploads/2024/11/Residuos_Digital.pdf'}",000107
Ambiente,Residuos,Guía,Guía para la gestión sustentable de los residuos.,A041,"{'web': 'https://ciruelacertificada.cl/recurso/guia-gestion-sustentable-de-los-residuos/', 'pdf': 'https://ciruelacertificada.cl/wp-content/uploads/2024/11/Residuos_Digital.pdf'}",000108
Ambiente,Residuos,Guía,Guía para la gestión sustentable de los residuos.,A042,"{'web': 'https://ciruelacertificada.cl/recurso/guia-gestion-sustentable-de-los-residuos/', 'pdf': 'https://ciruelacertificada.cl/wp-content/uploads/2024/11/Residuos_Digital.pdf'}",000109
Ambiente,Residuos,Guía,Guía para la gestión sustentable de los residuos.,A043,"{'web': 'https://ciruelacertificada.cl/recurso/guia-gestion-sustentable-de-los-residuos/', 'pdf': 'https://ciruelacertificada.cl/wp-content/uploads/2024/11/Residuos_Digital.pdf'}",000110
Ambiente,Residuos,Guía,Guía para la gestión sustentable de los residuos.,A044,"{'web': 'https://ciruelacertificada.cl/recurso/guia-gestion-sustentable-de-los-residuos/', 'pdf': 'https://ciruelacertificada.cl/wp-content/uploads/2024/11/Residuos_Digital.pdf'}",000111
Ambiente,Residuos,Guía,Guía para la gestión sustentable de los residuos.,A045,"{'web': 'https://ciruelacertificada.cl/recurso/guia-gestion-sustentable-de-los-residuos/', 'pdf': 'https://ciruelacertificada.cl/wp-content/uploads/2024/11/Residuos_Digital.pdf'}",000112
Ambiente,Residuos,Guía,Guía para la gestión sustentable de los residuos.,A046,"{'web': 'https://ciruelacertificada.cl/recurso/guia-gestion-sustentable-de-los-residuos/', 'pdf': 'https://ciruelacertificada.cl/wp-content/uploads/2024/11/Residuos_Digital.pdf'}",000113
Ambiente,Residuos,Guía,Guía para la gestión sustentable de los residuos.,A047,"{'web': 'https://ciruelacertificada.cl/recurso/guia-gestion-sustentable-de-los-residuos/', 'pdf': 'https://ciruelacertificada.cl/wp-content/uploads/2024/11/Residuos_Digital.pdf'}",000114
Ambiente,Residuos,Guía,Guía para la gestión sustentable de los residuos.,A048,"{'web': 'https://ciruelacertificada.cl/recurso/guia-gestion-sustentable-de-los-residuos/', 'pdf': 'https://ciruelacertificada.cl/wp-content/uploads/2024/11/Residuos_Digital.pdf'}",000115
Ambiente,Residuos,Guía,Guía para la gestión sustentable de los residuos.,A049,"{'web': 'https://ciruelacertificada.cl/recurso/guia-gestion-sustentable-de-los-residuos/', 'pdf': 'https://ciruelacertificada.cl/wp-content/uploads/2024/11/Residuos_Digital.pdf'}",000116
Ambiente,Residuos,Guía,Guía para la gestión sustentable de los residuos.,A050,"{'web': 'https://ciruelacertificada.cl/recurso/guia-gestion-sustentable-de-los-residuos/', 'pdf': 'https://ciruelacertificada.cl/wp-content/uploads/2024/11/Residuos_Digital.pdf'}",000117
Ambiente,Residuos,Guía,Guía para la gestión sustentable de los residuos.,A051,"{'web': 'https://ciruelacertificada.cl/recurso/guia-gestion-sustentable-de-los-residuos/', 'pdf': 'https://ciruelacertificada.cl/wp-content/uploads/2024/11/Residuos_Digital.pdf'}",000118
Ambiente,Energía,Guía,"Guía para el uso, manejo y ahorro del recurso energético ",A052,"{'web': 'https://ciruelacertificada.cl/recurso/guia-para-la-gestion-sustentable-de-la-energia/', 'pdf': 'https://ciruelacertificada.cl/wp-content/uploads/2024/11/Energia_Digital.pdf'}",000119
Ambiente,Energía,Guía,"Guía para el uso, manejo y ahorro del recurso energético ",A053,"{'web': 'https://ciruelacertificada.cl/recurso/guia-para-la-gestion-sustentable-de-la-energia/', 'pdf': 'https://ciruelacertificada.cl/wp-content/uploads/2024/11/Energia_Digital.pdf'}",000120
Ambiente,Energía,Guía,"Guía para el uso, manejo y ahorro del recurso energético ",A054,"{'web': 'https://ciruelacertificada.cl/recurso/guia-para-la-gestion-sustentable-de-la-energia/', 'pdf': 'https://ciruelacertificada.cl/wp-content/uploads/2024/11/Energia_Digital.pdf'}",000121
Ambiente,Energía,Guía,"Guía para el uso, manejo y ahorro del recurso energético ",A055,"{'web': 'https://ciruelacertificada.cl/recurso/guia-para-la-gestion-sustentable-de-la-energia/', 'pdf': 'https://ciruelacertificada.cl/wp-content/uploads/2024/11/Energia_Digital.pdf'}",000122
Ambiente,Energía,Guía,"Guía para el uso, manejo y ahorro del recurso energético ",A056,"{'web': 'https://ciruelacertificada.cl/recurso/guia-para-la-gestion-sustentable-de-la-energia/', 'pdf': 'https://ciruelacertificada.cl/wp-content/uploads/2024/11/Energia_Digital.pdf'}",000123
Ambiente,Energía,Guía,"Guía para el uso, manejo y ahorro del recurso energético ",A057,"{'web': 'https://ciruelacertificada.cl/recurso/guia-para-la-gestion-sustentable-de-la-energia/', 'pdf': 'https://ciruelacertificada.cl/wp-content/uploads/2024/11/Energia_Digital.pdf'}",000124
Ambiente,Energía,Guía,"Guía para el uso, manejo y ahorro del recurso energético ",A058,"{'web': 'https://ciruelacertificada.cl/recurso/guia-para-la-gestion-sustentable-de-la-energia/', 'pdf': 'https://ciruelacertificada.cl/wp-content/uploads/2024/11/Energia_Digital.pdf'}",000125
Ambiente,Energía,Guía,"Guía para el uso, manejo y ahorro del recurso energético ",A059,"{'web': 'https://ciruelacertificada.cl/recurso/guia-para-la-gestion-sustentable-de-la-energia/', 'pdf': 'https://ciruelacertificada.cl/wp-content/uploads/2024/11/Energia_Digital.pdf'}",000126
Ambiente,Energía,Guía,"Guía para el uso, manejo y ahorro del recurso energético ",A060,"{'web': 'https://ciruelacertificada.cl/recurso/guia-para-la-gestion-sustentable-de-la-energia/', 'pdf': 'https://ciruelacertificada.cl/wp-content/uploads/2024/11/Energia_Digital.pdf'}",000127
Ambiente,Energía,Guía,"Guía para el uso, manejo y ahorro del recurso energético ",A061,"{'web': 'https://ciruelacertificada.cl/recurso/guia-para-la-gestion-sustentable-de-la-energia/', 'pdf': 'https://ciruelacertificada.cl/wp-content/uploads/2024/11/Energia_Digital.pdf'}",000128
Ambiente,Energía,Guía,"Guía para el uso, manejo y ahorro del recurso energético ",A062,"{'web': 'https://ciruelacertificada.cl/recurso/guia-para-la-gestion-sustentable-de-la-energia/', 'pdf': 'https://ciruelacertificada.cl/wp-content/uploads/2024/11/Energia_Digital.pdf'}",000129
Ambiente,GEI,Guía,Guía para la gestión de emisiones de Gases de Efecto Invernadero,A063,"{'web': 'https://ciruelacertificada.cl/recurso/guia-para-la-gestion-de-emisiones-de-gases-efecto-invernadero-gei/', 'pdf': 'https://ciruelacertificada.cl/wp-content/uploads/2024/11/GEI_Digital.pdf'}",000130
Ambiente,GEI,Guía,Guía para la gestión de emisiones de Gases de Efecto Invernadero,A064,"{'web': 'https://ciruelacertificada.cl/recurso/guia-para-la-gestion-de-emisiones-de-gases-efecto-invernadero-gei/', 'pdf': 'https://ciruelacertificada.cl/wp-content/uploads/2024/11/GEI_Digital.pdf'}",000131
Ambiente,GEI,Guía,Guía para la gestión de emisiones de Gases de Efecto Invernadero,A065,"{'web': 'https://ciruelacertificada.cl/recurso/guia-para-la-gestion-de-emisiones-de-gases-efecto-invernadero-gei/', 'pdf': 'https://ciruelacertificada.cl/wp-content/uploads/2024/11/GEI_Digital.pdf'}",000132
Ambiente,GEI,Guía,Guía para la gestión de emisiones de Gases de Efecto Invernadero,A066,"{'web': 'https://ciruelacertificada.cl/recurso/guia-para-la-gestion-de-emisiones-de-gases-efecto-invernadero-gei/', 'pdf': 'https://ciruelacertificada.cl/wp-content/uploads/2024/11/GEI_Digital.pdf'}",000133
Ambiente,GEI,Guía,Guía para la gestión de emisiones de Gases de Efecto Invernadero,A067,"{'web': 'https://ciruelacertificada.cl/recurso/guia-para-la-gestion-de-emisiones-de-gases-efecto-invernadero-gei/', 'pdf': 'https://ciruelacertificada.cl/wp-content/uploads/2024/11/GEI_Digital.pdf'}",000134
Ambiente,GEI,Guía,Guía para la gestión de emisiones de Gases de Efecto Invernadero,A068,"{'web': 'https://ciruelacertificada.cl/recurso/guia-para-la-gestion-de-emisiones-de-gases-efecto-invernadero-gei/', 'pdf': 'https://ciruelacertificada.cl/wp-content/uploads/2024/11/GEI_Digital.pdf'}",000135
Ambiente,GEI,Guía,Guía para la gestión de emisiones de Gases de Efecto Invernadero,A069,"{'web': 'https://ciruelacertificada.cl/recurso/guia-para-la-gestion-de-emisiones-de-gases-efecto-invernadero-gei/', 'pdf': 'https://ciruelacertificada.cl/wp-content/uploads/2024/11/GEI_Digital.pdf'}",000136
Calidad,Calidad,Guía,Guía para la gestión eficiente de la calidad ,A070,"{'web': 'https://ciruelacertificada.cl/recurso/guia-gestion-de-la-calidad/', 'pdf': 'http://ciruelacertificada.cl/wp-content/uploads/2025/03/Gestion-de-la-Calidad_Digital.pdf'}",000137
Calidad,Calidad,Guía,Guía para la gestión eficiente de la calidad ,A071,"{'web': 'https://ciruelacertificada.cl/recurso/guia-gestion-de-la-calidad/', 'pdf': 'http://ciruelacertificada.cl/wp-content/uploads/2025/03/Gestion-de-la-Calidad_Digital.pdf'}",000138
Calidad,Calidad,Guía,Guía para la gestión eficiente de la calidad ,A072,"{'web': 'https://ciruelacertificada.cl/recurso/guia-gestion-de-la-calidad/', 'pdf': 'http://ciruelacertificada.cl/wp-content/uploads/2025/03/Gestion-de-la-Calidad_Digital.pdf'}",000139
Calidad,Calidad,Guía,Guía para la gestión eficiente de la calidad ,A073,"{'web': 'https://ciruelacertificada.cl/recurso/guia-gestion-de-la-calidad/', 'pdf': 'http://ciruelacertificada.cl/wp-content/uploads/2025/03/Gestion-de-la-Calidad_Digital.pdf'}",000140
Calidad,Calidad,Guía,Guía para la gestión eficiente de la calidad ,A074,"{'web': 'https://ciruelacertificada.cl/recurso/guia-gestion-de-la-calidad/', 'pdf': 'http://ciruelacertificada.cl/wp-content/uploads/2025/03/Gestion-de-la-Calidad_Digital.pdf'}",000141
Calidad,Calidad,Guía,Guía para la gestión eficiente de la calidad ,A075,"{'web': 'https://ciruelacertificada.cl/recurso/guia-gestion-de-la-calidad/', 'pdf': 'http://ciruelacertificada.cl/wp-content/uploads/2025/03/Gestion-de-la-Calidad_Digital.pdf'}",000142
Calidad,Calidad,Guía,Guía para la gestión eficiente de la calidad ,A076,"{'web': 'https://ciruelacertificada.cl/recurso/guia-gestion-de-la-calidad/', 'pdf': 'http://ciruelacertificada.cl/wp-content/uploads/2025/03/Gestion-de-la-Calidad_Digital.pdf'}",000143
Calidad,Calidad,Guía,Guía para la gestión eficiente de la calidad ,A077,"{'web': 'https://ciruelacertificada.cl/recurso/guia-gestion-de-la-calidad/', 'pdf': 'http://ciruelacertificada.cl/wp-content/uploads/2025/03/Gestion-de-la-Calidad_Digital.pdf'}",000144
Calidad,Calidad,Guía,Guía para la gestión eficiente de la calidad ,A078,"{'web': 'https://ciruelacertificada.cl/recurso/guia-gestion-de-la-calidad/', 'pdf': 'http://ciruelacertificada.cl/wp-content/uploads/2025/03/Gestion-de-la-Calidad_Digital.pdf'}",000145
Calidad,Calidad,Guía,Guía para la gestión eficiente de la calidad ,A079,"{'web': 'https://ciruelacertificada.cl/recurso/guia-gestion-de-la-calidad/', 'pdf': 'http://ciruelacertificada.cl/wp-content/uploads/2025/03/Gestion-de-la-Calidad_Digital.pdf'}",000146
Calidad,Calidad,Guía,Guía para la gestión eficiente de la calidad ,A080,"{'web': 'https://ciruelacertificada.cl/recurso/guia-gestion-de-la-calidad/', 'pdf': 'http://ciruelacertificada.cl/wp-content/uploads/2025/03/Gestion-de-la-Calidad_Digital.pdf'}",000147
Calidad,Calidad,Guía,Guía para la gestión eficiente de la calidad ,A081,"{'web': 'https://ciruelacertificada.cl/recurso/guia-gestion-de-la-calidad/', 'pdf': 'http://ciruelacertificada.cl/wp-content/uploads/2025/03/Gestion-de-la-Calidad_Digital.pdf'}",000148
Calidad,Calidad,Guía,Guía para la gestión eficiente de la calidad ,A082,"{'web': 'https://ciruelacertificada.cl/recurso/guia-gestion-de-la-calidad/', 'pdf': 'http://ciruelacertificada.cl/wp-content/uploads/2025/03/Gestion-de-la-Calidad_Digital.pdf'}",000149
Calidad,Inocuidad,Guía,Guía para la gestión eficiente de la inocuidad ,A083,"{'web': 'https://ciruelacertificada.cl/recurso/guia-gestion-de-la-inocuidad/', 'pdf': 'http://ciruelacertificada.cl/wp-content/uploads/2025/03/Gestion-de-la-Inocuidad_Digital.pdf'}",000150
Calidad,Inocuidad,Guía,Guía para la gestión eficiente de la inocuidad ,A084,"{'web': 'https://ciruelacertificada.cl/recurso/guia-gestion-de-la-inocuidad/', 'pdf': 'http://ciruelacertificada.cl/wp-content/uploads/2025/03/Gestion-de-la-Inocuidad_Digital.pdf'}",000151
Calidad,Inocuidad,Guía,Guía para la gestión eficiente de la inocuidad ,A085,"{'web': 'https://ciruelacertificada.cl/recurso/guia-gestion-de-la-inocuidad/', 'pdf': 'http://ciruelacertificada.cl/wp-content/uploads/2025/03/Gestion-de-la-Inocuidad_Digital.pdf'}",000152
Calidad,Inocuidad,Guía,Guía para la gestión eficiente de la inocuidad ,A086,"{'web': 'https://ciruelacertificada.cl/recurso/guia-gestion-de-la-inocuidad/', 'pdf': 'http://ciruelacertificada.cl/wp-content/uploads/2025/03/Gestion-de-la-Inocuidad_Digital.pdf'}",000153
Calidad,Inocuidad,Guía,Guía para la gestión eficiente de la inocuidad ,A087,"{'web': 'https://ciruelacertificada.cl/recurso/guia-gestion-de-la-inocuidad/', 'pdf': 'http://ciruelacertificada.cl/wp-content/uploads/2025/03/Gestion-de-la-Inocuidad_Digital.pdf'}",000154
Calidad,Inocuidad,Guía,Guía para la gestión eficiente de la inocuidad ,A088,"{'web': 'https://ciruelacertificada.cl/recurso/guia-gestion-de-la-inocuidad/', 'pdf': 'http://ciruelacertificada.cl/wp-content/uploads/2025/03/Gestion-de-la-Inocuidad_Digital.pdf'}",000155
Calidad,Inocuidad,Guía,Guía para la gestión eficiente de la inocuidad ,A089,"{'web': 'https://ciruelacertificada.cl/recurso/guia-gestion-de-la-inocuidad/', 'pdf': 'http://ciruelacertificada.cl/wp-content/uploads/2025/03/Gestion-de-la-Inocuidad_Digital.pdf'}",000156
Calidad,Inocuidad,Guía,Guía para la gestión eficiente de la inocuidad ,A090,"{'web': 'https://ciruelacertificada.cl/recurso/guia-gestion-de-la-inocuidad/', 'pdf': 'http://ciruelacertificada.cl/wp-content/uploads/2025/03/Gestion-de-la-Inocuidad_Digital.pdf'}",000157
Calidad,Inocuidad,Guía,Guía para la gestión eficiente de la inocuidad ,A091,"{'web': 'https://ciruelacertificada.cl/recurso/guia-gestion-de-la-inocuidad/', 'pdf': 'http://ciruelacertificada.cl/wp-content/uploads/2025/03/Gestion-de-la-Inocuidad_Digital.pdf'}",000158
Calidad,Inocuidad,Guía,Guía para la gestión eficiente de la inocuidad ,A092,"{'web': 'https://ciruelacertificada.cl/recurso/guia-gestion-de-la-inocuidad/', 'pdf': 'http://ciruelacertificada.cl/wp-content/uploads/2025/03/Gestion-de-la-Inocuidad_Digital.pdf'}",000159
Calidad,Inocuidad,Guía,Guía para la gestión eficiente de la inocuidad ,A093,"{'web': 'https://ciruelacertificada.cl/recurso/guia-gestion-de-la-inocuidad/', 'pdf': 'http://ciruelacertificada.cl/wp-content/uploads/2025/03/Gestion-de-la-Inocuidad_Digital.pdf'}",000160
Calidad,Inocuidad,Guía,Guía para la gestión eficiente de la inocuidad ,A094,"{'web': 'https://ciruelacertificada.cl/recurso/guia-gestion-de-la-inocuidad/', 'pdf': 'http://ciruelacertificada.cl/wp-content/uploads/2025/03/Gestion-de-la-Inocuidad_Digital.pdf'}",000161
Calidad,Inocuidad,Guía,Guía para la gestión eficiente de la inocuidad ,A095,"{'web': 'https://ciruelacertificada.cl/recurso/guia-gestion-de-la-inocuidad/', 'pdf': 'http://ciruelacertificada.cl/wp-content/uploads/2025/03/Gestion-de-la-Inocuidad_Digital.pdf'}",000162
Gestión ,Viabilidad económica,Guía,Guía para la gestión económica,A096,"{'web': 'https://ciruelacertificada.cl/recurso/guia-gestion-economica/', 'pdf': 'http://ciruelacertificada.cl/wp-content/uploads/2025/03/Viabilidad-Economica_Digital.pdf'}",000163
Gestión ,Viabilidad económica,Guía,Guía para la gestión económica,A097,"{'web': 'https://ciruelacertificada.cl/recurso/guia-gestion-economica/', 'pdf': 'http://ciruelacertificada.cl/wp-content/uploads/2025/03/Viabilidad-Economica_Digital.pdf'}",000164
Gestión ,Viabilidad económica,Guía,Guía para la gestión económica,A098,"{'web': 'https://ciruelacertificada.cl/recurso/guia-gestion-economica/', 'pdf': 'http://ciruelacertificada.cl/wp-content/uploads/2025/03/Viabilidad-Economica_Digital.pdf'}",000165
Gestión ,Viabilidad económica,Guía,Guía para la gestión económica,A099,"{'web': 'https://ciruelacertificada.cl/recurso/guia-gestion-economica/', 'pdf': 'http://ciruelacertificada.cl/wp-content/uploads/2025/03/Viabilidad-Economica_Digital.pdf'}",000166
Gestión ,Viabilidad económica,Guía,Guía para la gestión económica,A100,"{'web': 'https://ciruelacertificada.cl/recurso/guia-gestion-economica/', 'pdf': 'http://ciruelacertificada.cl/wp-content/uploads/2025/03/Viabilidad-Economica_Digital.pdf'}",000167
Gestión ,Viabilidad económica,Guía,Guía para la gestión económica,A101,"{'web': 'https://ciruelacertificada.cl/recurso/guia-gestion-economica/', 'pdf': 'http://ciruelacertificada.cl/wp-content/uploads/2025/03/Viabilidad-Economica_Digital.pdf'}",000168
Gestión ,Viabilidad económica,Guía,Guía para la gestión económica,A102,"{'web': 'https://ciruelacertificada.cl/recurso/guia-gestion-economica/', 'pdf': 'http://ciruelacertificada.cl/wp-content/uploads/2025/03/Viabilidad-Economica_Digital.pdf'}",000169
Gestión ,Viabilidad económica,Guía,Guía para la gestión económica,A103,"{'web': 'https://ciruelacertificada.cl/recurso/guia-gestion-economica/', 'pdf': 'http://ciruelacertificada.cl/wp-content/uploads/2025/03/Viabilidad-Economica_Digital.pdf'}",000170
Gestión ,Viabilidad económica,Guía,Guía para la gestión económica,A104,"{'web': 'https://ciruelacertificada.cl/recurso/guia-gestion-economica/', 'pdf': 'http://ciruelacertificada.cl/wp-content/uploads/2025/03/Viabilidad-Economica_Digital.pdf'}",000171
Gestión ,Viabilidad económica,Guía,Guía para la gestión económica,A105,"{'web': 'https://ciruelacertificada.cl/recurso/guia-gestion-economica/', 'pdf': 'http://ciruelacertificada.cl/wp-content/uploads/2025/03/Viabilidad-Economica_Digital.pdf'}",000172
Gestión ,Viabilidad económica,Guía,Guía para la gestión económica,A106,"{'web': 'https://ciruelacertificada.cl/recurso/guia-gestion-economica/', 'pdf': 'http://ciruelacertificada.cl/wp-content/uploads/2025/03/Viabilidad-Economica_Digital.pdf'}",000173
Social,CT y PS,Guía,Guía para la gestión de las condiciones y protección social de los trabajadores,A116,"{'web': 'https://ciruelacertificada.cl/recurso/guia-condiciones-de-trabajo-y-proteccion-social/', 'pdf': 'http://ciruelacertificada.cl/wp-content/uploads/2025/03/Condiciones-Laborales_Digital.pdf'}",000174
Social,CT y PS,Guía,Guía para la gestión de las condiciones y protección social de los trabajadores,A117,"{'web': 'https://ciruelacertificada.cl/recurso/guia-condiciones-de-trabajo-y-proteccion-social/', 'pdf': 'http://ciruelacertificada.cl/wp-content/uploads/2025/03/Condiciones-Laborales_Digital.pdf'}",000175
Social,CT y PS,Guía,Guía para la gestión de las condiciones y protección social de los trabajadores,A118,"{'web': 'https://ciruelacertificada.cl/recurso/guia-condiciones-de-trabajo-y-proteccion-social/', 'pdf': 'http://ciruelacertificada.cl/wp-content/uploads/2025/03/Condiciones-Laborales_Digital.pdf'}",000176
Social,CT y PS,Guía,Guía para la gestión de las condiciones y protección social de los trabajadores,A119,"{'web': 'https://ciruelacertificada.cl/recurso/guia-condiciones-de-trabajo-y-proteccion-social/', 'pdf': 'http://ciruelacertificada.cl/wp-content/uploads/2025/03/Condiciones-Laborales_Digital.pdf'}",000177
Social,CT y PS,Guía,Guía para la gestión de las condiciones y protección social de los trabajadores,A120,"{'web': 'https://ciruelacertificada.cl/recurso/guia-condiciones-de-trabajo-y-proteccion-social/', 'pdf': 'http://ciruelacertificada.cl/wp-content/uploads/2025/03/Condiciones-Laborales_Digital.pdf'}",000178
Social,CT y PS,Guía,Guía para la gestión de las condiciones y protección social de los trabajadores,A121,"{'web': 'https://ciruelacertificada.cl/recurso/guia-condiciones-de-trabajo-y-proteccion-social/', 'pdf': 'http://ciruelacertificada.cl/wp-content/uploads/2025/03/Condiciones-Laborales_Digital.pdf'}",000179
Social,CT y PS,Guía,Guía para la gestión de las condiciones y protección social de los trabajadores,A122,"{'web': 'https://ciruelacertificada.cl/recurso/guia-condiciones-de-trabajo-y-proteccion-social/', 'pdf': 'http://ciruelacertificada.cl/wp-content/uploads/2025/03/Condiciones-Laborales_Digital.pdf'}",000180
Social,CT y PS,Guía,Guía para la gestión de las condiciones y protección social de los trabajadores,A123,"{'web': 'https://ciruelacertificada.cl/recurso/guia-condiciones-de-trabajo-y-proteccion-social/', 'pdf': 'http://ciruelacertificada.cl/wp-content/uploads/2025/03/Condiciones-Laborales_Digital.pdf'}",000181
Social,CT y PS,Guía,Guía para la gestión de las condiciones y protección social de los trabajadores,A124,"{'web': 'https://ciruelacertificada.cl/recurso/guia-condiciones-de-trabajo-y-proteccion-social/', 'pdf': 'http://ciruelacertificada.cl/wp-content/uploads/2025/03/Condiciones-Laborales_Digital.pdf'}",000182
Social,CT y PS,Guía,Guía para la gestión de las condiciones y protección social de los trabajadores,A125,"{'web': 'https://ciruelacertificada.cl/recurso/guia-condiciones-de-trabajo-y-proteccion-social/', 'pdf': 'http://ciruelacertificada.cl/wp-content/uploads/2025/03/Condiciones-Laborales_Digital.pdf'}",000183
Social,CT y PS,Guía,Guía para la gestión de las condiciones y protección social de los trabajadores,A126,"{'web': 'https://ciruelacertificada.cl/recurso/guia-condiciones-de-trabajo-y-proteccion-social/', 'pdf': 'http://ciruelacertificada.cl/wp-content/uploads/2025/03/Condiciones-Laborales_Digital.pdf'}",000184
Social,CT y PS,Guía,Guía para la gestión de las condiciones y protección social de los trabajadores,A127,"{'web': 'https://ciruelacertificada.cl/recurso/guia-condiciones-de-trabajo-y-proteccion-social/', 'pdf': 'http://ciruelacertificada.cl/wp-content/uploads/2025/03/Condiciones-Laborales_Digital.pdf'}",000185
Social,CT y PS,Guía,Guía para la gestión de las condiciones y protección social de los trabajadores,A128,"{'web': 'https://ciruelacertificada.cl/recurso/guia-condiciones-de-trabajo-y-proteccion-social/', 'pdf': 'http://ciruelacertificada.cl/wp-content/uploads/2025/03/Condiciones-Laborales_Digital.pdf'}",000186
Social,Comunidades locales,Guía,Guía para el relacionamiento comunitario ,A107,"{'web': 'https://ciruelacertificada.cl/recurso/guia-para-el-relacionamiento-comunitario/', 'pdf': 'https://ciruelacertificada.cl/wp-content/uploads/2024/11/Relacionamiento-Comunitario-Digital.pdf'}",000187
Social,Comunidades locales,Guía,Guía para el relacionamiento comunitario ,A108,"{'web': 'https://ciruelacertificada.cl/recurso/guia-para-el-relacionamiento-comunitario/', 'pdf': 'https://ciruelacertificada.cl/wp-content/uploads/2024/11/Relacionamiento-Comunitario-Digital.pdf'}",000188
Social,Comunidades locales,Guía,Guía para el relacionamiento comunitario ,A109,"{'web': 'https://ciruelacertificada.cl/recurso/guia-para-el-relacionamiento-comunitario/', 'pdf': 'https://ciruelacertificada.cl/wp-content/uploads/2024/11/Relacionamiento-Comunitario-Digital.pdf'}",000189
Social,Comunidades locales,Guía,Guía para el relacionamiento comunitario ,A110,"{'web': 'https://ciruelacertificada.cl/recurso/guia-para-el-relacionamiento-comunitario/', 'pdf': 'https://ciruelacertificada.cl/wp-content/uploads/2024/11/Relacionamiento-Comunitario-Digital.pdf'}",000190
Social,Comunidades locales,Guía,Guía para el relacionamiento comunitario ,A111,"{'web': 'https://ciruelacertificada.cl/recurso/guia-para-el-relacionamiento-comunitario/', 'pdf': 'https://ciruelacertificada.cl/wp-content/uploads/2024/11/Relacionamiento-Comunitario-Digital.pdf'}",000191
Social,Comunidades locales,Guía,Guía para el relacionamiento comunitario ,A112,"{'web': 'https://ciruelacertificada.cl/recurso/guia-para-el-relacionamiento-comunitario/', 'pdf': 'https://ciruelacertificada.cl/wp-content/uploads/2024/11/Relacionamiento-Comunitario-Digital.pdf'}",000192
Social,Comunidades locales,Guía,Guía para el relacionamiento comunitario ,A113,"{'web': 'https://ciruelacertificada.cl/recurso/guia-para-el-relacionamiento-comunitario/', 'pdf': 'https://ciruelacertificada.cl/wp-content/uploads/2024/11/Relacionamiento-Comunitario-Digital.pdf'}",000193
Social,Comunidades locales,Guía,Guía para el relacionamiento comunitario ,A114,"{'web': 'https://ciruelacertificada.cl/recurso/guia-para-el-relacionamiento-comunitario/', 'pdf': 'https://ciruelacertificada.cl/wp-content/uploads/2024/11/Relacionamiento-Comunitario-Digital.pdf'}",000194
Social,Comunidades locales,Guía,Guía para el relacionamiento comunitario ,A115,"{'web': 'https://ciruelacertificada.cl/recurso/guia-para-el-relacionamiento-comunitario/', 'pdf': 'https://ciruelacertificada.cl/wp-content/uploads/2024/11/Relacionamiento-Comunitario-Digital.pdf'}",000195
Ética,Debida diligencia,Guía,Guía para la gestión de la debida diligencia de la legislación.,A129,"{'web': 'https://ciruelacertificada.cl/recurso/guia-debida-diligencia-de-la-legislacion/', 'pdf': 'http://ciruelacertificada.cl/wp-content/uploads/2025/03/Debida-Diligencia_Digital.pdf'}",000196
Ética,Debida diligencia,Guía,Guía para la gestión de la debida diligencia de la legislación.,A130,"{'web': 'https://ciruelacertificada.cl/recurso/guia-debida-diligencia-de-la-legislacion/', 'pdf': 'http://ciruelacertificada.cl/wp-content/uploads/2025/03/Debida-Diligencia_Digital.pdf'}",000197
Ética,Debida diligencia,Guía,Guía para la gestión de la debida diligencia de la legislación.,A131,"{'web': 'https://ciruelacertificada.cl/recurso/guia-debida-diligencia-de-la-legislacion/', 'pdf': 'http://ciruelacertificada.cl/wp-content/uploads/2025/03/Debida-Diligencia_Digital.pdf'}",000198
Ética,Debida diligencia,Guía,Guía para la gestión de la debida diligencia de la legislación.,A132,"{'web': 'https://ciruelacertificada.cl/recurso/guia-debida-diligencia-de-la-legislacion/', 'pdf': 'http://ciruelacertificada.cl/wp-content/uploads/2025/03/Debida-Diligencia_Digital.pdf'}",000199
Ética,Debida diligencia,Guía,Guía para la gestión de la debida diligencia de la legislación.,A133,"{'web': 'https://ciruelacertificada.cl/recurso/guia-debida-diligencia-de-la-legislacion/', 'pdf': 'http://ciruelacertificada.cl/wp-content/uploads/2025/03/Debida-Diligencia_Digital.pdf'}",000200
Ética,Debida diligencia,Guía,Guía para la gestión de la debida diligencia de la legislación.,A134,"{'web': 'https://ciruelacertificada.cl/recurso/guia-debida-diligencia-de-la-legislacion/', 'pdf': 'http://ciruelacertificada.cl/wp-content/uploads/2025/03/Debida-Diligencia_Digital.pdf'}",000201
Ética,Debida diligencia,Guía,Guía para la gestión de la debida diligencia de la legislación.,A135,"{'web': 'https://ciruelacertificada.cl/recurso/guia-debida-diligencia-de-la-legislacion/', 'pdf': 'http://ciruelacertificada.cl/wp-content/uploads/2025/03/Debida-Diligencia_Digital.pdf'}",000202
Ambiente,Agua,Curso,Curso: Agua,A001,"{'web': 'https://ciruelacertificada.cl/recurso/curso-gestion-sustentable-del-agua/', 'curso': 'https://www.chileagricola.cl/courses/82151-2/'}",000203
Ambiente,Agua,Curso,Curso: Agua,A002,"{'web': 'https://ciruelacertificada.cl/recurso/curso-gestion-sustentable-del-agua/', 'curso': 'https://www.chileagricola.cl/courses/82151-2/'}",000204
Ambiente,Agua,Curso,Curso: Agua,A003,"{'web': 'https://ciruelacertificada.cl/recurso/curso-gestion-sustentable-del-agua/', 'curso': 'https://www.chileagricola.cl/courses/82151-2/'}",000205
Ambiente,Agua,Curso,Curso: Agua,A004,"{'web': 'https://ciruelacertificada.cl/recurso/curso-gestion-sustentable-del-agua/', 'curso': 'https://www.chileagricola.cl/courses/82151-2/'}",000206
Ambiente,Agua,Curso,Curso: Agua,A005,"{'web': 'https://ciruelacertificada.cl/recurso/curso-gestion-sustentable-del-agua/', 'curso': 'https://www.chileagricola.cl/courses/82151-2/'}",000207
Ambiente,Agua,Curso,Curso: Agua,A006,"{'web': 'https://ciruelacertificada.cl/recurso/curso-gestion-sustentable-del-agua/', 'curso': 'https://www.chileagricola.cl/courses/82151-2/'}",000208
Ambiente,Agua,Curso,Curso: Agua,A007,"{'web': 'https://ciruelacertificada.cl/recurso/curso-gestion-sustentable-del-agua/', 'curso': 'https://www.chileagricola.cl/courses/82151-2/'}",000209
Ambiente,Agua,Curso,Curso: Agua,A008,"{'web': 'https://ciruelacertificada.cl/recurso/curso-gestion-sustentable-del-agua/', 'curso': 'https://www.chileagricola.cl/courses/82151-2/'}",000210
Ambiente,Agua,Curso,Curso: Agua,A009,"{'web': 'https://ciruelacertificada.cl/recurso/curso-gestion-sustentable-del-agua/', 'curso': 'https://www.chileagricola.cl/courses/82151-2/'}",000211
Ambiente,Agua,Curso,Curso: Agua,A010,"{'web': 'https://ciruelacertificada.cl/recurso/curso-gestion-sustentable-del-agua/', 'curso': 'https://www.chileagricola.cl/courses/82151-2/'}",000212
Ambiente,Agua,Curso,Curso: Agua,A011,"{'web': 'https://ciruelacertificada.cl/recurso/curso-gestion-sustentable-del-agua/', 'curso': 'https://www.chileagricola.cl/courses/82151-2/'}",000213
Ambiente,Agua,Curso,Curso: Agua,A012,"{'web': 'https://ciruelacertificada.cl/recurso/curso-gestion-sustentable-del-agua/', 'curso': 'https://www.chileagricola.cl/courses/82151-2/'}",000214
Ambiente,Agua,Curso,Curso: Agua,A013,"{'web': 'https://ciruelacertificada.cl/recurso/curso-gestion-sustentable-del-agua/', 'curso': 'https://www.chileagricola.cl/courses/82151-2/'}",000215
Ambiente,Agua,Curso,Curso: Agua,A014,"{'web': 'https://ciruelacertificada.cl/recurso/curso-gestion-sustentable-del-agua/', 'curso': 'https://www.chileagricola.cl/courses/82151-2/'}",000216
Ambiente,Agua,Curso,Curso: Agua,A015,"{'web': 'https://ciruelacertificada.cl/recurso/curso-gestion-sustentable-del-agua/', 'curso': 'https://www.chileagricola.cl/courses/82151-2/'}",000217
Ambiente,Agua,Curso,Curso: Agua,A016,"{'web': 'https://ciruelacertificada.cl/recurso/curso-gestion-sustentable-del-agua/', 'curso': 'https://www.chileagricola.cl/courses/82151-2/'}",000218
Ambiente,Agua,Curso,Curso: Agua,A017,"{'web': 'https://ciruelacertificada.cl/recurso/curso-gestion-sustentable-del-agua/', 'curso': 'https://www.chileagricola.cl/courses/82151-2/'}",000219
Ambiente,Biodiversidad,Curso,Curso: Biodiversidad,A018,"{'web': 'https://ciruelacertificada.cl/recurso/curso-biodiversidad/', 'curso': 'https://www.chileagricola.cl/courses/81303/'}",000220
Ambiente,Biodiversidad,Curso,Curso: Biodiversidad,A019,"{'web': 'https://ciruelacertificada.cl/recurso/curso-biodiversidad/', 'curso': 'https://www.chileagricola.cl/courses/81303/'}",000221
Ambiente,Biodiversidad,Curso,Curso: Biodiversidad,A020,"{'web': 'https://ciruelacertificada.cl/recurso/curso-biodiversidad/', 'curso': 'https://www.chileagricola.cl/courses/81303/'}",000222
Ambiente,Biodiversidad,Curso,Curso: Biodiversidad,A021,"{'web': 'https://ciruelacertificada.cl/recurso/curso-biodiversidad/', 'curso': 'https://www.chileagricola.cl/courses/81303/'}",000223
Ambiente,Biodiversidad,Curso,Curso: Biodiversidad,A022,"{'web': 'https://ciruelacertificada.cl/recurso/curso-biodiversidad/', 'curso': 'https://www.chileagricola.cl/courses/81303/'}",000224
Ambiente,Biodiversidad,Curso,Curso: Biodiversidad,A023,"{'web': 'https://ciruelacertificada.cl/recurso/curso-biodiversidad/', 'curso': 'https://www.chileagricola.cl/courses/81303/'}",000225
Ambiente,Biodiversidad,Curso,Curso: Biodiversidad,A024,"{'web': 'https://ciruelacertificada.cl/recurso/curso-biodiversidad/', 'curso': 'https://www.chileagricola.cl/courses/81303/'}",000226
Ambiente,Biodiversidad,Curso,Curso: Biodiversidad,A025,"{'web': 'https://ciruelacertificada.cl/recurso/curso-biodiversidad/', 'curso': 'https://www.chileagricola.cl/courses/81303/'}",000227
Ambiente,Biodiversidad,Curso,Curso: Biodiversidad,A026,"{'web': 'https://ciruelacertificada.cl/recurso/curso-biodiversidad/', 'curso': 'https://www.chileagricola.cl/courses/81303/'}",000228
Ambiente,Biodiversidad,Curso,Curso: Biodiversidad,A027,"{'web': 'https://ciruelacertificada.cl/recurso/curso-biodiversidad/', 'curso': 'https://www.chileagricola.cl/courses/81303/'}",000229
Ambiente,Insumos,Curso,Curso: Insumos,A028,"{'web': 'https://ciruelacertificada.cl/recurso/curso-gestion-sustentable-de-insumos/', 'curso': 'https://www.chileagricola.cl/courses/81303-2-3/'}",000230
Ambiente,Insumos,Curso,Curso: Insumos,A029,"{'web': 'https://ciruelacertificada.cl/recurso/curso-gestion-sustentable-de-insumos/', 'curso': 'https://www.chileagricola.cl/courses/81303-2-3/'}",000231
Ambiente,Insumos,Curso,Curso: Insumos,A030,"{'web': 'https://ciruelacertificada.cl/recurso/curso-gestion-sustentable-de-insumos/', 'curso': 'https://www.chileagricola.cl/courses/81303-2-3/'}",000232
Ambiente,Insumos,Curso,Curso: Insumos,A031,"{'web': 'https://ciruelacertificada.cl/recurso/curso-gestion-sustentable-de-insumos/', 'curso': 'https://www.chileagricola.cl/courses/81303-2-3/'}",000233
Ambiente,Insumos,Curso,Curso: Insumos,A032,"{'web': 'https://ciruelacertificada.cl/recurso/curso-gestion-sustentable-de-insumos/', 'curso': 'https://www.chileagricola.cl/courses/81303-2-3/'}",000234
Ambiente,Insumos,Curso,Curso: Insumos,A033,"{'web': 'https://ciruelacertificada.cl/recurso/curso-gestion-sustentable-de-insumos/', 'curso': 'https://www.chileagricola.cl/courses/81303-2-3/'}",000235
Ambiente,Insumos,Curso,Curso: Insumos,A034,"{'web': 'https://ciruelacertificada.cl/recurso/curso-gestion-sustentable-de-insumos/', 'curso': 'https://www.chileagricola.cl/courses/81303-2-3/'}",000236
Ambiente,Insumos,Curso,Curso: Insumos,A035,"{'web': 'https://ciruelacertificada.cl/recurso/curso-gestion-sustentable-de-insumos/', 'curso': 'https://www.chileagricola.cl/courses/81303-2-3/'}",000237
Ambiente,Insumos,Curso,Curso: Insumos,A036,"{'web': 'https://ciruelacertificada.cl/recurso/curso-gestion-sustentable-de-insumos/', 'curso': 'https://www.chileagricola.cl/courses/81303-2-3/'}",000238
Ambiente,Residuos,Curso,Curso: Residuos,A037,"{'web': 'https://ciruelacertificada.cl/recurso/curso-gestion-sustentable-de-residuos/', 'curso': 'https://www.chileagricola.cl/courses/81303-2-2/'}",000239
Ambiente,Residuos,Curso,Curso: Residuos,A038,"{'web': 'https://ciruelacertificada.cl/recurso/curso-gestion-sustentable-de-residuos/', 'curso': 'https://www.chileagricola.cl/courses/81303-2-2/'}",000240
Ambiente,Residuos,Curso,Curso: Residuos,A039,"{'web': 'https://ciruelacertificada.cl/recurso/curso-gestion-sustentable-de-residuos/', 'curso': 'https://www.chileagricola.cl/courses/81303-2-2/'}",000241
Ambiente,Residuos,Curso,Curso: Residuos,A040,"{'web': 'https://ciruelacertificada.cl/recurso/curso-gestion-sustentable-de-residuos/', 'curso': 'https://www.chileagricola.cl/courses/81303-2-2/'}",000242
Ambiente,Residuos,Curso,Curso: Residuos,A041,"{'web': 'https://ciruelacertificada.cl/recurso/curso-gestion-sustentable-de-residuos/', 'curso': 'https://www.chileagricola.cl/courses/81303-2-2/'}",000243
Ambiente,Residuos,Curso,Curso: Residuos,A042,"{'web': 'https://ciruelacertificada.cl/recurso/curso-gestion-sustentable-de-residuos/', 'curso': 'https://www.chileagricola.cl/courses/81303-2-2/'}",000244
Ambiente,Residuos,Curso,Curso: Residuos,A043,"{'web': 'https://ciruelacertificada.cl/recurso/curso-gestion-sustentable-de-residuos/', 'curso': 'https://www.chileagricola.cl/courses/81303-2-2/'}",000245
Ambiente,Residuos,Curso,Curso: Residuos,A044,"{'web': 'https://ciruelacertificada.cl/recurso/curso-gestion-sustentable-de-residuos/', 'curso': 'https://www.chileagricola.cl/courses/81303-2-2/'}",000246
Ambiente,Residuos,Curso,Curso: Residuos,A045,"{'web': 'https://ciruelacertificada.cl/recurso/curso-gestion-sustentable-de-residuos/', 'curso': 'https://www.chileagricola.cl/courses/81303-2-2/'}",000247
Ambiente,Residuos,Curso,Curso: Residuos,A046,"{'web': 'https://ciruelacertificada.cl/recurso/curso-gestion-sustentable-de-residuos/', 'curso': 'https://www.chileagricola.cl/courses/81303-2-2/'}",000248
Ambiente,Residuos,Curso,Curso: Residuos,A047,"{'web': 'https://ciruelacertificada.cl/recurso/curso-gestion-sustentable-de-residuos/', 'curso': 'https://www.chileagricola.cl/courses/81303-2-2/'}",000249
Ambiente,Residuos,Curso,Curso: Residuos,A048,"{'web': 'https://ciruelacertificada.cl/recurso/curso-gestion-sustentable-de-residuos/', 'curso': 'https://www.chileagricola.cl/courses/81303-2-2/'}",000250
Ambiente,Residuos,Curso,Curso: Residuos,A049,"{'web': 'https://ciruelacertificada.cl/recurso/curso-gestion-sustentable-de-residuos/', 'curso': 'https://www.chileagricola.cl/courses/81303-2-2/'}",000251
Ambiente,Residuos,Curso,Curso: Residuos,A050,"{'web': 'https://ciruelacertificada.cl/recurso/curso-gestion-sustentable-de-residuos/', 'curso': 'https://www.chileagricola.cl/courses/81303-2-2/'}",000252
Ambiente,Residuos,Curso,Curso: Residuos,A051,"{'web': 'https://ciruelacertificada.cl/recurso/curso-gestion-sustentable-de-residuos/', 'curso': 'https://www.chileagricola.cl/courses/81303-2-2/'}",000253
Ambiente,Energía,Curso,Curso: Energía,A052,"{'web': 'https://ciruelacertificada.cl/recurso/curso-gestion-de-energia-y-eficiencia-energetica/', 'curso': 'https://www.chileagricola.cl/courses/82151/'}",000254
Ambiente,Energía,Curso,Curso: Energía,A053,"{'web': 'https://ciruelacertificada.cl/recurso/curso-gestion-de-energia-y-eficiencia-energetica/', 'curso': 'https://www.chileagricola.cl/courses/82151/'}",000255
Ambiente,Energía,Curso,Curso: Energía,A054,"{'web': 'https://ciruelacertificada.cl/recurso/curso-gestion-de-energia-y-eficiencia-energetica/', 'curso': 'https://www.chileagricola.cl/courses/82151/'}",000256
Ambiente,Energía,Curso,Curso: Energía,A055,"{'web': 'https://ciruelacertificada.cl/recurso/curso-gestion-de-energia-y-eficiencia-energetica/', 'curso': 'https://www.chileagricola.cl/courses/82151/'}",000257
Ambiente,Energía,Curso,Curso: Energía,A056,"{'web': 'https://ciruelacertificada.cl/recurso/curso-gestion-de-energia-y-eficiencia-energetica/', 'curso': 'https://www.chileagricola.cl/courses/82151/'}",000258
Ambiente,Energía,Curso,Curso: Energía,A057,"{'web': 'https://ciruelacertificada.cl/recurso/curso-gestion-de-energia-y-eficiencia-energetica/', 'curso': 'https://www.chileagricola.cl/courses/82151/'}",000259
Ambiente,Energía,Curso,Curso: Energía,A058,"{'web': 'https://ciruelacertificada.cl/recurso/curso-gestion-de-energia-y-eficiencia-energetica/', 'curso': 'https://www.chileagricola.cl/courses/82151/'}",000260
Ambiente,Energía,Curso,Curso: Energía,A059,"{'web': 'https://ciruelacertificada.cl/recurso/curso-gestion-de-energia-y-eficiencia-energetica/', 'curso': 'https://www.chileagricola.cl/courses/82151/'}",000261
Ambiente,Energía,Curso,Curso: Energía,A060,"{'web': 'https://ciruelacertificada.cl/recurso/curso-gestion-de-energia-y-eficiencia-energetica/', 'curso': 'https://www.chileagricola.cl/courses/82151/'}",000262
Ambiente,Energía,Curso,Curso: Energía,A061,"{'web': 'https://ciruelacertificada.cl/recurso/curso-gestion-de-energia-y-eficiencia-energetica/', 'curso': 'https://www.chileagricola.cl/courses/82151/'}",000263
Ambiente,Energía,Curso,Curso: Energía,A062,"{'web': 'https://ciruelacertificada.cl/recurso/curso-gestion-de-energia-y-eficiencia-energetica/', 'curso': 'https://www.chileagricola.cl/courses/82151/'}",000264
Ambiente,GEI,Curso,Curso: GEI,A063,"{'web': 'https://ciruelacertificada.cl/recurso/curso-gei-y-cambio-climatico/', 'curso': 'https://www.chileagricola.cl/courses/81303-2/'}",000265
Ambiente,GEI,Curso,Curso: GEI,A064,"{'web': 'https://ciruelacertificada.cl/recurso/curso-gei-y-cambio-climatico/', 'curso': 'https://www.chileagricola.cl/courses/81303-2/'}",000266
Ambiente,GEI,Curso,Curso: GEI,A065,"{'web': 'https://ciruelacertificada.cl/recurso/curso-gei-y-cambio-climatico/', 'curso': 'https://www.chileagricola.cl/courses/81303-2/'}",000267
Ambiente,GEI,Curso,Curso: GEI,A066,"{'web': 'https://ciruelacertificada.cl/recurso/curso-gei-y-cambio-climatico/', 'curso': 'https://www.chileagricola.cl/courses/81303-2/'}",000268
Ambiente,GEI,Curso,Curso: GEI,A067,"{'web': 'https://ciruelacertificada.cl/recurso/curso-gei-y-cambio-climatico/', 'curso': 'https://www.chileagricola.cl/courses/81303-2/'}",000269
Ambiente,GEI,Curso,Curso: GEI,A068,"{'web': 'https://ciruelacertificada.cl/recurso/curso-gei-y-cambio-climatico/', 'curso': 'https://www.chileagricola.cl/courses/81303-2/'}",000270
Ambiente,GEI,Curso,Curso: GEI,A069,"{'web': 'https://ciruelacertificada.cl/recurso/curso-gei-y-cambio-climatico/', 'curso': 'https://www.chileagricola.cl/courses/81303-2/'}",000271
Calidad,Calidad,Curso,Curso: Calidad,A070,"{'web': 'https://ciruelacertificada.cl/recurso/curso-gestion-de-la-calidad/', 'curso': 'https://www.chileagricola.cl/courses/81303-2-3-2/'}",000272
Calidad,Calidad,Curso,Curso: Calidad,A071,"{'web': 'https://ciruelacertificada.cl/recurso/curso-gestion-de-la-calidad/', 'curso': 'https://www.chileagricola.cl/courses/81303-2-3-2/'}",000273
Calidad,Calidad,Curso,Curso: Calidad,A072,"{'web': 'https://ciruelacertificada.cl/recurso/curso-gestion-de-la-calidad/', 'curso': 'https://www.chileagricola.cl/courses/81303-2-3-2/'}",000274
Calidad,Calidad,Curso,Curso: Calidad,A073,"{'web': 'https://ciruelacertificada.cl/recurso/curso-gestion-de-la-calidad/', 'curso': 'https://www.chileagricola.cl/courses/81303-2-3-2/'}",000275
Calidad,Calidad,Curso,Curso: Calidad,A074,"{'web': 'https://ciruelacertificada.cl/recurso/curso-gestion-de-la-calidad/', 'curso': 'https://www.chileagricola.cl/courses/81303-2-3-2/'}",000276
Calidad,Calidad,Curso,Curso: Calidad,A075,"{'web': 'https://ciruelacertificada.cl/recurso/curso-gestion-de-la-calidad/', 'curso': 'https://www.chileagricola.cl/courses/81303-2-3-2/'}",000277
Calidad,Calidad,Curso,Curso: Calidad,A076,"{'web': 'https://ciruelacertificada.cl/recurso/curso-gestion-de-la-calidad/', 'curso': 'https://www.chileagricola.cl/courses/81303-2-3-2/'}",000278
Calidad,Calidad,Curso,Curso: Calidad,A077,"{'web': 'https://ciruelacertificada.cl/recurso/curso-gestion-de-la-calidad/', 'curso': 'https://www.chileagricola.cl/courses/81303-2-3-2/'}",000279
Calidad,Calidad,Curso,Curso: Calidad,A078,"{'web': 'https://ciruelacertificada.cl/recurso/curso-gestion-de-la-calidad/', 'curso': 'https://www.chileagricola.cl/courses/81303-2-3-2/'}",000280
Calidad,Calidad,Curso,Curso: Calidad,A079,"{'web': 'https://ciruelacertificada.cl/recurso/curso-gestion-de-la-calidad/', 'curso': 'https://www.chileagricola.cl/courses/81303-2-3-2/'}",000281
Calidad,Calidad,Curso,Curso: Calidad,A080,"{'web': 'https://ciruelacertificada.cl/recurso/curso-gestion-de-la-calidad/', 'curso': 'https://www.chileagricola.cl/courses/81303-2-3-2/'}",000282
Calidad,Calidad,Curso,Curso: Calidad,A081,"{'web': 'https://ciruelacertificada.cl/recurso/curso-gestion-de-la-calidad/', 'curso': 'https://www.chileagricola.cl/courses/81303-2-3-2/'}",000283
Calidad,Calidad,Curso,Curso: Calidad,A082,"{'web': 'https://ciruelacertificada.cl/recurso/curso-gestion-de-la-calidad/', 'curso': 'https://www.chileagricola.cl/courses/81303-2-3-2/'}",000284
Calidad,Inocuidad,Curso,Curso: Inocuidad,A083,"{'web': 'https://ciruelacertificada.cl/recurso/curso-gestion-de-la-inocuidad-alimentaria/', 'curso': 'https://www.chileagricola.cl/courses/81303-2-3-2-2/'}",000285
Calidad,Inocuidad,Curso,Curso: Inocuidad,A084,"{'web': 'https://ciruelacertificada.cl/recurso/curso-gestion-de-la-inocuidad-alimentaria/', 'curso': 'https://www.chileagricola.cl/courses/81303-2-3-2-2/'}",000286
Calidad,Inocuidad,Curso,Curso: Inocuidad,A085,"{'web': 'https://ciruelacertificada.cl/recurso/curso-gestion-de-la-inocuidad-alimentaria/', 'curso': 'https://www.chileagricola.cl/courses/81303-2-3-2-2/'}",000287
Calidad,Inocuidad,Curso,Curso: Inocuidad,A086,"{'web': 'https://ciruelacertificada.cl/recurso/curso-gestion-de-la-inocuidad-alimentaria/', 'curso': 'https://www.chileagricola.cl/courses/81303-2-3-2-2/'}",000288
Calidad,Inocuidad,Curso,Curso: Inocuidad,A087,"{'web': 'https://ciruelacertificada.cl/recurso/curso-gestion-de-la-inocuidad-alimentaria/', 'curso': 'https://www.chileagricola.cl/courses/81303-2-3-2-2/'}",000289
Calidad,Inocuidad,Curso,Curso: Inocuidad,A088,"{'web': 'https://ciruelacertificada.cl/recurso/curso-gestion-de-la-inocuidad-alimentaria/', 'curso': 'https://www.chileagricola.cl/courses/81303-2-3-2-2/'}",000290
Calidad,Inocuidad,Curso,Curso: Inocuidad,A089,"{'web': 'https://ciruelacertificada.cl/recurso/curso-gestion-de-la-inocuidad-alimentaria/', 'curso': 'https://www.chileagricola.cl/courses/81303-2-3-2-2/'}",000291
Calidad,Inocuidad,Curso,Curso: Inocuidad,A090,"{'web': 'https://ciruelacertificada.cl/recurso/curso-gestion-de-la-inocuidad-alimentaria/', 'curso': 'https://www.chileagricola.cl/courses/81303-2-3-2-2/'}",000292
Calidad,Inocuidad,Curso,Curso: Inocuidad,A091,"{'web': 'https://ciruelacertificada.cl/recurso/curso-gestion-de-la-inocuidad-alimentaria/', 'curso': 'https://www.chileagricola.cl/courses/81303-2-3-2-2/'}",000293
Calidad,Inocuidad,Curso,Curso: Inocuidad,A092,"{'web': 'https://ciruelacertificada.cl/recurso/curso-gestion-de-la-inocuidad-alimentaria/', 'curso': 'https://www.chileagricola.cl/courses/81303-2-3-2-2/'}",000294
Calidad,Inocuidad,Curso,Curso: Inocuidad,A093,"{'web': 'https://ciruelacertificada.cl/recurso/curso-gestion-de-la-inocuidad-alimentaria/', 'curso': 'https://www.chileagricola.cl/courses/81303-2-3-2-2/'}",000295
Calidad,Inocuidad,Curso,Curso: Inocuidad,A094,"{'web': 'https://ciruelacertificada.cl/recurso/curso-gestion-de-la-inocuidad-alimentaria/', 'curso': 'https://www.chileagricola.cl/courses/81303-2-3-2-2/'}",000296
Calidad,Inocuidad,Curso,Curso: Inocuidad,A095,"{'web': 'https://ciruelacertificada.cl/recurso/curso-gestion-de-la-inocuidad-alimentaria/', 'curso': 'https://www.chileagricola.cl/courses/81303-2-3-2-2/'}",000297
Gestión ,Viabilidad económica,Curso,Curso: Viabilidad económica,A096,"{'web': 'https://ciruelacertificada.cl/recurso/curso-viabilidad-economica/', 'curso': 'https://www.chileagricola.cl/courses/estandar-sustentabilidad-industria-de-ciruelas-deshidratadas-viabilidad-economica/'}",000298
Gestión ,Viabilidad económica,Curso,Curso: Viabilidad económica,A097,"{'web': 'https://ciruelacertificada.cl/recurso/curso-viabilidad-economica/', 'curso': 'https://www.chileagricola.cl/courses/estandar-sustentabilidad-industria-de-ciruelas-deshidratadas-viabilidad-economica/'}",000299
Gestión ,Viabilidad económica,Curso,Curso: Viabilidad económica,A098,"{'web': 'https://ciruelacertificada.cl/recurso/curso-viabilidad-economica/', 'curso': 'https://www.chileagricola.cl/courses/estandar-sustentabilidad-industria-de-ciruelas-deshidratadas-viabilidad-economica/'}",000300
Gestión ,Viabilidad económica,Curso,Curso: Viabilidad económica,A099,"{'web': 'https://ciruelacertificada.cl/recurso/curso-viabilidad-economica/', 'curso': 'https://www.chileagricola.cl/courses/estandar-sustentabilidad-industria-de-ciruelas-deshidratadas-viabilidad-economica/'}",000301
Gestión ,Viabilidad económica,Curso,Curso: Viabilidad económica,A100,"{'web': 'https://ciruelacertificada.cl/recurso/curso-viabilidad-economica/', 'curso': 'https://www.chileagricola.cl/courses/estandar-sustentabilidad-industria-de-ciruelas-deshidratadas-viabilidad-economica/'}",000302
Gestión ,Viabilidad económica,Curso,Curso: Viabilidad económica,A101,"{'web': 'https://ciruelacertificada.cl/recurso/curso-viabilidad-economica/', 'curso': 'https://www.chileagricola.cl/courses/estandar-sustentabilidad-industria-de-ciruelas-deshidratadas-viabilidad-economica/'}",000303
Gestión ,Viabilidad económica,Curso,Curso: Viabilidad económica,A102,"{'web': 'https://ciruelacertificada.cl/recurso/curso-viabilidad-economica/', 'curso': 'https://www.chileagricola.cl/courses/estandar-sustentabilidad-industria-de-ciruelas-deshidratadas-viabilidad-economica/'}",000304
Gestión ,Viabilidad económica,Curso,Curso: Viabilidad económica,A103,"{'web': 'https://ciruelacertificada.cl/recurso/curso-viabilidad-economica/', 'curso': 'https://www.chileagricola.cl/courses/estandar-sustentabilidad-industria-de-ciruelas-deshidratadas-viabilidad-economica/'}",000305
Gestión ,Viabilidad económica,Curso,Curso: Viabilidad económica,A104,"{'web': 'https://ciruelacertificada.cl/recurso/curso-viabilidad-economica/', 'curso': 'https://www.chileagricola.cl/courses/estandar-sustentabilidad-industria-de-ciruelas-deshidratadas-viabilidad-economica/'}",000306
Gestión ,Viabilidad económica,Curso,Curso: Viabilidad económica,A105,"{'web': 'https://ciruelacertificada.cl/recurso/curso-viabilidad-economica/', 'curso': 'https://www.chileagricola.cl/courses/estandar-sustentabilidad-industria-de-ciruelas-deshidratadas-viabilidad-economica/'}",000307
Gestión ,Viabilidad económica,Curso,Curso: Viabilidad económica,A106,"{'web': 'https://ciruelacertificada.cl/recurso/curso-viabilidad-economica/', 'curso': 'https://www.chileagricola.cl/courses/estandar-sustentabilidad-industria-de-ciruelas-deshidratadas-viabilidad-economica/'}",000308
Social,CT y PS,Curso,Curso: Condiciones de trabajo y protección social,A116,"{'web': 'https://ciruelacertificada.cl/recurso/curso-condiciones-laborales-y-proteccion-social/', 'curso': 'https://www.chileagricola.cl/courses/82151-2-3/'}",000309
Social,CT y PS,Curso,Curso: Condiciones de trabajo y protección social,A117,"{'web': 'https://ciruelacertificada.cl/recurso/curso-condiciones-laborales-y-proteccion-social/', 'curso': 'https://www.chileagricola.cl/courses/82151-2-3/'}",000310
Social,CT y PS,Curso,Curso: Condiciones de trabajo y protección social,A118,"{'web': 'https://ciruelacertificada.cl/recurso/curso-condiciones-laborales-y-proteccion-social/', 'curso': 'https://www.chileagricola.cl/courses/82151-2-3/'}",000311
Social,CT y PS,Curso,Curso: Condiciones de trabajo y protección social,A119,"{'web': 'https://ciruelacertificada.cl/recurso/curso-condiciones-laborales-y-proteccion-social/', 'curso': 'https://www.chileagricola.cl/courses/82151-2-3/'}",000312
Social,CT y PS,Curso,Curso: Condiciones de trabajo y protección social,A120,"{'web': 'https://ciruelacertificada.cl/recurso/curso-condiciones-laborales-y-proteccion-social/', 'curso': 'https://www.chileagricola.cl/courses/82151-2-3/'}",000313
Social,CT y PS,Curso,Curso: Condiciones de trabajo y protección social,A121,"{'web': 'https://ciruelacertificada.cl/recurso/curso-condiciones-laborales-y-proteccion-social/', 'curso': 'https://www.chileagricola.cl/courses/82151-2-3/'}",000314
Social,CT y PS,Curso,Curso: Condiciones de trabajo y protección social,A122,"{'web': 'https://ciruelacertificada.cl/recurso/curso-condiciones-laborales-y-proteccion-social/', 'curso': 'https://www.chileagricola.cl/courses/82151-2-3/'}",000315
Social,CT y PS,Curso,Curso: Condiciones de trabajo y protección social,A123,"{'web': 'https://ciruelacertificada.cl/recurso/curso-condiciones-laborales-y-proteccion-social/', 'curso': 'https://www.chileagricola.cl/courses/82151-2-3/'}",000316
Social,CT y PS,Curso,Curso: Condiciones de trabajo y protección social,A124,"{'web': 'https://ciruelacertificada.cl/recurso/curso-condiciones-laborales-y-proteccion-social/', 'curso': 'https://www.chileagricola.cl/courses/82151-2-3/'}",000317
Social,CT y PS,Curso,Curso: Condiciones de trabajo y protección social,A125,"{'web': 'https://ciruelacertificada.cl/recurso/curso-condiciones-laborales-y-proteccion-social/', 'curso': 'https://www.chileagricola.cl/courses/82151-2-3/'}",000318
Social,CT y PS,Curso,Curso: Condiciones de trabajo y protección social,A126,"{'web': 'https://ciruelacertificada.cl/recurso/curso-condiciones-laborales-y-proteccion-social/', 'curso': 'https://www.chileagricola.cl/courses/82151-2-3/'}",000319
Social,CT y PS,Curso,Curso: Condiciones de trabajo y protección social,A127,"{'web': 'https://ciruelacertificada.cl/recurso/curso-condiciones-laborales-y-proteccion-social/', 'curso': 'https://www.chileagricola.cl/courses/82151-2-3/'}",000320
Social,CT y PS,Curso,Curso: Condiciones de trabajo y protección social,A128,"{'web': 'https://ciruelacertificada.cl/recurso/curso-condiciones-laborales-y-proteccion-social/', 'curso': 'https://www.chileagricola.cl/courses/82151-2-3/'}",000321
Social,Comunidades locales,Curso,Curso: Comunidades locales,A107,"{'web': 'https://ciruelacertificada.cl/recurso/curso-relacion-con-las-comunidades/', 'curso': 'https://www.chileagricola.cl/courses/estandar-sustentabilidad-industria-de-ciruelas-deshidratadas-comunidades-locales-parte-1/'}",000322
Social,Comunidades locales,Curso,Curso: Comunidades locales,A108,"{'web': 'https://ciruelacertificada.cl/recurso/curso-relacion-con-las-comunidades/', 'curso': 'https://www.chileagricola.cl/courses/estandar-sustentabilidad-industria-de-ciruelas-deshidratadas-comunidades-locales-parte-1/'}",000323
Social,Comunidades locales,Curso,Curso: Comunidades locales,A109,"{'web': 'https://ciruelacertificada.cl/recurso/curso-relacion-con-las-comunidades/', 'curso': 'https://www.chileagricola.cl/courses/estandar-sustentabilidad-industria-de-ciruelas-deshidratadas-comunidades-locales-parte-1/'}",000324
Social,Comunidades locales,Curso,Curso: Comunidades locales,A110,"{'web': 'https://ciruelacertificada.cl/recurso/curso-relacion-con-las-comunidades/', 'curso': 'https://www.chileagricola.cl/courses/estandar-sustentabilidad-industria-de-ciruelas-deshidratadas-comunidades-locales-parte-1/'}",000325
Social,Comunidades locales,Curso,Curso: Comunidades locales,A111,"{'web': 'https://ciruelacertificada.cl/recurso/curso-relacion-con-las-comunidades/', 'curso': 'https://www.chileagricola.cl/courses/estandar-sustentabilidad-industria-de-ciruelas-deshidratadas-comunidades-locales-parte-1/'}",000326
Social,Comunidades locales,Curso,Curso: Comunidades locales,A112,"{'web': 'https://ciruelacertificada.cl/recurso/curso-relacion-con-las-comunidades/', 'curso': 'https://www.chileagricola.cl/courses/estandar-sustentabilidad-industria-de-ciruelas-deshidratadas-comunidades-locales-parte-1/'}",000327
Social,Comunidades locales,Curso,Curso: Comunidades locales,A113,"{'web': 'https://ciruelacertificada.cl/recurso/curso-relacion-con-las-comunidades/', 'curso': 'https://www.chileagricola.cl/courses/estandar-sustentabilidad-industria-de-ciruelas-deshidratadas-comunidades-locales-parte-1/'}",000328
Social,Comunidades locales,Curso,Curso: Comunidades locales,A114,"{'web': 'https://ciruelacertificada.cl/recurso/curso-relacion-con-las-comunidades/', 'curso': 'https://www.chileagricola.cl/courses/estandar-sustentabilidad-industria-de-ciruelas-deshidratadas-comunidades-locales-parte-1/'}",000329
Social,Comunidades locales,Curso,Curso: Comunidades locales,A115,"{'web': 'https://ciruelacertificada.cl/recurso/curso-relacion-con-las-comunidades/', 'curso': 'https://www.chileagricola.cl/courses/estandar-sustentabilidad-industria-de-ciruelas-deshidratadas-comunidades-locales-parte-1/'}",000330
Ética,Debida diligencia,Curso,Curso: Debida diligencia,A129,"{'web': 'https://ciruelacertificada.cl/recurso/curso-debida-diligencia-de-la-legislacion/', 'curso': 'https://www.chileagricola.cl/courses/82151-2-2/'}",000331
Ética,Debida diligencia,Curso,Curso: Debida diligencia,A130,"{'web': 'https://ciruelacertificada.cl/recurso/curso-debida-diligencia-de-la-legislacion/', 'curso': 'https://www.chileagricola.cl/courses/82151-2-2/'}",000332
Ética,Debida diligencia,Curso,Curso: Debida diligencia,A131,"{'web': 'https://ciruelacertificada.cl/recurso/curso-debida-diligencia-de-la-legislacion/', 'curso': 'https://www.chileagricola.cl/courses/82151-2-2/'}",000333
Ética,Debida diligencia,Curso,Curso: Debida diligencia,A132,"{'web': 'https://ciruelacertificada.cl/recurso/curso-debida-diligencia-de-la-legislacion/', 'curso': 'https://www.chileagricola.cl/courses/82151-2-2/'}",000334
Ética,Debida diligencia,Curso,Curso: Debida diligencia,A133,"{'web': 'https://ciruelacertificada.cl/recurso/curso-debida-diligencia-de-la-legislacion/', 'curso': 'https://www.chileagricola.cl/courses/82151-2-2/'}",000335
Ética,Debida diligencia,Curso,Curso: Debida diligencia,A134,"{'web': 'https://ciruelacertificada.cl/recurso/curso-debida-diligencia-de-la-legislacion/', 'curso': 'https://www.chileagricola.cl/courses/82151-2-2/'}",000336
Ética,Debida diligencia,Curso,Curso: Debida diligencia,A135,"{'web': 'https://ciruelacertificada.cl/recurso/curso-debida-diligencia-de-la-legislacion/', 'curso': 'https://www.chileagricola.cl/courses/82151-2-2/'}",000337
General,General,Estándar,Estándar de Sustentabilidad para la Industria de Ciruelas Deshidratadas. Fase de Adecuación Agroindustrial,A001,"{'web': 'https://ciruelacertificada.cl/recurso/estandar-de-sustentabilidad-para-la-industria-de-ciruelas-deshidratadas-fase-de-adecuacion-agroindustrial/', 'pdf': 'https://ciruelacertificada.cl/wp-content/uploads/2024/11/EstandarAA.pdf'}",000338
General,General,Estándar,Estándar de Sustentabilidad para la Industria de Ciruelas Deshidratadas. Fase de Adecuación Agroindustrial,A002,"{'web': 'https://ciruelacertificada.cl/recurso/estandar-de-sustentabilidad-para-la-industria-de-ciruelas-deshidratadas-fase-de-adecuacion-agroindustrial/', 'pdf': 'https://ciruelacertificada.cl/wp-content/uploads/2024/11/EstandarAA.pdf'}",000339
General,General,Estándar,Estándar de Sustentabilidad para la Industria de Ciruelas Deshidratadas. Fase de Adecuación Agroindustrial,A003,"{'web': 'https://ciruelacertificada.cl/recurso/estandar-de-sustentabilidad-para-la-industria-de-ciruelas-deshidratadas-fase-de-adecuacion-agroindustrial/', 'pdf': 'https://ciruelacertificada.cl/wp-content/uploads/2024/11/EstandarAA.pdf'}",000340
General,General,Estándar,Estándar de Sustentabilidad para la Industria de Ciruelas Deshidratadas. Fase de Adecuación Agroindustrial,A004,"{'web': 'https://ciruelacertificada.cl/recurso/estandar-de-sustentabilidad-para-la-industria-de-ciruelas-deshidratadas-fase-de-adecuacion-agroindustrial/', 'pdf': 'https://ciruelacertificada.cl/wp-content/uploads/2024/11/EstandarAA.pdf'}",000341
General,General,Estándar,Estándar de Sustentabilidad para la Industria de Ciruelas Deshidratadas. Fase de Adecuación Agroindustrial,A005,"{'web': 'https://ciruelacertificada.cl/recurso/estandar-de-sustentabilidad-para-la-industria-de-ciruelas-deshidratadas-fase-de-adecuacion-agroindustrial/', 'pdf': 'https://ciruelacertificada.cl/wp-content/uploads/2024/11/EstandarAA.pdf'}",000342
General,General,Estándar,Estándar de Sustentabilidad para la Industria de Ciruelas Deshidratadas. Fase de Adecuación Agroindustrial,A006,"{'web': 'https://ciruelacertificada.cl/recurso/estandar-de-sustentabilidad-para-la-industria-de-ciruelas-deshidratadas-fase-de-adecuacion-agroindustrial/', 'pdf': 'https://ciruelacertificada.cl/wp-content/uploads/2024/11/EstandarAA.pdf'}",000343
General,General,Estándar,Estándar de Sustentabilidad para la Industria de Ciruelas Deshidratadas. Fase de Adecuación Agroindustrial,A007,"{'web': 'https://ciruelacertificada.cl/recurso/estandar-de-sustentabilidad-para-la-industria-de-ciruelas-deshidratadas-fase-de-adecuacion-agroindustrial/', 'pdf': 'https://ciruelacertificada.cl/wp-content/uploads/2024/11/EstandarAA.pdf'}",000344
General,General,Estándar,Estándar de Sustentabilidad para la Industria de Ciruelas Deshidratadas. Fase de Adecuación Agroindustrial,A008,"{'web': 'https://ciruelacertificada.cl/recurso/estandar-de-sustentabilidad-para-la-industria-de-ciruelas-deshidratadas-fase-de-adecuacion-agroindustrial/', 'pdf': 'https://ciruelacertificada.cl/wp-content/uploads/2024/11/EstandarAA.pdf'}",000345
General,General,Estándar,Estándar de Sustentabilidad para la Industria de Ciruelas Deshidratadas. Fase de Adecuación Agroindustrial,A009,"{'web': 'https://ciruelacertificada.cl/recurso/estandar-de-sustentabilidad-para-la-industria-de-ciruelas-deshidratadas-fase-de-adecuacion-agroindustrial/', 'pdf': 'https://ciruelacertificada.cl/wp-content/uploads/2024/11/EstandarAA.pdf'}",000346
General,General,Estándar,Estándar de Sustentabilidad para la Industria de Ciruelas Deshidratadas. Fase de Adecuación Agroindustrial,A010,"{'web': 'https://ciruelacertificada.cl/recurso/estandar-de-sustentabilidad-para-la-industria-de-ciruelas-deshidratadas-fase-de-adecuacion-agroindustrial/', 'pdf': 'https://ciruelacertificada.cl/wp-content/uploads/2024/11/EstandarAA.pdf'}",000347
General,General,Estándar,Estándar de Sustentabilidad para la Industria de Ciruelas Deshidratadas. Fase de Adecuación Agroindustrial,A011,"{'web': 'https://ciruelacertificada.cl/recurso/estandar-de-sustentabilidad-para-la-industria-de-ciruelas-deshidratadas-fase-de-adecuacion-agroindustrial/', 'pdf': 'https://ciruelacertificada.cl/wp-content/uploads/2024/11/EstandarAA.pdf'}",000348
General,General,Estándar,Estándar de Sustentabilidad para la Industria de Ciruelas Deshidratadas. Fase de Adecuación Agroindustrial,A012,"{'web': 'https://ciruelacertificada.cl/recurso/estandar-de-sustentabilidad-para-la-industria-de-ciruelas-deshidratadas-fase-de-adecuacion-agroindustrial/', 'pdf': 'https://ciruelacertificada.cl/wp-content/uploads/2024/11/EstandarAA.pdf'}",000349
General,General,Estándar,Estándar de Sustentabilidad para la Industria de Ciruelas Deshidratadas. Fase de Adecuación Agroindustrial,A013,"{'web': 'https://ciruelacertificada.cl/recurso/estandar-de-sustentabilidad-para-la-industria-de-ciruelas-deshidratadas-fase-de-adecuacion-agroindustrial/', 'pdf': 'https://ciruelacertificada.cl/wp-content/uploads/2024/11/EstandarAA.pdf'}",000350
General,General,Estándar,Estándar de Sustentabilidad para la Industria de Ciruelas Deshidratadas. Fase de Adecuación Agroindustrial,A014,"{'web': 'https://ciruelacertificada.cl/recurso/estandar-de-sustentabilidad-para-la-industria-de-ciruelas-deshidratadas-fase-de-adecuacion-agroindustrial/', 'pdf': 'https://ciruelacertificada.cl/wp-content/uploads/2024/11/EstandarAA.pdf'}",000351
General,General,Estándar,Estándar de Sustentabilidad para la Industria de Ciruelas Deshidratadas. Fase de Adecuación Agroindustrial,A015,"{'web': 'https://ciruelacertificada.cl/recurso/estandar-de-sustentabilidad-para-la-industria-de-ciruelas-deshidratadas-fase-de-adecuacion-agroindustrial/', 'pdf': 'https://ciruelacertificada.cl/wp-content/uploads/2024/11/EstandarAA.pdf'}",000352
General,General,Estándar,Estándar de Sustentabilidad para la Industria de Ciruelas Deshidratadas. Fase de Adecuación Agroindustrial,A016,"{'web': 'https://ciruelacertificada.cl/recurso/estandar-de-sustentabilidad-para-la-industria-de-ciruelas-deshidratadas-fase-de-adecuacion-agroindustrial/', 'pdf': 'https://ciruelacertificada.cl/wp-content/uploads/2024/11/EstandarAA.pdf'}",000353
General,General,Estándar,Estándar de Sustentabilidad para la Industria de Ciruelas Deshidratadas. Fase de Adecuación Agroindustrial,A017,"{'web': 'https://ciruelacertificada.cl/recurso/estandar-de-sustentabilidad-para-la-industria-de-ciruelas-deshidratadas-fase-de-adecuacion-agroindustrial/', 'pdf': 'https://ciruelacertificada.cl/wp-content/uploads/2024/11/EstandarAA.pdf'}",000354
General,General,Estándar,Estándar de Sustentabilidad para la Industria de Ciruelas Deshidratadas. Fase de Adecuación Agroindustrial,A018,"{'web': 'https://ciruelacertificada.cl/recurso/estandar-de-sustentabilidad-para-la-industria-de-ciruelas-deshidratadas-fase-de-adecuacion-agroindustrial/', 'pdf': 'https://ciruelacertificada.cl/wp-content/uploads/2024/11/EstandarAA.pdf'}",000355
General,General,Estándar,Estándar de Sustentabilidad para la Industria de Ciruelas Deshidratadas. Fase de Adecuación Agroindustrial,A019,"{'web': 'https://ciruelacertificada.cl/recurso/estandar-de-sustentabilidad-para-la-industria-de-ciruelas-deshidratadas-fase-de-adecuacion-agroindustrial/', 'pdf': 'https://ciruelacertificada.cl/wp-content/uploads/2024/11/EstandarAA.pdf'}",000356
General,General,Estándar,Estándar de Sustentabilidad para la Industria de Ciruelas Deshidratadas. Fase de Adecuación Agroindustrial,A020,"{'web': 'https://ciruelacertificada.cl/recurso/estandar-de-sustentabilidad-para-la-industria-de-ciruelas-deshidratadas-fase-de-adecuacion-agroindustrial/', 'pdf': 'https://ciruelacertificada.cl/wp-content/uploads/2024/11/EstandarAA.pdf'}",000357
General,General,Estándar,Estándar de Sustentabilidad para la Industria de Ciruelas Deshidratadas. Fase de Adecuación Agroindustrial,A021,"{'web': 'https://ciruelacertificada.cl/recurso/estandar-de-sustentabilidad-para-la-industria-de-ciruelas-deshidratadas-fase-de-adecuacion-agroindustrial/', 'pdf': 'https://ciruelacertificada.cl/wp-content/uploads/2024/11/EstandarAA.pdf'}",000358
General,General,Estándar,Estándar de Sustentabilidad para la Industria de Ciruelas Deshidratadas. Fase de Adecuación Agroindustrial,A022,"{'web': 'https://ciruelacertificada.cl/recurso/estandar-de-sustentabilidad-para-la-industria-de-ciruelas-deshidratadas-fase-de-adecuacion-agroindustrial/', 'pdf': 'https://ciruelacertificada.cl/wp-content/uploads/2024/11/EstandarAA.pdf'}",000359
General,General,Estándar,Estándar de Sustentabilidad para la Industria de Ciruelas Deshidratadas. Fase de Adecuación Agroindustrial,A023,"{'web': 'https://ciruelacertificada.cl/recurso/estandar-de-sustentabilidad-para-la-industria-de-ciruelas-deshidratadas-fase-de-adecuacion-agroindustrial/', 'pdf': 'https://ciruelacertificada.cl/wp-content/uploads/2024/11/EstandarAA.pdf'}",000360
General,General,Estándar,Estándar de Sustentabilidad para la Industria de Ciruelas Deshidratadas. Fase de Adecuación Agroindustrial,A024,"{'web': 'https://ciruelacertificada.cl/recurso/estandar-de-sustentabilidad-para-la-industria-de-ciruelas-deshidratadas-fase-de-adecuacion-agroindustrial/', 'pdf': 'https://ciruelacertificada.cl/wp-content/uploads/2024/11/EstandarAA.pdf'}",000361
General,General,Estándar,Estándar de Sustentabilidad para la Industria de Ciruelas Deshidratadas. Fase de Adecuación Agroindustrial,A025,"{'web': 'https://ciruelacertificada.cl/recurso/estandar-de-sustentabilidad-para-la-industria-de-ciruelas-deshidratadas-fase-de-adecuacion-agroindustrial/', 'pdf': 'https://ciruelacertificada.cl/wp-content/uploads/2024/11/EstandarAA.pdf'}",000362
General,General,Estándar,Estándar de Sustentabilidad para la Industria de Ciruelas Deshidratadas. Fase de Adecuación Agroindustrial,A026,"{'web': 'https://ciruelacertificada.cl/recurso/estandar-de-sustentabilidad-para-la-industria-de-ciruelas-deshidratadas-fase-de-adecuacion-agroindustrial/', 'pdf': 'https://ciruelacertificada.cl/wp-content/uploads/2024/11/EstandarAA.pdf'}",000363
General,General,Estándar,Estándar de Sustentabilidad para la Industria de Ciruelas Deshidratadas. Fase de Adecuación Agroindustrial,A027,"{'web': 'https://ciruelacertificada.cl/recurso/estandar-de-sustentabilidad-para-la-industria-de-ciruelas-deshidratadas-fase-de-adecuacion-agroindustrial/', 'pdf': 'https://ciruelacertificada.cl/wp-content/uploads/2024/11/EstandarAA.pdf'}",000364
General,General,Estándar,Estándar de Sustentabilidad para la Industria de Ciruelas Deshidratadas. Fase de Adecuación Agroindustrial,A028,"{'web': 'https://ciruelacertificada.cl/recurso/estandar-de-sustentabilidad-para-la-industria-de-ciruelas-deshidratadas-fase-de-adecuacion-agroindustrial/', 'pdf': 'https://ciruelacertificada.cl/wp-content/uploads/2024/11/EstandarAA.pdf'}",000365
General,General,Estándar,Estándar de Sustentabilidad para la Industria de Ciruelas Deshidratadas. Fase de Adecuación Agroindustrial,A029,"{'web': 'https://ciruelacertificada.cl/recurso/estandar-de-sustentabilidad-para-la-industria-de-ciruelas-deshidratadas-fase-de-adecuacion-agroindustrial/', 'pdf': 'https://ciruelacertificada.cl/wp-content/uploads/2024/11/EstandarAA.pdf'}",000366
General,General,Estándar,Estándar de Sustentabilidad para la Industria de Ciruelas Deshidratadas. Fase de Adecuación Agroindustrial,A030,"{'web': 'https://ciruelacertificada.cl/recurso/estandar-de-sustentabilidad-para-la-industria-de-ciruelas-deshidratadas-fase-de-adecuacion-agroindustrial/', 'pdf': 'https://ciruelacertificada.cl/wp-content/uploads/2024/11/EstandarAA.pdf'}",000367
General,General,Estándar,Estándar de Sustentabilidad para la Industria de Ciruelas Deshidratadas. Fase de Adecuación Agroindustrial,A031,"{'web': 'https://ciruelacertificada.cl/recurso/estandar-de-sustentabilidad-para-la-industria-de-ciruelas-deshidratadas-fase-de-adecuacion-agroindustrial/', 'pdf': 'https://ciruelacertificada.cl/wp-content/uploads/2024/11/EstandarAA.pdf'}",000368
General,General,Estándar,Estándar de Sustentabilidad para la Industria de Ciruelas Deshidratadas. Fase de Adecuación Agroindustrial,A032,"{'web': 'https://ciruelacertificada.cl/recurso/estandar-de-sustentabilidad-para-la-industria-de-ciruelas-deshidratadas-fase-de-adecuacion-agroindustrial/', 'pdf': 'https://ciruelacertificada.cl/wp-content/uploads/2024/11/EstandarAA.pdf'}",000369
General,General,Estándar,Estándar de Sustentabilidad para la Industria de Ciruelas Deshidratadas. Fase de Adecuación Agroindustrial,A033,"{'web': 'https://ciruelacertificada.cl/recurso/estandar-de-sustentabilidad-para-la-industria-de-ciruelas-deshidratadas-fase-de-adecuacion-agroindustrial/', 'pdf': 'https://ciruelacertificada.cl/wp-content/uploads/2024/11/EstandarAA.pdf'}",000370
General,General,Estándar,Estándar de Sustentabilidad para la Industria de Ciruelas Deshidratadas. Fase de Adecuación Agroindustrial,A034,"{'web': 'https://ciruelacertificada.cl/recurso/estandar-de-sustentabilidad-para-la-industria-de-ciruelas-deshidratadas-fase-de-adecuacion-agroindustrial/', 'pdf': 'https://ciruelacertificada.cl/wp-content/uploads/2024/11/EstandarAA.pdf'}",000371
General,General,Estándar,Estándar de Sustentabilidad para la Industria de Ciruelas Deshidratadas. Fase de Adecuación Agroindustrial,A035,"{'web': 'https://ciruelacertificada.cl/recurso/estandar-de-sustentabilidad-para-la-industria-de-ciruelas-deshidratadas-fase-de-adecuacion-agroindustrial/', 'pdf': 'https://ciruelacertificada.cl/wp-content/uploads/2024/11/EstandarAA.pdf'}",000372
General,General,Estándar,Estándar de Sustentabilidad para la Industria de Ciruelas Deshidratadas. Fase de Adecuación Agroindustrial,A036,"{'web': 'https://ciruelacertificada.cl/recurso/estandar-de-sustentabilidad-para-la-industria-de-ciruelas-deshidratadas-fase-de-adecuacion-agroindustrial/', 'pdf': 'https://ciruelacertificada.cl/wp-content/uploads/2024/11/EstandarAA.pdf'}",000373
General,General,Estándar,Estándar de Sustentabilidad para la Industria de Ciruelas Deshidratadas. Fase de Adecuación Agroindustrial,A037,"{'web': 'https://ciruelacertificada.cl/recurso/estandar-de-sustentabilidad-para-la-industria-de-ciruelas-deshidratadas-fase-de-adecuacion-agroindustrial/', 'pdf': 'https://ciruelacertificada.cl/wp-content/uploads/2024/11/EstandarAA.pdf'}",000374
General,General,Estándar,Estándar de Sustentabilidad para la Industria de Ciruelas Deshidratadas. Fase de Adecuación Agroindustrial,A038,"{'web': 'https://ciruelacertificada.cl/recurso/estandar-de-sustentabilidad-para-la-industria-de-ciruelas-deshidratadas-fase-de-adecuacion-agroindustrial/', 'pdf': 'https://ciruelacertificada.cl/wp-content/uploads/2024/11/EstandarAA.pdf'}",000375
General,General,Estándar,Estándar de Sustentabilidad para la Industria de Ciruelas Deshidratadas. Fase de Adecuación Agroindustrial,A039,"{'web': 'https://ciruelacertificada.cl/recurso/estandar-de-sustentabilidad-para-la-industria-de-ciruelas-deshidratadas-fase-de-adecuacion-agroindustrial/', 'pdf': 'https://ciruelacertificada.cl/wp-content/uploads/2024/11/EstandarAA.pdf'}",000376
General,General,Estándar,Estándar de Sustentabilidad para la Industria de Ciruelas Deshidratadas. Fase de Adecuación Agroindustrial,A040,"{'web': 'https://ciruelacertificada.cl/recurso/estandar-de-sustentabilidad-para-la-industria-de-ciruelas-deshidratadas-fase-de-adecuacion-agroindustrial/', 'pdf': 'https://ciruelacertificada.cl/wp-content/uploads/2024/11/EstandarAA.pdf'}",000377
General,General,Estándar,Estándar de Sustentabilidad para la Industria de Ciruelas Deshidratadas. Fase de Adecuación Agroindustrial,A041,"{'web': 'https://ciruelacertificada.cl/recurso/estandar-de-sustentabilidad-para-la-industria-de-ciruelas-deshidratadas-fase-de-adecuacion-agroindustrial/', 'pdf': 'https://ciruelacertificada.cl/wp-content/uploads/2024/11/EstandarAA.pdf'}",000378
General,General,Estándar,Estándar de Sustentabilidad para la Industria de Ciruelas Deshidratadas. Fase de Adecuación Agroindustrial,A042,"{'web': 'https://ciruelacertificada.cl/recurso/estandar-de-sustentabilidad-para-la-industria-de-ciruelas-deshidratadas-fase-de-adecuacion-agroindustrial/', 'pdf': 'https://ciruelacertificada.cl/wp-content/uploads/2024/11/EstandarAA.pdf'}",000379
General,General,Estándar,Estándar de Sustentabilidad para la Industria de Ciruelas Deshidratadas. Fase de Adecuación Agroindustrial,A043,"{'web': 'https://ciruelacertificada.cl/recurso/estandar-de-sustentabilidad-para-la-industria-de-ciruelas-deshidratadas-fase-de-adecuacion-agroindustrial/', 'pdf': 'https://ciruelacertificada.cl/wp-content/uploads/2024/11/EstandarAA.pdf'}",000380
General,General,Estándar,Estándar de Sustentabilidad para la Industria de Ciruelas Deshidratadas. Fase de Adecuación Agroindustrial,A044,"{'web': 'https://ciruelacertificada.cl/recurso/estandar-de-sustentabilidad-para-la-industria-de-ciruelas-deshidratadas-fase-de-adecuacion-agroindustrial/', 'pdf': 'https://ciruelacertificada.cl/wp-content/uploads/2024/11/EstandarAA.pdf'}",000381
General,General,Estándar,Estándar de Sustentabilidad para la Industria de Ciruelas Deshidratadas. Fase de Adecuación Agroindustrial,A045,"{'web': 'https://ciruelacertificada.cl/recurso/estandar-de-sustentabilidad-para-la-industria-de-ciruelas-deshidratadas-fase-de-adecuacion-agroindustrial/', 'pdf': 'https://ciruelacertificada.cl/wp-content/uploads/2024/11/EstandarAA.pdf'}",000382
General,General,Estándar,Estándar de Sustentabilidad para la Industria de Ciruelas Deshidratadas. Fase de Adecuación Agroindustrial,A046,"{'web': 'https://ciruelacertificada.cl/recurso/estandar-de-sustentabilidad-para-la-industria-de-ciruelas-deshidratadas-fase-de-adecuacion-agroindustrial/', 'pdf': 'https://ciruelacertificada.cl/wp-content/uploads/2024/11/EstandarAA.pdf'}",000383
General,General,Estándar,Estándar de Sustentabilidad para la Industria de Ciruelas Deshidratadas. Fase de Adecuación Agroindustrial,A047,"{'web': 'https://ciruelacertificada.cl/recurso/estandar-de-sustentabilidad-para-la-industria-de-ciruelas-deshidratadas-fase-de-adecuacion-agroindustrial/', 'pdf': 'https://ciruelacertificada.cl/wp-content/uploads/2024/11/EstandarAA.pdf'}",000384
General,General,Estándar,Estándar de Sustentabilidad para la Industria de Ciruelas Deshidratadas. Fase de Adecuación Agroindustrial,A048,"{'web': 'https://ciruelacertificada.cl/recurso/estandar-de-sustentabilidad-para-la-industria-de-ciruelas-deshidratadas-fase-de-adecuacion-agroindustrial/', 'pdf': 'https://ciruelacertificada.cl/wp-content/uploads/2024/11/EstandarAA.pdf'}",000385
General,General,Estándar,Estándar de Sustentabilidad para la Industria de Ciruelas Deshidratadas. Fase de Adecuación Agroindustrial,A049,"{'web': 'https://ciruelacertificada.cl/recurso/estandar-de-sustentabilidad-para-la-industria-de-ciruelas-deshidratadas-fase-de-adecuacion-agroindustrial/', 'pdf': 'https://ciruelacertificada.cl/wp-content/uploads/2024/11/EstandarAA.pdf'}",000386
General,General,Estándar,Estándar de Sustentabilidad para la Industria de Ciruelas Deshidratadas. Fase de Adecuación Agroindustrial,A050,"{'web': 'https://ciruelacertificada.cl/recurso/estandar-de-sustentabilidad-para-la-industria-de-ciruelas-deshidratadas-fase-de-adecuacion-agroindustrial/', 'pdf': 'https://ciruelacertificada.cl/wp-content/uploads/2024/11/EstandarAA.pdf'}",000387
General,General,Estándar,Estándar de Sustentabilidad para la Industria de Ciruelas Deshidratadas. Fase de Adecuación Agroindustrial,A051,"{'web': 'https://ciruelacertificada.cl/recurso/estandar-de-sustentabilidad-para-la-industria-de-ciruelas-deshidratadas-fase-de-adecuacion-agroindustrial/', 'pdf': 'https://ciruelacertificada.cl/wp-content/uploads/2024/11/EstandarAA.pdf'}",000388
General,General,Estándar,Estándar de Sustentabilidad para la Industria de Ciruelas Deshidratadas. Fase de Adecuación Agroindustrial,A052,"{'web': 'https://ciruelacertificada.cl/recurso/estandar-de-sustentabilidad-para-la-industria-de-ciruelas-deshidratadas-fase-de-adecuacion-agroindustrial/', 'pdf': 'https://ciruelacertificada.cl/wp-content/uploads/2024/11/EstandarAA.pdf'}",000389
General,General,Estándar,Estándar de Sustentabilidad para la Industria de Ciruelas Deshidratadas. Fase de Adecuación Agroindustrial,A053,"{'web': 'https://ciruelacertificada.cl/recurso/estandar-de-sustentabilidad-para-la-industria-de-ciruelas-deshidratadas-fase-de-adecuacion-agroindustrial/', 'pdf': 'https://ciruelacertificada.cl/wp-content/uploads/2024/11/EstandarAA.pdf'}",000390
General,General,Estándar,Estándar de Sustentabilidad para la Industria de Ciruelas Deshidratadas. Fase de Adecuación Agroindustrial,A054,"{'web': 'https://ciruelacertificada.cl/recurso/estandar-de-sustentabilidad-para-la-industria-de-ciruelas-deshidratadas-fase-de-adecuacion-agroindustrial/', 'pdf': 'https://ciruelacertificada.cl/wp-content/uploads/2024/11/EstandarAA.pdf'}",000391
General,General,Estándar,Estándar de Sustentabilidad para la Industria de Ciruelas Deshidratadas. Fase de Adecuación Agroindustrial,A055,"{'web': 'https://ciruelacertificada.cl/recurso/estandar-de-sustentabilidad-para-la-industria-de-ciruelas-deshidratadas-fase-de-adecuacion-agroindustrial/', 'pdf': 'https://ciruelacertificada.cl/wp-content/uploads/2024/11/EstandarAA.pdf'}",000392
General,General,Estándar,Estándar de Sustentabilidad para la Industria de Ciruelas Deshidratadas. Fase de Adecuación Agroindustrial,A056,"{'web': 'https://ciruelacertificada.cl/recurso/estandar-de-sustentabilidad-para-la-industria-de-ciruelas-deshidratadas-fase-de-adecuacion-agroindustrial/', 'pdf': 'https://ciruelacertificada.cl/wp-content/uploads/2024/11/EstandarAA.pdf'}",000393
General,General,Estándar,Estándar de Sustentabilidad para la Industria de Ciruelas Deshidratadas. Fase de Adecuación Agroindustrial,A057,"{'web': 'https://ciruelacertificada.cl/recurso/estandar-de-sustentabilidad-para-la-industria-de-ciruelas-deshidratadas-fase-de-adecuacion-agroindustrial/', 'pdf': 'https://ciruelacertificada.cl/wp-content/uploads/2024/11/EstandarAA.pdf'}",000394
General,General,Estándar,Estándar de Sustentabilidad para la Industria de Ciruelas Deshidratadas. Fase de Adecuación Agroindustrial,A058,"{'web': 'https://ciruelacertificada.cl/recurso/estandar-de-sustentabilidad-para-la-industria-de-ciruelas-deshidratadas-fase-de-adecuacion-agroindustrial/', 'pdf': 'https://ciruelacertificada.cl/wp-content/uploads/2024/11/EstandarAA.pdf'}",000395
General,General,Estándar,Estándar de Sustentabilidad para la Industria de Ciruelas Deshidratadas. Fase de Adecuación Agroindustrial,A059,"{'web': 'https://ciruelacertificada.cl/recurso/estandar-de-sustentabilidad-para-la-industria-de-ciruelas-deshidratadas-fase-de-adecuacion-agroindustrial/', 'pdf': 'https://ciruelacertificada.cl/wp-content/uploads/2024/11/EstandarAA.pdf'}",000396
General,General,Estándar,Estándar de Sustentabilidad para la Industria de Ciruelas Deshidratadas. Fase de Adecuación Agroindustrial,A060,"{'web': 'https://ciruelacertificada.cl/recurso/estandar-de-sustentabilidad-para-la-industria-de-ciruelas-deshidratadas-fase-de-adecuacion-agroindustrial/', 'pdf': 'https://ciruelacertificada.cl/wp-content/uploads/2024/11/EstandarAA.pdf'}",000397
General,General,Estándar,Estándar de Sustentabilidad para la Industria de Ciruelas Deshidratadas. Fase de Adecuación Agroindustrial,A061,"{'web': 'https://ciruelacertificada.cl/recurso/estandar-de-sustentabilidad-para-la-industria-de-ciruelas-deshidratadas-fase-de-adecuacion-agroindustrial/', 'pdf': 'https://ciruelacertificada.cl/wp-content/uploads/2024/11/EstandarAA.pdf'}",000398
General,General,Estándar,Estándar de Sustentabilidad para la Industria de Ciruelas Deshidratadas. Fase de Adecuación Agroindustrial,A062,"{'web': 'https://ciruelacertificada.cl/recurso/estandar-de-sustentabilidad-para-la-industria-de-ciruelas-deshidratadas-fase-de-adecuacion-agroindustrial/', 'pdf': 'https://ciruelacertificada.cl/wp-content/uploads/2024/11/EstandarAA.pdf'}",000399
General,General,Estándar,Estándar de Sustentabilidad para la Industria de Ciruelas Deshidratadas. Fase de Adecuación Agroindustrial,A063,"{'web': 'https://ciruelacertificada.cl/recurso/estandar-de-sustentabilidad-para-la-industria-de-ciruelas-deshidratadas-fase-de-adecuacion-agroindustrial/', 'pdf': 'https://ciruelacertificada.cl/wp-content/uploads/2024/11/EstandarAA.pdf'}",000400
General,General,Estándar,Estándar de Sustentabilidad para la Industria de Ciruelas Deshidratadas. Fase de Adecuación Agroindustrial,A064,"{'web': 'https://ciruelacertificada.cl/recurso/estandar-de-sustentabilidad-para-la-industria-de-ciruelas-deshidratadas-fase-de-adecuacion-agroindustrial/', 'pdf': 'https://ciruelacertificada.cl/wp-content/uploads/2024/11/EstandarAA.pdf'}",000401
General,General,Estándar,Estándar de Sustentabilidad para la Industria de Ciruelas Deshidratadas. Fase de Adecuación Agroindustrial,A065,"{'web': 'https://ciruelacertificada.cl/recurso/estandar-de-sustentabilidad-para-la-industria-de-ciruelas-deshidratadas-fase-de-adecuacion-agroindustrial/', 'pdf': 'https://ciruelacertificada.cl/wp-content/uploads/2024/11/EstandarAA.pdf'}",000402
General,General,Estándar,Estándar de Sustentabilidad para la Industria de Ciruelas Deshidratadas. Fase de Adecuación Agroindustrial,A066,"{'web': 'https://ciruelacertificada.cl/recurso/estandar-de-sustentabilidad-para-la-industria-de-ciruelas-deshidratadas-fase-de-adecuacion-agroindustrial/', 'pdf': 'https://ciruelacertificada.cl/wp-content/uploads/2024/11/EstandarAA.pdf'}",000403
General,General,Estándar,Estándar de Sustentabilidad para la Industria de Ciruelas Deshidratadas. Fase de Adecuación Agroindustrial,A067,"{'web': 'https://ciruelacertificada.cl/recurso/estandar-de-sustentabilidad-para-la-industria-de-ciruelas-deshidratadas-fase-de-adecuacion-agroindustrial/', 'pdf': 'https://ciruelacertificada.cl/wp-content/uploads/2024/11/EstandarAA.pdf'}",000404
General,General,Estándar,Estándar de Sustentabilidad para la Industria de Ciruelas Deshidratadas. Fase de Adecuación Agroindustrial,A068,"{'web': 'https://ciruelacertificada.cl/recurso/estandar-de-sustentabilidad-para-la-industria-de-ciruelas-deshidratadas-fase-de-adecuacion-agroindustrial/', 'pdf': 'https://ciruelacertificada.cl/wp-content/uploads/2024/11/EstandarAA.pdf'}",000405
General,General,Estándar,Estándar de Sustentabilidad para la Industria de Ciruelas Deshidratadas. Fase de Adecuación Agroindustrial,A069,"{'web': 'https://ciruelacertificada.cl/recurso/estandar-de-sustentabilidad-para-la-industria-de-ciruelas-deshidratadas-fase-de-adecuacion-agroindustrial/', 'pdf': 'https://ciruelacertificada.cl/wp-content/uploads/2024/11/EstandarAA.pdf'}",000406
General,General,Estándar,Estándar de Sustentabilidad para la Industria de Ciruelas Deshidratadas. Fase de Adecuación Agroindustrial,A070,"{'web': 'https://ciruelacertificada.cl/recurso/estandar-de-sustentabilidad-para-la-industria-de-ciruelas-deshidratadas-fase-de-adecuacion-agroindustrial/', 'pdf': 'https://ciruelacertificada.cl/wp-content/uploads/2024/11/EstandarAA.pdf'}",000407
General,General,Estándar,Estándar de Sustentabilidad para la Industria de Ciruelas Deshidratadas. Fase de Adecuación Agroindustrial,A071,"{'web': 'https://ciruelacertificada.cl/recurso/estandar-de-sustentabilidad-para-la-industria-de-ciruelas-deshidratadas-fase-de-adecuacion-agroindustrial/', 'pdf': 'https://ciruelacertificada.cl/wp-content/uploads/2024/11/EstandarAA.pdf'}",000408
General,General,Estándar,Estándar de Sustentabilidad para la Industria de Ciruelas Deshidratadas. Fase de Adecuación Agroindustrial,A072,"{'web': 'https://ciruelacertificada.cl/recurso/estandar-de-sustentabilidad-para-la-industria-de-ciruelas-deshidratadas-fase-de-adecuacion-agroindustrial/', 'pdf': 'https://ciruelacertificada.cl/wp-content/uploads/2024/11/EstandarAA.pdf'}",000409
General,General,Estándar,Estándar de Sustentabilidad para la Industria de Ciruelas Deshidratadas. Fase de Adecuación Agroindustrial,A073,"{'web': 'https://ciruelacertificada.cl/recurso/estandar-de-sustentabilidad-para-la-industria-de-ciruelas-deshidratadas-fase-de-adecuacion-agroindustrial/', 'pdf': 'https://ciruelacertificada.cl/wp-content/uploads/2024/11/EstandarAA.pdf'}",000410
General,General,Estándar,Estándar de Sustentabilidad para la Industria de Ciruelas Deshidratadas. Fase de Adecuación Agroindustrial,A074,"{'web': 'https://ciruelacertificada.cl/recurso/estandar-de-sustentabilidad-para-la-industria-de-ciruelas-deshidratadas-fase-de-adecuacion-agroindustrial/', 'pdf': 'https://ciruelacertificada.cl/wp-content/uploads/2024/11/EstandarAA.pdf'}",000411
General,General,Estándar,Estándar de Sustentabilidad para la Industria de Ciruelas Deshidratadas. Fase de Adecuación Agroindustrial,A075,"{'web': 'https://ciruelacertificada.cl/recurso/estandar-de-sustentabilidad-para-la-industria-de-ciruelas-deshidratadas-fase-de-adecuacion-agroindustrial/', 'pdf': 'https://ciruelacertificada.cl/wp-content/uploads/2024/11/EstandarAA.pdf'}",000412
General,General,Estándar,Estándar de Sustentabilidad para la Industria de Ciruelas Deshidratadas. Fase de Adecuación Agroindustrial,A076,"{'web': 'https://ciruelacertificada.cl/recurso/estandar-de-sustentabilidad-para-la-industria-de-ciruelas-deshidratadas-fase-de-adecuacion-agroindustrial/', 'pdf': 'https://ciruelacertificada.cl/wp-content/uploads/2024/11/EstandarAA.pdf'}",000413
General,General,Estándar,Estándar de Sustentabilidad para la Industria de Ciruelas Deshidratadas. Fase de Adecuación Agroindustrial,A077,"{'web': 'https://ciruelacertificada.cl/recurso/estandar-de-sustentabilidad-para-la-industria-de-ciruelas-deshidratadas-fase-de-adecuacion-agroindustrial/', 'pdf': 'https://ciruelacertificada.cl/wp-content/uploads/2024/11/EstandarAA.pdf'}",000414
General,General,Estándar,Estándar de Sustentabilidad para la Industria de Ciruelas Deshidratadas. Fase de Adecuación Agroindustrial,A078,"{'web': 'https://ciruelacertificada.cl/recurso/estandar-de-sustentabilidad-para-la-industria-de-ciruelas-deshidratadas-fase-de-adecuacion-agroindustrial/', 'pdf': 'https://ciruelacertificada.cl/wp-content/uploads/2024/11/EstandarAA.pdf'}",000415
General,General,Estándar,Estándar de Sustentabilidad para la Industria de Ciruelas Deshidratadas. Fase de Adecuación Agroindustrial,A079,"{'web': 'https://ciruelacertificada.cl/recurso/estandar-de-sustentabilidad-para-la-industria-de-ciruelas-deshidratadas-fase-de-adecuacion-agroindustrial/', 'pdf': 'https://ciruelacertificada.cl/wp-content/uploads/2024/11/EstandarAA.pdf'}",000416
General,General,Estándar,Estándar de Sustentabilidad para la Industria de Ciruelas Deshidratadas. Fase de Adecuación Agroindustrial,A080,"{'web': 'https://ciruelacertificada.cl/recurso/estandar-de-sustentabilidad-para-la-industria-de-ciruelas-deshidratadas-fase-de-adecuacion-agroindustrial/', 'pdf': 'https://ciruelacertificada.cl/wp-content/uploads/2024/11/EstandarAA.pdf'}",000417
General,General,Estándar,Estándar de Sustentabilidad para la Industria de Ciruelas Deshidratadas. Fase de Adecuación Agroindustrial,A081,"{'web': 'https://ciruelacertificada.cl/recurso/estandar-de-sustentabilidad-para-la-industria-de-ciruelas-deshidratadas-fase-de-adecuacion-agroindustrial/', 'pdf': 'https://ciruelacertificada.cl/wp-content/uploads/2024/11/EstandarAA.pdf'}",000418
General,General,Estándar,Estándar de Sustentabilidad para la Industria de Ciruelas Deshidratadas. Fase de Adecuación Agroindustrial,A082,"{'web': 'https://ciruelacertificada.cl/recurso/estandar-de-sustentabilidad-para-la-industria-de-ciruelas-deshidratadas-fase-de-adecuacion-agroindustrial/', 'pdf': 'https://ciruelacertificada.cl/wp-content/uploads/2024/11/EstandarAA.pdf'}",000419
General,General,Estándar,Estándar de Sustentabilidad para la Industria de Ciruelas Deshidratadas. Fase de Adecuación Agroindustrial,A083,"{'web': 'https://ciruelacertificada.cl/recurso/estandar-de-sustentabilidad-para-la-industria-de-ciruelas-deshidratadas-fase-de-adecuacion-agroindustrial/', 'pdf': 'https://ciruelacertificada.cl/wp-content/uploads/2024/11/EstandarAA.pdf'}",000420
General,General,Estándar,Estándar de Sustentabilidad para la Industria de Ciruelas Deshidratadas. Fase de Adecuación Agroindustrial,A084,"{'web': 'https://ciruelacertificada.cl/recurso/estandar-de-sustentabilidad-para-la-industria-de-ciruelas-deshidratadas-fase-de-adecuacion-agroindustrial/', 'pdf': 'https://ciruelacertificada.cl/wp-content/uploads/2024/11/EstandarAA.pdf'}",000421
General,General,Estándar,Estándar de Sustentabilidad para la Industria de Ciruelas Deshidratadas. Fase de Adecuación Agroindustrial,A085,"{'web': 'https://ciruelacertificada.cl/recurso/estandar-de-sustentabilidad-para-la-industria-de-ciruelas-deshidratadas-fase-de-adecuacion-agroindustrial/', 'pdf': 'https://ciruelacertificada.cl/wp-content/uploads/2024/11/EstandarAA.pdf'}",000422
General,General,Estándar,Estándar de Sustentabilidad para la Industria de Ciruelas Deshidratadas. Fase de Adecuación Agroindustrial,A086,"{'web': 'https://ciruelacertificada.cl/recurso/estandar-de-sustentabilidad-para-la-industria-de-ciruelas-deshidratadas-fase-de-adecuacion-agroindustrial/', 'pdf': 'https://ciruelacertificada.cl/wp-content/uploads/2024/11/EstandarAA.pdf'}",000423
General,General,Estándar,Estándar de Sustentabilidad para la Industria de Ciruelas Deshidratadas. Fase de Adecuación Agroindustrial,A087,"{'web': 'https://ciruelacertificada.cl/recurso/estandar-de-sustentabilidad-para-la-industria-de-ciruelas-deshidratadas-fase-de-adecuacion-agroindustrial/', 'pdf': 'https://ciruelacertificada.cl/wp-content/uploads/2024/11/EstandarAA.pdf'}",000424
General,General,Estándar,Estándar de Sustentabilidad para la Industria de Ciruelas Deshidratadas. Fase de Adecuación Agroindustrial,A088,"{'web': 'https://ciruelacertificada.cl/recurso/estandar-de-sustentabilidad-para-la-industria-de-ciruelas-deshidratadas-fase-de-adecuacion-agroindustrial/', 'pdf': 'https://ciruelacertificada.cl/wp-content/uploads/2024/11/EstandarAA.pdf'}",000425
General,General,Estándar,Estándar de Sustentabilidad para la Industria de Ciruelas Deshidratadas. Fase de Adecuación Agroindustrial,A089,"{'web': 'https://ciruelacertificada.cl/recurso/estandar-de-sustentabilidad-para-la-industria-de-ciruelas-deshidratadas-fase-de-adecuacion-agroindustrial/', 'pdf': 'https://ciruelacertificada.cl/wp-content/uploads/2024/11/EstandarAA.pdf'}",000426
General,General,Estándar,Estándar de Sustentabilidad para la Industria de Ciruelas Deshidratadas. Fase de Adecuación Agroindustrial,A090,"{'web': 'https://ciruelacertificada.cl/recurso/estandar-de-sustentabilidad-para-la-industria-de-ciruelas-deshidratadas-fase-de-adecuacion-agroindustrial/', 'pdf': 'https://ciruelacertificada.cl/wp-content/uploads/2024/11/EstandarAA.pdf'}",000427
General,General,Estándar,Estándar de Sustentabilidad para la Industria de Ciruelas Deshidratadas. Fase de Adecuación Agroindustrial,A091,"{'web': 'https://ciruelacertificada.cl/recurso/estandar-de-sustentabilidad-para-la-industria-de-ciruelas-deshidratadas-fase-de-adecuacion-agroindustrial/', 'pdf': 'https://ciruelacertificada.cl/wp-content/uploads/2024/11/EstandarAA.pdf'}",000428
General,General,Estándar,Estándar de Sustentabilidad para la Industria de Ciruelas Deshidratadas. Fase de Adecuación Agroindustrial,A092,"{'web': 'https://ciruelacertificada.cl/recurso/estandar-de-sustentabilidad-para-la-industria-de-ciruelas-deshidratadas-fase-de-adecuacion-agroindustrial/', 'pdf': 'https://ciruelacertificada.cl/wp-content/uploads/2024/11/EstandarAA.pdf'}",000429
General,General,Estándar,Estándar de Sustentabilidad para la Industria de Ciruelas Deshidratadas. Fase de Adecuación Agroindustrial,A093,"{'web': 'https://ciruelacertificada.cl/recurso/estandar-de-sustentabilidad-para-la-industria-de-ciruelas-deshidratadas-fase-de-adecuacion-agroindustrial/', 'pdf': 'https://ciruelacertificada.cl/wp-content/uploads/2024/11/EstandarAA.pdf'}",000430
General,General,Estándar,Estándar de Sustentabilidad para la Industria de Ciruelas Deshidratadas. Fase de Adecuación Agroindustrial,A094,"{'web': 'https://ciruelacertificada.cl/recurso/estandar-de-sustentabilidad-para-la-industria-de-ciruelas-deshidratadas-fase-de-adecuacion-agroindustrial/', 'pdf': 'https://ciruelacertificada.cl/wp-content/uploads/2024/11/EstandarAA.pdf'}",000431
General,General,Estándar,Estándar de Sustentabilidad para la Industria de Ciruelas Deshidratadas. Fase de Adecuación Agroindustrial,A095,"{'web': 'https://ciruelacertificada.cl/recurso/estandar-de-sustentabilidad-para-la-industria-de-ciruelas-deshidratadas-fase-de-adecuacion-agroindustrial/', 'pdf': 'https://ciruelacertificada.cl/wp-content/uploads/2024/11/EstandarAA.pdf'}",000432
General,General,Estándar,Estándar de Sustentabilidad para la Industria de Ciruelas Deshidratadas. Fase de Adecuación Agroindustrial,A096,"{'web': 'https://ciruelacertificada.cl/recurso/estandar-de-sustentabilidad-para-la-industria-de-ciruelas-deshidratadas-fase-de-adecuacion-agroindustrial/', 'pdf': 'https://ciruelacertificada.cl/wp-content/uploads/2024/11/EstandarAA.pdf'}",000433
General,General,Estándar,Estándar de Sustentabilidad para la Industria de Ciruelas Deshidratadas. Fase de Adecuación Agroindustrial,A097,"{'web': 'https://ciruelacertificada.cl/recurso/estandar-de-sustentabilidad-para-la-industria-de-ciruelas-deshidratadas-fase-de-adecuacion-agroindustrial/', 'pdf': 'https://ciruelacertificada.cl/wp-content/uploads/2024/11/EstandarAA.pdf'}",000434
General,General,Estándar,Estándar de Sustentabilidad para la Industria de Ciruelas Deshidratadas. Fase de Adecuación Agroindustrial,A098,"{'web': 'https://ciruelacertificada.cl/recurso/estandar-de-sustentabilidad-para-la-industria-de-ciruelas-deshidratadas-fase-de-adecuacion-agroindustrial/', 'pdf': 'https://ciruelacertificada.cl/wp-content/uploads/2024/11/EstandarAA.pdf'}",000435
General,General,Estándar,Estándar de Sustentabilidad para la Industria de Ciruelas Deshidratadas. Fase de Adecuación Agroindustrial,A099,"{'web': 'https://ciruelacertificada.cl/recurso/estandar-de-sustentabilidad-para-la-industria-de-ciruelas-deshidratadas-fase-de-adecuacion-agroindustrial/', 'pdf': 'https://ciruelacertificada.cl/wp-content/uploads/2024/11/EstandarAA.pdf'}",000436
General,General,Estándar,Estándar de Sustentabilidad para la Industria de Ciruelas Deshidratadas. Fase de Adecuación Agroindustrial,A100,"{'web': 'https://ciruelacertificada.cl/recurso/estandar-de-sustentabilidad-para-la-industria-de-ciruelas-deshidratadas-fase-de-adecuacion-agroindustrial/', 'pdf': 'https://ciruelacertificada.cl/wp-content/uploads/2024/11/EstandarAA.pdf'}",000437
General,General,Estándar,Estándar de Sustentabilidad para la Industria de Ciruelas Deshidratadas. Fase de Adecuación Agroindustrial,A101,"{'web': 'https://ciruelacertificada.cl/recurso/estandar-de-sustentabilidad-para-la-industria-de-ciruelas-deshidratadas-fase-de-adecuacion-agroindustrial/', 'pdf': 'https://ciruelacertificada.cl/wp-content/uploads/2024/11/EstandarAA.pdf'}",000438
General,General,Estándar,Estándar de Sustentabilidad para la Industria de Ciruelas Deshidratadas. Fase de Adecuación Agroindustrial,A102,"{'web': 'https://ciruelacertificada.cl/recurso/estandar-de-sustentabilidad-para-la-industria-de-ciruelas-deshidratadas-fase-de-adecuacion-agroindustrial/', 'pdf': 'https://ciruelacertificada.cl/wp-content/uploads/2024/11/EstandarAA.pdf'}",000439
General,General,Estándar,Estándar de Sustentabilidad para la Industria de Ciruelas Deshidratadas. Fase de Adecuación Agroindustrial,A103,"{'web': 'https://ciruelacertificada.cl/recurso/estandar-de-sustentabilidad-para-la-industria-de-ciruelas-deshidratadas-fase-de-adecuacion-agroindustrial/', 'pdf': 'https://ciruelacertificada.cl/wp-content/uploads/2024/11/EstandarAA.pdf'}",000440
General,General,Estándar,Estándar de Sustentabilidad para la Industria de Ciruelas Deshidratadas. Fase de Adecuación Agroindustrial,A104,"{'web': 'https://ciruelacertificada.cl/recurso/estandar-de-sustentabilidad-para-la-industria-de-ciruelas-deshidratadas-fase-de-adecuacion-agroindustrial/', 'pdf': 'https://ciruelacertificada.cl/wp-content/uploads/2024/11/EstandarAA.pdf'}",000441
General,General,Estándar,Estándar de Sustentabilidad para la Industria de Ciruelas Deshidratadas. Fase de Adecuación Agroindustrial,A105,"{'web': 'https://ciruelacertificada.cl/recurso/estandar-de-sustentabilidad-para-la-industria-de-ciruelas-deshidratadas-fase-de-adecuacion-agroindustrial/', 'pdf': 'https://ciruelacertificada.cl/wp-content/uploads/2024/11/EstandarAA.pdf'}",000442
General,General,Estándar,Estándar de Sustentabilidad para la Industria de Ciruelas Deshidratadas. Fase de Adecuación Agroindustrial,A106,"{'web': 'https://ciruelacertificada.cl/recurso/estandar-de-sustentabilidad-para-la-industria-de-ciruelas-deshidratadas-fase-de-adecuacion-agroindustrial/', 'pdf': 'https://ciruelacertificada.cl/wp-content/uploads/2024/11/EstandarAA.pdf'}",000443
General,General,Estándar,Estándar de Sustentabilidad para la Industria de Ciruelas Deshidratadas. Fase de Adecuación Agroindustrial,A107,"{'web': 'https://ciruelacertificada.cl/recurso/estandar-de-sustentabilidad-para-la-industria-de-ciruelas-deshidratadas-fase-de-adecuacion-agroindustrial/', 'pdf': 'https://ciruelacertificada.cl/wp-content/uploads/2024/11/EstandarAA.pdf'}",000444
General,General,Estándar,Estándar de Sustentabilidad para la Industria de Ciruelas Deshidratadas. Fase de Adecuación Agroindustrial,A108,"{'web': 'https://ciruelacertificada.cl/recurso/estandar-de-sustentabilidad-para-la-industria-de-ciruelas-deshidratadas-fase-de-adecuacion-agroindustrial/', 'pdf': 'https://ciruelacertificada.cl/wp-content/uploads/2024/11/EstandarAA.pdf'}",000445
General,General,Estándar,Estándar de Sustentabilidad para la Industria de Ciruelas Deshidratadas. Fase de Adecuación Agroindustrial,A109,"{'web': 'https://ciruelacertificada.cl/recurso/estandar-de-sustentabilidad-para-la-industria-de-ciruelas-deshidratadas-fase-de-adecuacion-agroindustrial/', 'pdf': 'https://ciruelacertificada.cl/wp-content/uploads/2024/11/EstandarAA.pdf'}",000446
General,General,Estándar,Estándar de Sustentabilidad para la Industria de Ciruelas Deshidratadas. Fase de Adecuación Agroindustrial,A110,"{'web': 'https://ciruelacertificada.cl/recurso/estandar-de-sustentabilidad-para-la-industria-de-ciruelas-deshidratadas-fase-de-adecuacion-agroindustrial/', 'pdf': 'https://ciruelacertificada.cl/wp-content/uploads/2024/11/EstandarAA.pdf'}",000447
General,General,Estándar,Estándar de Sustentabilidad para la Industria de Ciruelas Deshidratadas. Fase de Adecuación Agroindustrial,A111,"{'web': 'https://ciruelacertificada.cl/recurso/estandar-de-sustentabilidad-para-la-industria-de-ciruelas-deshidratadas-fase-de-adecuacion-agroindustrial/', 'pdf': 'https://ciruelacertificada.cl/wp-content/uploads/2024/11/EstandarAA.pdf'}",000448
General,General,Estándar,Estándar de Sustentabilidad para la Industria de Ciruelas Deshidratadas. Fase de Adecuación Agroindustrial,A112,"{'web': 'https://ciruelacertificada.cl/recurso/estandar-de-sustentabilidad-para-la-industria-de-ciruelas-deshidratadas-fase-de-adecuacion-agroindustrial/', 'pdf': 'https://ciruelacertificada.cl/wp-content/uploads/2024/11/EstandarAA.pdf'}",000449
General,General,Estándar,Estándar de Sustentabilidad para la Industria de Ciruelas Deshidratadas. Fase de Adecuación Agroindustrial,A113,"{'web': 'https://ciruelacertificada.cl/recurso/estandar-de-sustentabilidad-para-la-industria-de-ciruelas-deshidratadas-fase-de-adecuacion-agroindustrial/', 'pdf': 'https://ciruelacertificada.cl/wp-content/uploads/2024/11/EstandarAA.pdf'}",000450
General,General,Estándar,Estándar de Sustentabilidad para la Industria de Ciruelas Deshidratadas. Fase de Adecuación Agroindustrial,A114,"{'web': 'https://ciruelacertificada.cl/recurso/estandar-de-sustentabilidad-para-la-industria-de-ciruelas-deshidratadas-fase-de-adecuacion-agroindustrial/', 'pdf': 'https://ciruelacertificada.cl/wp-content/uploads/2024/11/EstandarAA.pdf'}",000451
General,General,Estándar,Estándar de Sustentabilidad para la Industria de Ciruelas Deshidratadas. Fase de Adecuación Agroindustrial,A115,"{'web': 'https://ciruelacertificada.cl/recurso/estandar-de-sustentabilidad-para-la-industria-de-ciruelas-deshidratadas-fase-de-adecuacion-agroindustrial/', 'pdf': 'https://ciruelacertificada.cl/wp-content/uploads/2024/11/EstandarAA.pdf'}",000452
General,General,Estándar,Estándar de Sustentabilidad para la Industria de Ciruelas Deshidratadas. Fase de Adecuación Agroindustrial,A116,"{'web': 'https://ciruelacertificada.cl/recurso/estandar-de-sustentabilidad-para-la-industria-de-ciruelas-deshidratadas-fase-de-adecuacion-agroindustrial/', 'pdf': 'https://ciruelacertificada.cl/wp-content/uploads/2024/11/EstandarAA.pdf'}",000453
General,General,Estándar,Estándar de Sustentabilidad para la Industria de Ciruelas Deshidratadas. Fase de Adecuación Agroindustrial,A117,"{'web': 'https://ciruelacertificada.cl/recurso/estandar-de-sustentabilidad-para-la-industria-de-ciruelas-deshidratadas-fase-de-adecuacion-agroindustrial/', 'pdf': 'https://ciruelacertificada.cl/wp-content/uploads/2024/11/EstandarAA.pdf'}",000454
General,General,Estándar,Estándar de Sustentabilidad para la Industria de Ciruelas Deshidratadas. Fase de Adecuación Agroindustrial,A118,"{'web': 'https://ciruelacertificada.cl/recurso/estandar-de-sustentabilidad-para-la-industria-de-ciruelas-deshidratadas-fase-de-adecuacion-agroindustrial/', 'pdf': 'https://ciruelacertificada.cl/wp-content/uploads/2024/11/EstandarAA.pdf'}",000455
General,General,Estándar,Estándar de Sustentabilidad para la Industria de Ciruelas Deshidratadas. Fase de Adecuación Agroindustrial,A119,"{'web': 'https://ciruelacertificada.cl/recurso/estandar-de-sustentabilidad-para-la-industria-de-ciruelas-deshidratadas-fase-de-adecuacion-agroindustrial/', 'pdf': 'https://ciruelacertificada.cl/wp-content/uploads/2024/11/EstandarAA.pdf'}",000456
General,General,Estándar,Estándar de Sustentabilidad para la Industria de Ciruelas Deshidratadas. Fase de Adecuación Agroindustrial,A120,"{'web': 'https://ciruelacertificada.cl/recurso/estandar-de-sustentabilidad-para-la-industria-de-ciruelas-deshidratadas-fase-de-adecuacion-agroindustrial/', 'pdf': 'https://ciruelacertificada.cl/wp-content/uploads/2024/11/EstandarAA.pdf'}",000457
General,General,Estándar,Estándar de Sustentabilidad para la Industria de Ciruelas Deshidratadas. Fase de Adecuación Agroindustrial,A121,"{'web': 'https://ciruelacertificada.cl/recurso/estandar-de-sustentabilidad-para-la-industria-de-ciruelas-deshidratadas-fase-de-adecuacion-agroindustrial/', 'pdf': 'https://ciruelacertificada.cl/wp-content/uploads/2024/11/EstandarAA.pdf'}",000458
General,General,Estándar,Estándar de Sustentabilidad para la Industria de Ciruelas Deshidratadas. Fase de Adecuación Agroindustrial,A122,"{'web': 'https://ciruelacertificada.cl/recurso/estandar-de-sustentabilidad-para-la-industria-de-ciruelas-deshidratadas-fase-de-adecuacion-agroindustrial/', 'pdf': 'https://ciruelacertificada.cl/wp-content/uploads/2024/11/EstandarAA.pdf'}",000459
General,General,Estándar,Estándar de Sustentabilidad para la Industria de Ciruelas Deshidratadas. Fase de Adecuación Agroindustrial,A123,"{'web': 'https://ciruelacertificada.cl/recurso/estandar-de-sustentabilidad-para-la-industria-de-ciruelas-deshidratadas-fase-de-adecuacion-agroindustrial/', 'pdf': 'https://ciruelacertificada.cl/wp-content/uploads/2024/11/EstandarAA.pdf'}",000460
General,General,Estándar,Estándar de Sustentabilidad para la Industria de Ciruelas Deshidratadas. Fase de Adecuación Agroindustrial,A124,"{'web': 'https://ciruelacertificada.cl/recurso/estandar-de-sustentabilidad-para-la-industria-de-ciruelas-deshidratadas-fase-de-adecuacion-agroindustrial/', 'pdf': 'https://ciruelacertificada.cl/wp-content/uploads/2024/11/EstandarAA.pdf'}",000461
General,General,Estándar,Estándar de Sustentabilidad para la Industria de Ciruelas Deshidratadas. Fase de Adecuación Agroindustrial,A125,"{'web': 'https://ciruelacertificada.cl/recurso/estandar-de-sustentabilidad-para-la-industria-de-ciruelas-deshidratadas-fase-de-adecuacion-agroindustrial/', 'pdf': 'https://ciruelacertificada.cl/wp-content/uploads/2024/11/EstandarAA.pdf'}",000462
General,General,Estándar,Estándar de Sustentabilidad para la Industria de Ciruelas Deshidratadas. Fase de Adecuación Agroindustrial,A126,"{'web': 'https://ciruelacertificada.cl/recurso/estandar-de-sustentabilidad-para-la-industria-de-ciruelas-deshidratadas-fase-de-adecuacion-agroindustrial/', 'pdf': 'https://ciruelacertificada.cl/wp-content/uploads/2024/11/EstandarAA.pdf'}",000463
General,General,Estándar,Estándar de Sustentabilidad para la Industria de Ciruelas Deshidratadas. Fase de Adecuación Agroindustrial,A127,"{'web': 'https://ciruelacertificada.cl/recurso/estandar-de-sustentabilidad-para-la-industria-de-ciruelas-deshidratadas-fase-de-adecuacion-agroindustrial/', 'pdf': 'https://ciruelacertificada.cl/wp-content/uploads/2024/11/EstandarAA.pdf'}",000464
General,General,Estándar,Estándar de Sustentabilidad para la Industria de Ciruelas Deshidratadas. Fase de Adecuación Agroindustrial,A128,"{'web': 'https://ciruelacertificada.cl/recurso/estandar-de-sustentabilidad-para-la-industria-de-ciruelas-deshidratadas-fase-de-adecuacion-agroindustrial/', 'pdf': 'https://ciruelacertificada.cl/wp-content/uploads/2024/11/EstandarAA.pdf'}",000465
General,General,Estándar,Estándar de Sustentabilidad para la Industria de Ciruelas Deshidratadas. Fase de Adecuación Agroindustrial,A129,"{'web': 'https://ciruelacertificada.cl/recurso/estandar-de-sustentabilidad-para-la-industria-de-ciruelas-deshidratadas-fase-de-adecuacion-agroindustrial/', 'pdf': 'https://ciruelacertificada.cl/wp-content/uploads/2024/11/EstandarAA.pdf'}",000466
General,General,Estándar,Estándar de Sustentabilidad para la Industria de Ciruelas Deshidratadas. Fase de Adecuación Agroindustrial,A130,"{'web': 'https://ciruelacertificada.cl/recurso/estandar-de-sustentabilidad-para-la-industria-de-ciruelas-deshidratadas-fase-de-adecuacion-agroindustrial/', 'pdf': 'https://ciruelacertificada.cl/wp-content/uploads/2024/11/EstandarAA.pdf'}",000467
General,General,Estándar,Estándar de Sustentabilidad para la Industria de Ciruelas Deshidratadas. Fase de Adecuación Agroindustrial,A131,"{'web': 'https://ciruelacertificada.cl/recurso/estandar-de-sustentabilidad-para-la-industria-de-ciruelas-deshidratadas-fase-de-adecuacion-agroindustrial/', 'pdf': 'https://ciruelacertificada.cl/wp-content/uploads/2024/11/EstandarAA.pdf'}",000468
General,General,Estándar,Estándar de Sustentabilidad para la Industria de Ciruelas Deshidratadas. Fase de Adecuación Agroindustrial,A132,"{'web': 'https://ciruelacertificada.cl/recurso/estandar-de-sustentabilidad-para-la-industria-de-ciruelas-deshidratadas-fase-de-adecuacion-agroindustrial/', 'pdf': 'https://ciruelacertificada.cl/wp-content/uploads/2024/11/EstandarAA.pdf'}",000469
General,General,Estándar,Estándar de Sustentabilidad para la Industria de Ciruelas Deshidratadas. Fase de Adecuación Agroindustrial,A133,"{'web': 'https://ciruelacertificada.cl/recurso/estandar-de-sustentabilidad-para-la-industria-de-ciruelas-deshidratadas-fase-de-adecuacion-agroindustrial/', 'pdf': 'https://ciruelacertificada.cl/wp-content/uploads/2024/11/EstandarAA.pdf'}",000470
General,General,Estándar,Estándar de Sustentabilidad para la Industria de Ciruelas Deshidratadas. Fase de Adecuación Agroindustrial,A134,"{'web': 'https://ciruelacertificada.cl/recurso/estandar-de-sustentabilidad-para-la-industria-de-ciruelas-deshidratadas-fase-de-adecuacion-agroindustrial/', 'pdf': 'https://ciruelacertificada.cl/wp-content/uploads/2024/11/EstandarAA.pdf'}",000471
General,General,Estándar,Estándar de Sustentabilidad para la Industria de Ciruelas Deshidratadas. Fase de Adecuación Agroindustrial,A135,"{'web': 'https://ciruelacertificada.cl/recurso/estandar-de-sustentabilidad-para-la-industria-de-ciruelas-deshidratadas-fase-de-adecuacion-agroindustrial/', 'pdf': 'https://ciruelacertificada.cl/wp-content/uploads/2024/11/EstandarAA.pdf'}",000472
Ambiente,Agua,Señalética,Evite el desperdicio de agua,P009,"{'web': 'https://ciruelacertificada.cl/recurso/senaletica-evite-el-desperdicio-de-agua/', 'pdf': 'http://ciruelacertificada.cl/wp-content/uploads/2025/01/P9-A7-.pdf'}",000473
Ambiente,Agua,TDR,TDR para la contratación de empresa que realice plan de gestión del recurso hídrico,P007,"{'web': 'https://ciruelacertificada.cl/recurso/tdr-para-la-contratacion-de-empresa-que-realice-plan-de-gestion-del-recurso-hidrico/', 'pdf': 'https://ciruelacertificada.cl/wp-content/uploads/2024/12/P7-A5-TDR-Plan-gestion-recurso-hidrico.pdf', 'word': 'https://ciruelacertificada.cl/wp-content/uploads/2024/12/P7-A5-TDR-Plan-gestion-recurso-hidrico.docx'}",000474
Ambiente,Agua,Registro,Registro de consumo de agua en planta,A001,"{'web': 'https://ciruelacertificada.cl/recurso/registro-de-consumo-de-agua-en-planta/', 'pdf': 'https://ciruelacertificada.cl/wp-content/uploads/2024/12/A1-Registro-de-consumo-de-agua-en-planta-.pdf', 'word': 'https://ciruelacertificada.cl/wp-content/uploads/2024/12/A1-Registro-de-consumo-de-agua-en-planta-.docx', 'excel': 'http://ciruelacertificada.cl/wp-content/uploads/2025/03/A1-Registro-de-consumo-de-agua-en-planta.xlsx'}",000475
Ambiente,Agua,Registro,Registro de consumo de agua en predio,P001,"{'web': 'https://ciruelacertificada.cl/recurso/registro-de-consumo-de-agua-en-predio/', 'pdf': 'https://ciruelacertificada.cl/wp-content/uploads/2024/12/P1-Consumo-agua.pdf', 'word': 'https://ciruelacertificada.cl/wp-content/uploads/2024/12/P1-Consumo-agua.docx', 'excel': 'https://ciruelacertificada.cl/wp-content/uploads/2024/12/P1-Consumo-agua.xlsx'}",000476
Ambiente,Agua,Registro,Registro de balance hídrico,P016,"{'web': 'https://ciruelacertificada.cl/recurso/registro-de-balance-hidrico/', 'excel': 'http://ciruelacertificada.cl/wp-content/uploads/2025/01/P16-Balance-Hidrico.xlsx'}",000477
Ambiente,Agua,Registro,Registro de coeficiente de uniformidad de rigo,P017,"{'web': 'https://ciruelacertificada.cl/recurso/registro-de-coeficiente-de-uniformidad-de-riego/', 'excel': 'http://ciruelacertificada.cl/wp-content/uploads/2025/01/P17-Uniformidad-de-Riego.xlsx'}",000478
Ambiente,Agua,Registro,Registro de humedad de suelo,P019,"{'web': 'https://ciruelacertificada.cl/recurso/registro-de-la-humedad-del-suelo/', 'pdf': 'http://ciruelacertificada.cl/wp-content/uploads/2025/01/P19-Humedad-del-suelo.pdf', 'word': 'http://ciruelacertificada.cl/wp-content/uploads/2025/01/P19-Humedad-del-suelo.docx', 'excel': 'http://ciruelacertificada.cl/wp-content/uploads/2025/01/P19-Humedad-del-suelo.xlsx'}",000479
Ambiente,Agua,Registro,"Registro de mantenciones, fugas o reparaciones",P008,"{'web': 'https://ciruelacertificada.cl/recurso/registro-de-mantenciones-fugas-o-reparaciones/', 'pdf': 'http://ciruelacertificada.cl/wp-content/uploads/2025/01/P815-22-55-61-76-A8-9-40-59-82-Mantenciones.pdf', 'word': 'http://ciruelacertificada.cl/wp-content/uploads/2025/01/P815-22-55-61-76-A8-9-40-59-82-Mantenciones.docx', 'excel': 'http://ciruelacertificada.cl/wp-content/uploads/2025/01/P815-22-55-61-76-A8-9-40-59-82-Mantenciones.xlsx'}",000480
Ambiente,Agua,Registro,"Registro de mantenciones, fugas o reparaciones",P105,"{'web': 'https://ciruelacertificada.cl/recurso/registro-de-mantenciones-fugas-o-reparaciones/', 'pdf': 'http://ciruelacertificada.cl/wp-content/uploads/2025/01/P815-22-55-61-76-A8-9-40-59-82-Mantenciones.pdf', 'word': 'http://ciruelacertificada.cl/wp-content/uploads/2025/01/P815-22-55-61-76-A8-9-40-59-82-Mantenciones.docx', 'excel': 'http://ciruelacertificada.cl/wp-content/uploads/2025/01/P815-22-55-61-76-A8-9-40-59-82-Mantenciones.xlsx'}",000481
Ambiente,Agua,Registro,"Registro de mantenciones, fugas o reparaciones",P022,"{'web': 'https://ciruelacertificada.cl/recurso/registro-de-mantenciones-fugas-o-reparaciones/', 'pdf': 'http://ciruelacertificada.cl/wp-content/uploads/2025/01/P815-22-55-61-76-A8-9-40-59-82-Mantenciones.pdf', 'word': 'http://ciruelacertificada.cl/wp-content/uploads/2025/01/P815-22-55-61-76-A8-9-40-59-82-Mantenciones.docx', 'excel': 'http://ciruelacertificada.cl/wp-content/uploads/2025/01/P815-22-55-61-76-A8-9-40-59-82-Mantenciones.xlsx'}",000482
Ambiente,Agua,Registro,"Registro de mantenciones, fugas o reparaciones",P055,"{'web': 'https://ciruelacertificada.cl/recurso/registro-de-mantenciones-fugas-o-reparaciones/', 'pdf': 'http://ciruelacertificada.cl/wp-content/uploads/2025/01/P815-22-55-61-76-A8-9-40-59-82-Mantenciones.pdf', 'word': 'http://ciruelacertificada.cl/wp-content/uploads/2025/01/P815-22-55-61-76-A8-9-40-59-82-Mantenciones.docx', 'excel': 'http://ciruelacertificada.cl/wp-content/uploads/2025/01/P815-22-55-61-76-A8-9-40-59-82-Mantenciones.xlsx'}",000483
Ambiente,Agua,Registro,"Registro de mantenciones, fugas o reparaciones",P061,"{'web': 'https://ciruelacertificada.cl/recurso/registro-de-mantenciones-fugas-o-reparaciones/', 'pdf': 'http://ciruelacertificada.cl/wp-content/uploads/2025/01/P815-22-55-61-76-A8-9-40-59-82-Mantenciones.pdf', 'word': 'http://ciruelacertificada.cl/wp-content/uploads/2025/01/P815-22-55-61-76-A8-9-40-59-82-Mantenciones.docx', 'excel': 'http://ciruelacertificada.cl/wp-content/uploads/2025/01/P815-22-55-61-76-A8-9-40-59-82-Mantenciones.xlsx'}",000484
Ambiente,Agua,Registro,"Registro de mantenciones, fugas o reparaciones",P076,"{'web': 'https://ciruelacertificada.cl/recurso/registro-de-mantenciones-fugas-o-reparaciones/', 'pdf': 'http://ciruelacertificada.cl/wp-content/uploads/2025/01/P815-22-55-61-76-A8-9-40-59-82-Mantenciones.pdf', 'word': 'http://ciruelacertificada.cl/wp-content/uploads/2025/01/P815-22-55-61-76-A8-9-40-59-82-Mantenciones.docx', 'excel': 'http://ciruelacertificada.cl/wp-content/uploads/2025/01/P815-22-55-61-76-A8-9-40-59-82-Mantenciones.xlsx'}",000485
Ambiente,Suelo,Señalética,Protocolo con acciones de mínima labranza,P030,"{'web': 'https://ciruelacertificada.cl/recurso/protocolo-de-minima-labranza/', 'pdf': 'http://ciruelacertificada.cl/wp-content/uploads/2025/01/P30-MINIMA-LABRANZA.pdf'}",000486
Ambiente,Suelo,Señalética,Prohibido hacer fuego,P024,"{'web': 'https://ciruelacertificada.cl/recurso/senaletica-prohibido-hacer-fuego/', 'pdf': 'http://ciruelacertificada.cl/wp-content/uploads/2025/01/P24-Prohibido-fuego.pdf'}",000487
Ambiente,Suelo,TDR,TDR Diagnóstico de suelo predial,P021,"{'web': 'https://ciruelacertificada.cl/recurso/tdr-diagnostico-de-suelo-predial/', 'pdf': 'http://ciruelacertificada.cl/wp-content/uploads/2025/03/P21-TDR-diagnostico-suelo.pdf', 'word': 'http://ciruelacertificada.cl/wp-content/uploads/2025/01/P21-TDR-diagnostico-suelo.docx'}",000488
Ambiente,Suelo,TDR,TDR Plan de fertilización,P033,"{'web': 'https://ciruelacertificada.cl/recurso/tdr-plan-de-fertilizacion/', 'pdf': 'http://ciruelacertificada.cl/wp-content/uploads/2025/03/P33-TDR-Plan-de-fertilizacion.pdf', 'word': 'http://ciruelacertificada.cl/wp-content/uploads/2025/01/P33-TDR-Plan-de-fertilizacion.docx'}",000489
Ambiente,Suelo,Registro,Registro de aplicación de fertilizantes,P032,"{'web': 'https://ciruelacertificada.cl/recurso/registro-de-aplicacion-de-fertilizantes/', 'pdf': 'http://ciruelacertificada.cl/wp-content/uploads/2025/01/P32-P34-P35-Aplicacion-de-fertilizantes.pdf', 'word': 'http://ciruelacertificada.cl/wp-content/uploads/2025/01/P32-P34-P35-Aplicacion-de-fertilizantes.docx', 'excel': 'http://ciruelacertificada.cl/wp-content/uploads/2025/01/P32-P34-P35-Aplicacion-de-fertiiizantes.xlsx'}",000490
Ambiente,Suelo,Registro,Registro de aplicación de fertilizantes,P034,"{'web': 'https://ciruelacertificada.cl/recurso/registro-de-aplicacion-de-fertilizantes/', 'pdf': 'http://ciruelacertificada.cl/wp-content/uploads/2025/01/P32-P34-P35-Aplicacion-de-fertilizantes.pdf', 'word': 'http://ciruelacertificada.cl/wp-content/uploads/2025/01/P32-P34-P35-Aplicacion-de-fertilizantes.docx', 'excel': 'http://ciruelacertificada.cl/wp-content/uploads/2025/01/P32-P34-P35-Aplicacion-de-fertiiizantes.xlsx'}",000491
Ambiente,Suelo,Registro,Registro de aplicación de fertilizantes,P035,"{'web': 'https://ciruelacertificada.cl/recurso/registro-de-aplicacion-de-fertilizantes/', 'pdf': 'http://ciruelacertificada.cl/wp-content/uploads/2025/01/P32-P34-P35-Aplicacion-de-fertilizantes.pdf', 'word': 'http://ciruelacertificada.cl/wp-content/uploads/2025/01/P32-P34-P35-Aplicacion-de-fertilizantes.docx', 'excel': 'http://ciruelacertificada.cl/wp-content/uploads/2025/01/P32-P34-P35-Aplicacion-de-fertiiizantes.xlsx'}",000492
Ambiente,Suelo,Registro,Registro de labores,P025,"{'web': 'https://ciruelacertificada.cl/recurso/registro-de-labores/', 'pdf': 'http://ciruelacertificada.cl/wp-content/uploads/2025/01/P25-P93-Registro-de-labores.pdf', 'word': 'http://ciruelacertificada.cl/wp-content/uploads/2025/01/P25-P93-Registro-de-labores.docx', 'excel': 'http://ciruelacertificada.cl/wp-content/uploads/2025/01/P25-P93-Registro-labores.xlsx'}",000493
Ambiente,Suelo,Registro,Registro de labores,P093,"{'web': 'https://ciruelacertificada.cl/recurso/registro-de-labores/', 'pdf': 'http://ciruelacertificada.cl/wp-content/uploads/2025/01/P25-P93-Registro-de-labores.pdf', 'word': 'http://ciruelacertificada.cl/wp-content/uploads/2025/01/P25-P93-Registro-de-labores.docx', 'excel': 'http://ciruelacertificada.cl/wp-content/uploads/2025/01/P25-P93-Registro-labores.xlsx'}",000494
Ambiente,Suelo,Registro,Registro ejecución de calicatas,P013,"{'web': 'https://ciruelacertificada.cl/recurso/registro-de-calicatas/', 'pdf': 'http://ciruelacertificada.cl/wp-content/uploads/2025/01/P13-P20-Registro-de-calicatas.pdf', 'word': 'http://ciruelacertificada.cl/wp-content/uploads/2025/01/P13-P20-Registro-de-calicatas.docx', 'excel': 'http://ciruelacertificada.cl/wp-content/uploads/2025/01/P13-P20-Registro-calicatas.xlsx'}",000495
Ambiente,Suelo,Registro,Registro ejecución de calicatas,P020,"{'web': 'https://ciruelacertificada.cl/recurso/registro-de-calicatas/', 'pdf': 'http://ciruelacertificada.cl/wp-content/uploads/2025/01/P13-P20-Registro-de-calicatas.pdf', 'word': 'http://ciruelacertificada.cl/wp-content/uploads/2025/01/P13-P20-Registro-de-calicatas.docx', 'excel': 'http://ciruelacertificada.cl/wp-content/uploads/2025/01/P13-P20-Registro-calicatas.xlsx'}",000496
Ambiente,Biodiversidad,Señalética,No realizar labores de limpieza de zanjas o poda de corta vientos en época de anidación de aves,P045,"{'web': 'https://ciruelacertificada.cl/recurso/senaletica-no-realizar-labores-de-limpieza-de-zanjas-o-poda-de-corta-vientos-en-epoca-de-anidacion-de-aves/', 'pdf': 'http://ciruelacertificada.cl/wp-content/uploads/2025/02/P45-A26-labores.pdf'}",000497
Ambiente,Biodiversidad,Señalética,"No cazar, pescar o recolectar animales",P045,{'web': 'https://ciruelacertificada.cl/recurso/senaletica-no-cazar-pescar-o-recolectar-animales/'},000498
Ambiente,Biodiversidad,Señalética,Prohibido el ingreso de mascotas,P045,"{'web': 'https://ciruelacertificada.cl/recurso/senaletica-prohibido-el-ingreso-de-mascotas/', 'pdf': 'http://ciruelacertificada.cl/wp-content/uploads/2025/01/P45-A26-PROHIBIDO-1.pdf'}",000499
Ambiente,Biodiversidad,Señalética,No retener la vida silvestre en cautiverio,P045,"{'web': 'https://ciruelacertificada.cl/recurso/senaletica-no-retener-la-vida-silvestre-en-cautiverio/', 'pdf': 'http://ciruelacertificada.cl/wp-content/uploads/2025/01/P45-A26-No-retener-vida-silvestre.pdf'}",000500
Ambiente,Biodiversidad,TDR,TDR Diagnóstico de la biodiversidad,P036,"{'web': 'https://ciruelacertificada.cl/recurso/tdr-diagnostico-de-la-biodiversidad/', 'pdf': 'http://ciruelacertificada.cl/wp-content/uploads/2025/03/P36-A18-Diagnostico-biodiversidad.pdf', 'word': 'http://ciruelacertificada.cl/wp-content/uploads/2025/01/P36-A18-Diagnostico-biodiversidad.docx'}",000501
Ambiente,Biodiversidad,TDR,TDR Plan de gestión de la biodiversidad,P037,"{'web': 'https://ciruelacertificada.cl/recurso/tdr-plan-de-gestion-de-la-biodiversidad/', 'pdf': 'http://ciruelacertificada.cl/wp-content/uploads/2025/03/P37-A19-Plan-gestion-biodiversidad.pdf', 'word': 'http://ciruelacertificada.cl/wp-content/uploads/2025/01/P37-A19-Plan-gestion-biodiversidad.docx'}",000502
Ambiente,Biodiversidad,Registro,Registro de especies exóticas invasoras,P043,"{'web': 'https://ciruelacertificada.cl/recurso/registro-de-especies-exoticas-invasoras/', 'pdf': 'http://ciruelacertificada.cl/wp-content/uploads/2025/01/P43-A24-Registro-de-especies-exoticas.pdf', 'word': 'http://ciruelacertificada.cl/wp-content/uploads/2025/01/P43-A24-Registro-de-especies-exoticas.docx', 'excel': 'http://ciruelacertificada.cl/wp-content/uploads/2025/01/P43-A24-Registro-de-especies-exoticas.xlsx'}",000503
Ambiente,Insumos,Señalética,En caso de derrame,P054,"{'web': 'https://ciruelacertificada.cl/recurso/senaletica-en-caso-de-derrame/', 'pdf': 'http://ciruelacertificada.cl/wp-content/uploads/2025/01/P54-En-caso-de-derrame.pdf'}",000504
Ambiente,Insumos,Señalética,Lave manos y ojos en caso de emergencia por derrame,P054,"{'web': 'https://ciruelacertificada.cl/recurso/senaletica-lave-manos-y-ojos-en-caso-de-emergencia-por-derrame/', 'pdf': 'http://ciruelacertificada.cl/wp-content/uploads/2025/01/A54-Lave-manos-y-ojos.pdf'}",000505
Ambiente,Insumos,Registro,Registro de aplicación de agroquímicos,P047,"{'web': 'https://ciruelacertificada.cl/recurso/registro-de-aplicacion-de-agroquimicos/', 'pdf': 'http://ciruelacertificada.cl/wp-content/uploads/2025/01/P47-P50-P51-P56-P57-Registro-aplicaciones-agroquimicos.pdf', 'word': 'http://ciruelacertificada.cl/wp-content/uploads/2025/01/P47-P50-P51-P56-P57-Registro-aplicaciones-agroquimicos.docx', 'excel': 'http://ciruelacertificada.cl/wp-content/uploads/2025/01/P47-P50-P51-P56-P57-Registro-aplicaciones-agroquimicos.xlsx'}",000506
Ambiente,Insumos,Registro,Registro de aplicación de agroquímicos,P050,"{'web': 'https://ciruelacertificada.cl/recurso/registro-de-aplicacion-de-agroquimicos/', 'pdf': 'http://ciruelacertificada.cl/wp-content/uploads/2025/01/P47-P50-P51-P56-P57-Registro-aplicaciones-agroquimicos.pdf', 'word': 'http://ciruelacertificada.cl/wp-content/uploads/2025/01/P47-P50-P51-P56-P57-Registro-aplicaciones-agroquimicos.docx', 'excel': 'http://ciruelacertificada.cl/wp-content/uploads/2025/01/P47-P50-P51-P56-P57-Registro-aplicaciones-agroquimicos.xlsx'}",000507
Ambiente,Insumos,Registro,Registro de aplicación de agroquímicos,P051,"{'web': 'https://ciruelacertificada.cl/recurso/registro-de-aplicacion-de-agroquimicos/', 'pdf': 'http://ciruelacertificada.cl/wp-content/uploads/2025/01/P47-P50-P51-P56-P57-Registro-aplicaciones-agroquimicos.pdf', 'word': 'http://ciruelacertificada.cl/wp-content/uploads/2025/01/P47-P50-P51-P56-P57-Registro-aplicaciones-agroquimicos.docx', 'excel': 'http://ciruelacertificada.cl/wp-content/uploads/2025/01/P47-P50-P51-P56-P57-Registro-aplicaciones-agroquimicos.xlsx'}",000508
Ambiente,Insumos,Registro,Registro de aplicación de agroquímicos,P056,"{'web': 'https://ciruelacertificada.cl/recurso/registro-de-aplicacion-de-agroquimicos/', 'pdf': 'http://ciruelacertificada.cl/wp-content/uploads/2025/01/P47-P50-P51-P56-P57-Registro-aplicaciones-agroquimicos.pdf', 'word': 'http://ciruelacertificada.cl/wp-content/uploads/2025/01/P47-P50-P51-P56-P57-Registro-aplicaciones-agroquimicos.docx', 'excel': 'http://ciruelacertificada.cl/wp-content/uploads/2025/01/P47-P50-P51-P56-P57-Registro-aplicaciones-agroquimicos.xlsx'}",000509
Ambiente,Insumos,Registro,Registro de aplicación de agroquímicos,P057,"{'web': 'https://ciruelacertificada.cl/recurso/registro-de-aplicacion-de-agroquimicos/', 'pdf': 'http://ciruelacertificada.cl/wp-content/uploads/2025/01/P47-P50-P51-P56-P57-Registro-aplicaciones-agroquimicos.pdf', 'word': 'http://ciruelacertificada.cl/wp-content/uploads/2025/01/P47-P50-P51-P56-P57-Registro-aplicaciones-agroquimicos.docx', 'excel': 'http://ciruelacertificada.cl/wp-content/uploads/2025/01/P47-P50-P51-P56-P57-Registro-aplicaciones-agroquimicos.xlsx'}",000510
Ambiente,Insumos,Registro,Registro de aplicación de productos químicos,A033,"{'web': 'https://ciruelacertificada.cl/recurso/registro-de-aplicacion-de-productos-quimicos/', 'pdf': 'http://ciruelacertificada.cl/wp-content/uploads/2025/01/A33-Aplicacion-productos.pdf', 'word': 'http://ciruelacertificada.cl/wp-content/uploads/2025/01/A33-Aplicacion-productos.docx', 'excel': 'http://ciruelacertificada.cl/wp-content/uploads/2025/01/A33-Aplicacion-productos.xlsx'}",000511
Ambiente,Insumos,Registro,Registro de monitoreo de plagas,P048,"{'web': 'https://ciruelacertificada.cl/recurso/registro-de-monitoreo-de-plagas/', 'pdf': 'http://ciruelacertificada.cl/wp-content/uploads/2025/01/P48-Monitoreo-de-plagas.pdf', 'word': 'http://ciruelacertificada.cl/wp-content/uploads/2025/01/P48-Monitoreo-de-plagas.docx', 'excel': 'http://ciruelacertificada.cl/wp-content/uploads/2025/01/P48-Monitoreo-de-plagas.xlsx'}",000512
Ambiente,Insumos,Registro,Registro de inventario de agroquímicos,P053,"{'web': 'https://ciruelacertificada.cl/recurso/registro-de-inventario-de-agroquimicos/', 'pdf': 'http://ciruelacertificada.cl/wp-content/uploads/2025/01/P53-Inventartio-agroquimicos.pdf', 'word': 'http://ciruelacertificada.cl/wp-content/uploads/2025/01/P53-Inventartio-agroquimicos.docx', 'excel': 'http://ciruelacertificada.cl/wp-content/uploads/2025/01/P53-Inventartio-agroquimicos.xlsx'}",000513
Ambiente,Residuos,Señalética,Contactos,P062,"{'web': 'https://ciruelacertificada.cl/recurso/senaletica-contactos/', 'pdf': 'http://ciruelacertificada.cl/wp-content/uploads/2025/01/P62-A41-.pdf'}",000514
Ambiente,Residuos,Señalética,Residuos no reciclables,P067,"{'web': 'https://ciruelacertificada.cl/recurso/senaletica-residuos-no-reciclables/', 'pdf': 'http://ciruelacertificada.cl/wp-content/uploads/2025/01/P67-A49-No-reciclables.pdf'}",000515
Ambiente,Residuos,Señalética,Residuos peligrosos,P067,"{'web': 'https://ciruelacertificada.cl/recurso/senaletica-residuos-peligrosos/', 'pdf': 'http://ciruelacertificada.cl/wp-content/uploads/2025/01/P67-A49-Peligrosos.pdf'}",000516
Ambiente,Residuos,Señalética,Zona de reciclaje,P067,"{'web': 'https://ciruelacertificada.cl/recurso/senaletica-zona-de-reciclaje/', 'pdf': 'http://ciruelacertificada.cl/wp-content/uploads/2025/03/Accion-67-PP-49-AA-Zona-de-reciclaje-50x50cm.pdf'}",000517
Ambiente,Residuos,Registro,Registro de identificación de residuos,P058,"{'web': 'https://ciruelacertificada.cl/recurso/registro-de-identificacion-de-residuos/', 'pdf': 'http://ciruelacertificada.cl/wp-content/uploads/2025/01/P58-A37-Registrp-de-identificacion-de-residuos.pdf', 'word': 'http://ciruelacertificada.cl/wp-content/uploads/2025/01/P58-A37-Registrp-de-identificacion-de-residuos.docx', 'excel': 'http://ciruelacertificada.cl/wp-content/uploads/2025/01/P58-A37-Registrp-de-identificacion-de-residuos.xlsx'}",000518
Ambiente,Energía,Señalética,Uso eficiente de la energía,P075,"{'web': 'https://ciruelacertificada.cl/recurso/senaletica-uso-eficiente-de-la-energia/', 'pdf': 'http://ciruelacertificada.cl/wp-content/uploads/2025/02/A58-P75-Uso-Energia-1.pdf'}",000519
Ambiente,Energía,Señalética,Ahorro de energía,P074,"{'web': 'https://ciruelacertificada.cl/recurso/senaletica-ahorro-de-energia/', 'pdf': 'http://ciruelacertificada.cl/wp-content/uploads/2025/01/P74-A56-Ahorro-energia.pdf'}",000520
Ambiente,Energía,Señalética,Realizar mantenciones preventivas,P074,"{'web': 'https://ciruelacertificada.cl/recurso/senaletica-realizar-mantenciones-preventivas/', 'pdf': 'http://ciruelacertificada.cl/wp-content/uploads/2025/01/P74-A56-Mantenciones.pdf'}",000521
Ambiente,Energía,Señalética,Regular el consumo de agua caliente,P074,"{'web': 'https://ciruelacertificada.cl/recurso/senaletica-regular-el-consumo-de-agua-caliente/', 'pdf': 'http://ciruelacertificada.cl/wp-content/uploads/2025/01/P74-A56-Agua-caliente.pdf'}",000522
Ambiente,Energía,TDR,TDR: Diagnóstico Energético,P071,"{'web': 'https://ciruelacertificada.cl/recurso/tdr-diagnostico-energetico/', 'pdf': 'http://ciruelacertificada.cl/wp-content/uploads/2025/02/P71-A54-TDR-Diagnostico-Energetico.pdf', 'word': 'http://ciruelacertificada.cl/wp-content/uploads/2025/02/P71-A54-TDR-Diagnostico-Energetico.docx'}",000523
Ambiente,Energía,TDR,TDR: Plan de eficiencia enerética,P073,"{'web': 'https://ciruelacertificada.cl/recurso/tdr-plan-de-eficiencia-eneretica/', 'pdf': 'http://ciruelacertificada.cl/wp-content/uploads/2025/02/P73-A55-TDR-Plan-de-eficiencia-Energetica.pdf', 'word': 'http://ciruelacertificada.cl/wp-content/uploads/2025/02/P73-A55-TDR-Plan-de-eficiencia-Energetica.docx'}",000524
Ambiente,Energía,Registro,Registro de consumo energético,P070,"{'web': 'https://ciruelacertificada.cl/recurso/registro-de-consumo-energetico/', 'pdf': 'http://ciruelacertificada.cl/wp-content/uploads/2025/02/P70-A52-Registro-consmo-energia.pdf', 'word': 'http://ciruelacertificada.cl/wp-content/uploads/2025/02/P70-A52-Registro-consmo-energia.docx', 'excel': 'http://ciruelacertificada.cl/wp-content/uploads/2025/02/P70-A52-Registro-consmo-energia-1.xlsx'}",000525
Ambiente,GEI,TDR,TDR Cuantificación de emisiones GEI,P079,"{'web': 'https://ciruelacertificada.cl/recurso/tdr-cuantificacion-de-emisiones-gei/', 'pdf': 'http://ciruelacertificada.cl/wp-content/uploads/2025/02/A63-A64-A66-P79-P80-P82-TDR-Cuantificacion-de-emisiones-GEI.pdf', 'word': 'http://ciruelacertificada.cl/wp-content/uploads/2025/02/A63-A64-A66-P79-P80-P82-TDR-Cuantificacion-de-emisiones-GEI.docx'}",000526
Ambiente,GEI,TDR,TDR Cuantificación de emisiones GEI,P080,"{'web': 'https://ciruelacertificada.cl/recurso/tdr-cuantificacion-de-emisiones-gei/', 'pdf': 'http://ciruelacertificada.cl/wp-content/uploads/2025/02/A63-A64-A66-P79-P80-P82-TDR-Cuantificacion-de-emisiones-GEI.pdf', 'word': 'http://ciruelacertificada.cl/wp-content/uploads/2025/02/A63-A64-A66-P79-P80-P82-TDR-Cuantificacion-de-emisiones-GEI.docx'}",000527
Ambiente,GEI,TDR,TDR Cuantificación de emisiones GEI,P082,"{'web': 'https://ciruelacertificada.cl/recurso/tdr-cuantificacion-de-emisiones-gei/', 'pdf': 'http://ciruelacertificada.cl/wp-content/uploads/2025/02/A63-A64-A66-P79-P80-P82-TDR-Cuantificacion-de-emisiones-GEI.pdf', 'word': 'http://ciruelacertificada.cl/wp-content/uploads/2025/02/A63-A64-A66-P79-P80-P82-TDR-Cuantificacion-de-emisiones-GEI.docx'}",000528
Ambiente,GEI,Registro,Registro emisiones GEI,P079,"{'web': 'https://ciruelacertificada.cl/recurso/registro-emisiones-gei/', 'pdf': 'http://ciruelacertificada.cl/wp-content/uploads/2025/02/P79-P80-A63-A64-Registro-emisiones-GEI.pdf', 'word': 'http://ciruelacertificada.cl/wp-content/uploads/2025/02/P79-P80-A63-A64-Registro-emisiones-GEI.docx', 'excel': 'http://ciruelacertificada.cl/wp-content/uploads/2025/02/P79-P80-A63-A64-Registro-emisiones-GEI.xlsx'}",000529
Ambiente,GEI,Registro,Registro emisiones GEI,P080,"{'web': 'https://ciruelacertificada.cl/recurso/registro-emisiones-gei/', 'pdf': 'http://ciruelacertificada.cl/wp-content/uploads/2025/02/P79-P80-A63-A64-Registro-emisiones-GEI.pdf', 'word': 'http://ciruelacertificada.cl/wp-content/uploads/2025/02/P79-P80-A63-A64-Registro-emisiones-GEI.docx', 'excel': 'http://ciruelacertificada.cl/wp-content/uploads/2025/02/P79-P80-A63-A64-Registro-emisiones-GEI.xlsx'}",000530
Calidad,Calidad,Registro,Registro de acciones de control de calidad,P088,"{'web': 'https://ciruelacertificada.cl/recurso/registro-de-acciones-de-control-de-calidad/', 'pdf': 'http://ciruelacertificada.cl/wp-content/uploads/2025/03/P88-Acciones-de-control-de-calidad.pdf', 'word': 'http://ciruelacertificada.cl/wp-content/uploads/2025/03/P88-Acciones-de-control-de-calidad.docx', 'excel': 'http://ciruelacertificada.cl/wp-content/uploads/2025/03/P88-Acciones-de-control-de-calidad.xlsx'}",000531
Calidad,Calidad,Registro,Registro de fruta cosechada,P092,"{'web': 'https://ciruelacertificada.cl/recurso/registro-de-fruta-cosechada/', 'pdf': 'http://ciruelacertificada.cl/wp-content/uploads/2025/03/P92-Registro-de-fruta-cosechada.pdf', 'word': 'http://ciruelacertificada.cl/wp-content/uploads/2025/03/P92-Registro-de-fruta-cosechada.docx', 'excel': 'http://ciruelacertificada.cl/wp-content/uploads/2025/03/P92-Registro-de-fruta-cosechada.xlsx'}",000532
Calidad,Calidad,Registro,Registro de labores productivas en predio,P093,"{'web': 'https://ciruelacertificada.cl/recurso/registro-de-labores-productivas-predio/', 'pdf': 'http://ciruelacertificada.cl/wp-content/uploads/2025/03/P93-Registro-de-labores-productivas.pdf', 'word': 'http://ciruelacertificada.cl/wp-content/uploads/2025/03/P93-Registro-de-labores-productivas.docx', 'excel': 'http://ciruelacertificada.cl/wp-content/uploads/2025/03/P93-Registro-de-labores-productivas.xlsx'}",000533
Calidad,Calidad,Registro,Registro de trazabilidad,P096,"{'web': 'https://ciruelacertificada.cl/recurso/registro-de-trazabilidad/', 'pdf': 'http://ciruelacertificada.cl/wp-content/uploads/2025/03/P96-Registro-de-trazabilidad.pdf', 'word': 'http://ciruelacertificada.cl/wp-content/uploads/2025/03/P96-Registro-de-trazabilidad.docx', 'excel': 'http://ciruelacertificada.cl/wp-content/uploads/2025/03/P96-Registro-de-trazabilidad.xlsx'}",000534
Gestión ,Viabilidad económica,Registro,Registro de visitas de asesores ,P105,"{'web': 'https://ciruelacertificada.cl/recurso/registro-de-visitas-de-asesores/', 'pdf': 'http://ciruelacertificada.cl/wp-content/uploads/2025/03/P105-Registro-de-visitas-de-asesores.pdf', 'word': 'http://ciruelacertificada.cl/wp-content/uploads/2025/03/P105-Registro-de-visitas-de-asesores.docx', 'excel': 'http://ciruelacertificada.cl/wp-content/uploads/2025/03/P105-Registro-de-visitas-de-asesores.xlsx'}",000535
Gestión ,Viabilidad económica,Registro,Registro de inventario,P106,"{'web': 'https://ciruelacertificada.cl/recurso/registro-de-inventario/', 'pdf': 'http://ciruelacertificada.cl/wp-content/uploads/2025/03/P106-Registro-de-inventario.pdf', 'word': 'http://ciruelacertificada.cl/wp-content/uploads/2025/03/P106-Registro-de-inventario.docx', 'excel': 'http://ciruelacertificada.cl/wp-content/uploads/2025/03/P106-Registro-de-inventario.xlsx'}",000536
Social,Condiciones de trabajo,TDR,TDR Programa de prevención de riesgos,P131,"{'web': 'https://ciruelacertificada.cl/recurso/tdr-programa-de-prevencion-de-riesgos/', 'pdf': 'http://ciruelacertificada.cl/wp-content/uploads/2025/03/P131-A-121.pdf', 'word': 'http://ciruelacertificada.cl/wp-content/uploads/2025/03/P131-A-121.docx'}",000537
Social,Condiciones de trabajo,Registro,Registro de la gestión de seguridad de los trabajadores,P126,"{'web': 'https://ciruelacertificada.cl/recurso/registro-de-la-gestion-de-seguridad-de-los-trabajadores/', 'pdf': 'http://ciruelacertificada.cl/wp-content/uploads/2025/03/P126-A128-Restion-de-seguridad-de-los-trabajadores.pdf', 'word': 'http://ciruelacertificada.cl/wp-content/uploads/2025/03/P126-A128-Restion-de-seguridad-de-los-trabajadores.docx', 'excel': 'http://ciruelacertificada.cl/wp-content/uploads/2025/03/P126-A128-Restion-de-seguridad-de-los-trabajadores.xlsx'}",000538
Social,Condiciones de trabajo,Registro,Registro de entrega de EPP,P130,"{'web': 'https://ciruelacertificada.cl/recurso/registro-de-entrega-de-epp/', 'pdf': 'http://ciruelacertificada.cl/wp-content/uploads/2025/03/P130-Registro-de-entrega-de-EPP.pdf', 'word': 'http://ciruelacertificada.cl/wp-content/uploads/2025/03/P130-Registro-de-entrega-de-EPP.docx', 'excel': 'http://ciruelacertificada.cl/wp-content/uploads/2025/03/P130-Registro-de-entrega-de-EPP.xlsx'}",000539
Social,Comunidades locales,Registro,Mapeo de actores con identificación de impactos ,P114,"{'web': 'https://ciruelacertificada.cl/recurso/mapeo-de-actores-con-identificacion-de-impactos/', 'pdf': 'http://ciruelacertificada.cl/wp-content/uploads/2025/03/P114-A107-Mapeo-de-actores.pdf', 'word': 'http://ciruelacertificada.cl/wp-content/uploads/2025/03/P114-A107-Mapeo-de-actores.docx', 'excel': 'http://ciruelacertificada.cl/wp-content/uploads/2025/03/P114-A107-Mapeo-de-actores.xlsx'}",000540
Social,Comunidades locales,Registro,Matriz con medidas de mitigación,P115,"{'web': 'https://ciruelacertificada.cl/recurso/matriz-con-medidas-de-mitigacion/', 'pdf': 'http://ciruelacertificada.cl/wp-content/uploads/2025/03/P115-A108.pdf', 'word': 'http://ciruelacertificada.cl/wp-content/uploads/2025/03/P115-A108.docx', 'excel': 'http://ciruelacertificada.cl/wp-content/uploads/2025/03/P115-A108-Matriz-con-medidas-de-mitigacion.xlsx'}",000541
Social,Comunidades locales,Registro,Libro de reclamos y sugerencias,P121,"{'web': 'https://ciruelacertificada.cl/recurso/libro-de-reclamos-y-sugerencias/', 'pdf': 'http://ciruelacertificada.cl/wp-content/uploads/2025/03/P121-A114-Libro-de-reclamos-y-sugerencias.pdf', 'word': 'http://ciruelacertificada.cl/wp-content/uploads/2025/03/P121-A114-Libro-de-reclamos-y-sugerencias.docx', 'excel': 'http://ciruelacertificada.cl/wp-content/uploads/2025/03/P121-A114-Libro-de-reclamos-y-sugerencias.xlsx'}",000542
Social,Comunidades locales,Registro,Registro de portafolio de evidencia,P116,"{'web': 'https://ciruelacertificada.cl/recurso/registro-de-portafolio-de-evidencia/', 'pdf': 'http://ciruelacertificada.cl/wp-content/uploads/2025/03/P116-P118-P120-A109-A111-A113-Portafolio-de-evidencia.pdf', 'word': 'http://ciruelacertificada.cl/wp-content/uploads/2025/03/P116-P118-P120-A109-A111-A113-Portafolio-de-evidencia.docx', 'excel': 'http://ciruelacertificada.cl/wp-content/uploads/2025/03/P116-P118-P120-A109-A111-A113-Portafolio-de-evidencia.xlsx'}",000543
Social,Comunidades locales,Registro,Registro de portafolio de evidencia,P118,"{'web': 'https://ciruelacertificada.cl/recurso/registro-de-portafolio-de-evidencia/', 'pdf': 'http://ciruelacertificada.cl/wp-content/uploads/2025/03/P116-P118-P120-A109-A111-A113-Portafolio-de-evidencia.pdf', 'word': 'http://ciruelacertificada.cl/wp-content/uploads/2025/03/P116-P118-P120-A109-A111-A113-Portafolio-de-evidencia.docx', 'excel': 'http://ciruelacertificada.cl/wp-content/uploads/2025/03/P116-P118-P120-A109-A111-A113-Portafolio-de-evidencia.xlsx'}",000544
Social,Comunidades locales,Registro,Registro de portafolio de evidencia,P120,"{'web': 'https://ciruelacertificada.cl/recurso/registro-de-portafolio-de-evidencia/', 'pdf': 'http://ciruelacertificada.cl/wp-content/uploads/2025/03/P116-P118-P120-A109-A111-A113-Portafolio-de-evidencia.pdf', 'word': 'http://ciruelacertificada.cl/wp-content/uploads/2025/03/P116-P118-P120-A109-A111-A113-Portafolio-de-evidencia.docx', 'excel': 'http://ciruelacertificada.cl/wp-content/uploads/2025/03/P116-P118-P120-A109-A111-A113-Portafolio-de-evidencia.xlsx'}",000545
Ética,Debida diligencia,Registro,Matriz con listado de normativas aplicables,P143,"{'web': 'https://ciruelacertificada.cl/recurso/matriz-con-listado-de-normativas-aplicables/', 'pdf': 'http://ciruelacertificada.cl/wp-content/uploads/2025/03/P143-A129-Matriz-de-normativas-1.pdf', 'word': 'http://ciruelacertificada.cl/wp-content/uploads/2025/03/P143-A129-Matriz-de-normativas-1.docx', 'excel': 'http://ciruelacertificada.cl/wp-content/uploads/2025/03/P143-A129-Matriz-de-normativas-1.xlsx'}",000546
General,General,Registro,Registro de capacitaciones,P002,"{'web': 'https://ciruelacertificada.cl/recurso/registro-de-capacitaciones/', 'pdf': 'http://ciruelacertificada.cl/wp-content/uploads/2025/03/P2-P4-P27-P38-P63-P68-P72-P81-P89-P110-P112-P113-P134-P139-A2-A4-A20-A42-A50-A53-A65-A72-A83-A103-A105-A106-A124-A130-Registro-de-capacitaciones.pdf', 'word': 'http://ciruelacertificada.cl/wp-content/uploads/2025/03/P2-P4-P27-P38-P63-P68-P72-P81-P89-P110-P112-P113-P134-P139-A2-A4-A20-A42-A50-A53-A65-A72-A83-A103-A105-A106-A124-A130-Registro-de-capacitaciones.docx', 'excel': 'http://ciruelacertificada.cl/wp-content/uploads/2025/03/P2-P4-P27-P38-P63-P68-P72-P81-P89-P110-P112-P113-P134-P139-A2-A4-A20-A42-A50-A53-A65-A72-A83-A103-A105-A106-A124-A130-Registro-de-capacitaciones.xlsx'}",000547
General,General,Registro,Registro de capacitaciones,P004,"{'web': 'https://ciruelacertificada.cl/recurso/registro-de-capacitaciones/', 'pdf': 'http://ciruelacertificada.cl/wp-content/uploads/2025/03/P2-P4-P27-P38-P63-P68-P72-P81-P89-P110-P112-P113-P134-P139-A2-A4-A20-A42-A50-A53-A65-A72-A83-A103-A105-A106-A124-A130-Registro-de-capacitaciones.pdf', 'word': 'http://ciruelacertificada.cl/wp-content/uploads/2025/03/P2-P4-P27-P38-P63-P68-P72-P81-P89-P110-P112-P113-P134-P139-A2-A4-A20-A42-A50-A53-A65-A72-A83-A103-A105-A106-A124-A130-Registro-de-capacitaciones.docx', 'excel': 'http://ciruelacertificada.cl/wp-content/uploads/2025/03/P2-P4-P27-P38-P63-P68-P72-P81-P89-P110-P112-P113-P134-P139-A2-A4-A20-A42-A50-A53-A65-A72-A83-A103-A105-A106-A124-A130-Registro-de-capacitaciones.xlsx'}",000548
General,General,Registro,Registro de capacitaciones,P027,"{'web': 'https://ciruelacertificada.cl/recurso/registro-de-capacitaciones/', 'pdf': 'http://ciruelacertificada.cl/wp-content/uploads/2025/03/P2-P4-P27-P38-P63-P68-P72-P81-P89-P110-P112-P113-P134-P139-A2-A4-A20-A42-A50-A53-A65-A72-A83-A103-A105-A106-A124-A130-Registro-de-capacitaciones.pdf', 'word': 'http://ciruelacertificada.cl/wp-content/uploads/2025/03/P2-P4-P27-P38-P63-P68-P72-P81-P89-P110-P112-P113-P134-P139-A2-A4-A20-A42-A50-A53-A65-A72-A83-A103-A105-A106-A124-A130-Registro-de-capacitaciones.docx', 'excel': 'http://ciruelacertificada.cl/wp-content/uploads/2025/03/P2-P4-P27-P38-P63-P68-P72-P81-P89-P110-P112-P113-P134-P139-A2-A4-A20-A42-A50-A53-A65-A72-A83-A103-A105-A106-A124-A130-Registro-de-capacitaciones.xlsx'}",000549
General,General,Registro,Registro de capacitaciones,P038,"{'web': 'https://ciruelacertificada.cl/recurso/registro-de-capacitaciones/', 'pdf': 'http://ciruelacertificada.cl/wp-content/uploads/2025/03/P2-P4-P27-P38-P63-P68-P72-P81-P89-P110-P112-P113-P134-P139-A2-A4-A20-A42-A50-A53-A65-A72-A83-A103-A105-A106-A124-A130-Registro-de-capacitaciones.pdf', 'word': 'http://ciruelacertificada.cl/wp-content/uploads/2025/03/P2-P4-P27-P38-P63-P68-P72-P81-P89-P110-P112-P113-P134-P139-A2-A4-A20-A42-A50-A53-A65-A72-A83-A103-A105-A106-A124-A130-Registro-de-capacitaciones.docx', 'excel': 'http://ciruelacertificada.cl/wp-content/uploads/2025/03/P2-P4-P27-P38-P63-P68-P72-P81-P89-P110-P112-P113-P134-P139-A2-A4-A20-A42-A50-A53-A65-A72-A83-A103-A105-A106-A124-A130-Registro-de-capacitaciones.xlsx'}",000550
General,General,Registro,Registro de capacitaciones,P063,"{'web': 'https://ciruelacertificada.cl/recurso/registro-de-capacitaciones/', 'pdf': 'http://ciruelacertificada.cl/wp-content/uploads/2025/03/P2-P4-P27-P38-P63-P68-P72-P81-P89-P110-P112-P113-P134-P139-A2-A4-A20-A42-A50-A53-A65-A72-A83-A103-A105-A106-A124-A130-Registro-de-capacitaciones.pdf', 'word': 'http://ciruelacertificada.cl/wp-content/uploads/2025/03/P2-P4-P27-P38-P63-P68-P72-P81-P89-P110-P112-P113-P134-P139-A2-A4-A20-A42-A50-A53-A65-A72-A83-A103-A105-A106-A124-A130-Registro-de-capacitaciones.docx', 'excel': 'http://ciruelacertificada.cl/wp-content/uploads/2025/03/P2-P4-P27-P38-P63-P68-P72-P81-P89-P110-P112-P113-P134-P139-A2-A4-A20-A42-A50-A53-A65-A72-A83-A103-A105-A106-A124-A130-Registro-de-capacitaciones.xlsx'}",000551
General,General,Registro,Registro de capacitaciones,P068,"{'web': 'https://ciruelacertificada.cl/recurso/registro-de-capacitaciones/', 'pdf': 'http://ciruelacertificada.cl/wp-content/uploads/2025/03/P2-P4-P27-P38-P63-P68-P72-P81-P89-P110-P112-P113-P134-P139-A2-A4-A20-A42-A50-A53-A65-A72-A83-A103-A105-A106-A124-A130-Registro-de-capacitaciones.pdf', 'word': 'http://ciruelacertificada.cl/wp-content/uploads/2025/03/P2-P4-P27-P38-P63-P68-P72-P81-P89-P110-P112-P113-P134-P139-A2-A4-A20-A42-A50-A53-A65-A72-A83-A103-A105-A106-A124-A130-Registro-de-capacitaciones.docx', 'excel': 'http://ciruelacertificada.cl/wp-content/uploads/2025/03/P2-P4-P27-P38-P63-P68-P72-P81-P89-P110-P112-P113-P134-P139-A2-A4-A20-A42-A50-A53-A65-A72-A83-A103-A105-A106-A124-A130-Registro-de-capacitaciones.xlsx'}",000552
General,General,Registro,Registro de capacitaciones,P072,"{'web': 'https://ciruelacertificada.cl/recurso/registro-de-capacitaciones/', 'pdf': 'http://ciruelacertificada.cl/wp-content/uploads/2025/03/P2-P4-P27-P38-P63-P68-P72-P81-P89-P110-P112-P113-P134-P139-A2-A4-A20-A42-A50-A53-A65-A72-A83-A103-A105-A106-A124-A130-Registro-de-capacitaciones.pdf', 'word': 'http://ciruelacertificada.cl/wp-content/uploads/2025/03/P2-P4-P27-P38-P63-P68-P72-P81-P89-P110-P112-P113-P134-P139-A2-A4-A20-A42-A50-A53-A65-A72-A83-A103-A105-A106-A124-A130-Registro-de-capacitaciones.docx', 'excel': 'http://ciruelacertificada.cl/wp-content/uploads/2025/03/P2-P4-P27-P38-P63-P68-P72-P81-P89-P110-P112-P113-P134-P139-A2-A4-A20-A42-A50-A53-A65-A72-A83-A103-A105-A106-A124-A130-Registro-de-capacitaciones.xlsx'}",000553
General,General,Registro,Registro de capacitaciones,P081,"{'web': 'https://ciruelacertificada.cl/recurso/registro-de-capacitaciones/', 'pdf': 'http://ciruelacertificada.cl/wp-content/uploads/2025/03/P2-P4-P27-P38-P63-P68-P72-P81-P89-P110-P112-P113-P134-P139-A2-A4-A20-A42-A50-A53-A65-A72-A83-A103-A105-A106-A124-A130-Registro-de-capacitaciones.pdf', 'word': 'http://ciruelacertificada.cl/wp-content/uploads/2025/03/P2-P4-P27-P38-P63-P68-P72-P81-P89-P110-P112-P113-P134-P139-A2-A4-A20-A42-A50-A53-A65-A72-A83-A103-A105-A106-A124-A130-Registro-de-capacitaciones.docx', 'excel': 'http://ciruelacertificada.cl/wp-content/uploads/2025/03/P2-P4-P27-P38-P63-P68-P72-P81-P89-P110-P112-P113-P134-P139-A2-A4-A20-A42-A50-A53-A65-A72-A83-A103-A105-A106-A124-A130-Registro-de-capacitaciones.xlsx'}",000554
General,General,Registro,Registro de capacitaciones,P089,"{'web': 'https://ciruelacertificada.cl/recurso/registro-de-capacitaciones/', 'pdf': 'http://ciruelacertificada.cl/wp-content/uploads/2025/03/P2-P4-P27-P38-P63-P68-P72-P81-P89-P110-P112-P113-P134-P139-A2-A4-A20-A42-A50-A53-A65-A72-A83-A103-A105-A106-A124-A130-Registro-de-capacitaciones.pdf', 'word': 'http://ciruelacertificada.cl/wp-content/uploads/2025/03/P2-P4-P27-P38-P63-P68-P72-P81-P89-P110-P112-P113-P134-P139-A2-A4-A20-A42-A50-A53-A65-A72-A83-A103-A105-A106-A124-A130-Registro-de-capacitaciones.docx', 'excel': 'http://ciruelacertificada.cl/wp-content/uploads/2025/03/P2-P4-P27-P38-P63-P68-P72-P81-P89-P110-P112-P113-P134-P139-A2-A4-A20-A42-A50-A53-A65-A72-A83-A103-A105-A106-A124-A130-Registro-de-capacitaciones.xlsx'}",000555
General,General,Registro,Registro de capacitaciones,P110,"{'web': 'https://ciruelacertificada.cl/recurso/registro-de-capacitaciones/', 'pdf': 'http://ciruelacertificada.cl/wp-content/uploads/2025/03/P2-P4-P27-P38-P63-P68-P72-P81-P89-P110-P112-P113-P134-P139-A2-A4-A20-A42-A50-A53-A65-A72-A83-A103-A105-A106-A124-A130-Registro-de-capacitaciones.pdf', 'word': 'http://ciruelacertificada.cl/wp-content/uploads/2025/03/P2-P4-P27-P38-P63-P68-P72-P81-P89-P110-P112-P113-P134-P139-A2-A4-A20-A42-A50-A53-A65-A72-A83-A103-A105-A106-A124-A130-Registro-de-capacitaciones.docx', 'excel': 'http://ciruelacertificada.cl/wp-content/uploads/2025/03/P2-P4-P27-P38-P63-P68-P72-P81-P89-P110-P112-P113-P134-P139-A2-A4-A20-A42-A50-A53-A65-A72-A83-A103-A105-A106-A124-A130-Registro-de-capacitaciones.xlsx'}",000556
General,General,Registro,Registro de capacitaciones,P112,"{'web': 'https://ciruelacertificada.cl/recurso/registro-de-capacitaciones/', 'pdf': 'http://ciruelacertificada.cl/wp-content/uploads/2025/03/P2-P4-P27-P38-P63-P68-P72-P81-P89-P110-P112-P113-P134-P139-A2-A4-A20-A42-A50-A53-A65-A72-A83-A103-A105-A106-A124-A130-Registro-de-capacitaciones.pdf', 'word': 'http://ciruelacertificada.cl/wp-content/uploads/2025/03/P2-P4-P27-P38-P63-P68-P72-P81-P89-P110-P112-P113-P134-P139-A2-A4-A20-A42-A50-A53-A65-A72-A83-A103-A105-A106-A124-A130-Registro-de-capacitaciones.docx', 'excel': 'http://ciruelacertificada.cl/wp-content/uploads/2025/03/P2-P4-P27-P38-P63-P68-P72-P81-P89-P110-P112-P113-P134-P139-A2-A4-A20-A42-A50-A53-A65-A72-A83-A103-A105-A106-A124-A130-Registro-de-capacitaciones.xlsx'}",000557
General,General,Registro,Registro de capacitaciones,P113,"{'web': 'https://ciruelacertificada.cl/recurso/registro-de-capacitaciones/', 'pdf': 'http://ciruelacertificada.cl/wp-content/uploads/2025/03/P2-P4-P27-P38-P63-P68-P72-P81-P89-P110-P112-P113-P134-P139-A2-A4-A20-A42-A50-A53-A65-A72-A83-A103-A105-A106-A124-A130-Registro-de-capacitaciones.pdf', 'word': 'http://ciruelacertificada.cl/wp-content/uploads/2025/03/P2-P4-P27-P38-P63-P68-P72-P81-P89-P110-P112-P113-P134-P139-A2-A4-A20-A42-A50-A53-A65-A72-A83-A103-A105-A106-A124-A130-Registro-de-capacitaciones.docx', 'excel': 'http://ciruelacertificada.cl/wp-content/uploads/2025/03/P2-P4-P27-P38-P63-P68-P72-P81-P89-P110-P112-P113-P134-P139-A2-A4-A20-A42-A50-A53-A65-A72-A83-A103-A105-A106-A124-A130-Registro-de-capacitaciones.xlsx'}",000558
General,General,Registro,Registro de capacitaciones,P134,"{'web': 'https://ciruelacertificada.cl/recurso/registro-de-capacitaciones/', 'pdf': 'http://ciruelacertificada.cl/wp-content/uploads/2025/03/P2-P4-P27-P38-P63-P68-P72-P81-P89-P110-P112-P113-P134-P139-A2-A4-A20-A42-A50-A53-A65-A72-A83-A103-A105-A106-A124-A130-Registro-de-capacitaciones.pdf', 'word': 'http://ciruelacertificada.cl/wp-content/uploads/2025/03/P2-P4-P27-P38-P63-P68-P72-P81-P89-P110-P112-P113-P134-P139-A2-A4-A20-A42-A50-A53-A65-A72-A83-A103-A105-A106-A124-A130-Registro-de-capacitaciones.docx', 'excel': 'http://ciruelacertificada.cl/wp-content/uploads/2025/03/P2-P4-P27-P38-P63-P68-P72-P81-P89-P110-P112-P113-P134-P139-A2-A4-A20-A42-A50-A53-A65-A72-A83-A103-A105-A106-A124-A130-Registro-de-capacitaciones.xlsx'}",000559
General,General,Registro,Registro de capacitaciones,P139,"{'web': 'https://ciruelacertificada.cl/recurso/registro-de-capacitaciones/', 'pdf': 'http://ciruelacertificada.cl/wp-content/uploads/2025/03/P2-P4-P27-P38-P63-P68-P72-P81-P89-P110-P112-P113-P134-P139-A2-A4-A20-A42-A50-A53-A65-A72-A83-A103-A105-A106-A124-A130-Registro-de-capacitaciones.pdf', 'word': 'http://ciruelacertificada.cl/wp-content/uploads/2025/03/P2-P4-P27-P38-P63-P68-P72-P81-P89-P110-P112-P113-P134-P139-A2-A4-A20-A42-A50-A53-A65-A72-A83-A103-A105-A106-A124-A130-Registro-de-capacitaciones.docx', 'excel': 'http://ciruelacertificada.cl/wp-content/uploads/2025/03/P2-P4-P27-P38-P63-P68-P72-P81-P89-P110-P112-P113-P134-P139-A2-A4-A20-A42-A50-A53-A65-A72-A83-A103-A105-A106-A124-A130-Registro-de-capacitaciones.xlsx'}",000560
General,General,Registro,Acta de reuniones,P039,"{'web': 'https://ciruelacertificada.cl/recurso/acta-de-reuniones/', 'pdf': 'http://ciruelacertificada.cl/wp-content/uploads/2025/03/P39-P109-P144-A21-A102-A134-Acta-de-reunion.pdf', 'word': 'http://ciruelacertificada.cl/wp-content/uploads/2025/03/P39-P109-P144-A21-A102-A134-Acta-de-reunion.docx', 'excel': 'http://ciruelacertificada.cl/wp-content/uploads/2025/03/P39-P109-P144-A21-A102-A134-Acta-de-reunion.xlsx'}",000561
General,General,Registro,Acta de reuniones,P109,"{'web': 'https://ciruelacertificada.cl/recurso/acta-de-reuniones/', 'pdf': 'http://ciruelacertificada.cl/wp-content/uploads/2025/03/P39-P109-P144-A21-A102-A134-Acta-de-reunion.pdf', 'word': 'http://ciruelacertificada.cl/wp-content/uploads/2025/03/P39-P109-P144-A21-A102-A134-Acta-de-reunion.docx', 'excel': 'http://ciruelacertificada.cl/wp-content/uploads/2025/03/P39-P109-P144-A21-A102-A134-Acta-de-reunion.xlsx'}",000562
General,General,Registro,Acta de reuniones,P144,"{'web': 'https://ciruelacertificada.cl/recurso/acta-de-reuniones/', 'pdf': 'http://ciruelacertificada.cl/wp-content/uploads/2025/03/P39-P109-P144-A21-A102-A134-Acta-de-reunion.pdf', 'word': 'http://ciruelacertificada.cl/wp-content/uploads/2025/03/P39-P109-P144-A21-A102-A134-Acta-de-reunion.docx', 'excel': 'http://ciruelacertificada.cl/wp-content/uploads/2025/03/P39-P109-P144-A21-A102-A134-Acta-de-reunion.xlsx'}",000563
Ambiente,Inocuidad,Señalética,Dé aviso en caso de enfermedad,P098,"{'web': 'https://ciruelacertificada.cl/recurso/senaletica-de-aviso-en-caso-de-enfermedad/', 'pdf': 'http://ciruelacertificada.cl/wp-content/uploads/2025/01/P98-A84-Aviso-enfermedad.pdf'}",000564
Ambiente,Inocuidad,Señalética,Lavado correcto de manos,P098,"{'web': 'https://ciruelacertificada.cl/recurso/senaletica-lavado-correcto-de-manos/', 'pdf': 'http://ciruelacertificada.cl/wp-content/uploads/2025/01/P98-A84-Lavado-de-manos.pdf'}",000565
Social,CT y PS,Señalética,Zona de seguridad,P127,"{'web': 'https://ciruelacertificada.cl/recurso/senaletica-zona-de-seguridad/', 'pdf': 'http://ciruelacertificada.cl/wp-content/uploads/2025/01/P127-A119-Zona-de-seguridad.pdf'}",000566
Social,CT y PS,Señalética,Vía de escape izquierda,P127,"{'web': 'https://ciruelacertificada.cl/recurso/senaletica-via-de-escape-izquierda/', 'pdf': 'http://ciruelacertificada.cl/wp-content/uploads/2025/01/P127-A119-Escape-izquierda.pdf'}",000567
Social,CT y PS,Señalética,Vía de escape derecha,P127,"{'web': 'https://ciruelacertificada.cl/recurso/senaletica-via-de-escape-derecha/', 'pdf': 'http://ciruelacertificada.cl/wp-content/uploads/2025/01/P127-A119-Escape-derecha.pdf'}",000568
Social,CT y PS,Señalética,Botiquín,P127,"{'web': 'https://ciruelacertificada.cl/recurso/senaletica-botiquin/', 'pdf': 'http://ciruelacertificada.cl/wp-content/uploads/2025/01/P127-A119-Botiquin.pdf'}",000569
Social,CT y PS,Señalética,Extintor,P127,"{'web': 'https://ciruelacertificada.cl/recurso/senaletica-extintor/', 'pdf': 'http://ciruelacertificada.cl/wp-content/uploads/2025/01/P127-A119-Extintor.pdf'}",000570
Social,CT y PS,Señalética,Teléfonos de emergencia,P127,"{'web': 'https://ciruelacertificada.cl/recurso/senaletica-telefonos-de-emergencia/', 'pdf': 'http://ciruelacertificada.cl/wp-content/uploads/2025/01/P127-A119-Fono-emergencia.pdf'}",000571
Ambiente,Agua,Guía,Guía para el uso sustentable del agua (adaptación predio y planta),P001,"{'web': 'https://ciruelacertificada.cl/recurso/guia-para-el-uso-sustentable-del-agua/', 'pdf': 'https://ciruelacertificada.cl/wp-content/uploads/2024/11/Agua_Digital.pdf'}",000572
Ambiente,Agua,Guía,Guía para el uso sustentable del agua (adaptación predio y planta),P002,"{'web': 'https://ciruelacertificada.cl/recurso/guia-para-el-uso-sustentable-del-agua/', 'pdf': 'https://ciruelacertificada.cl/wp-content/uploads/2024/11/Agua_Digital.pdf'}",000573
Ambiente,Agua,Guía,Guía para el uso sustentable del agua (adaptación predio y planta),P003,"{'web': 'https://ciruelacertificada.cl/recurso/guia-para-el-uso-sustentable-del-agua/', 'pdf': 'https://ciruelacertificada.cl/wp-content/uploads/2024/11/Agua_Digital.pdf'}",000574
Ambiente,Agua,Guía,Guía para el uso sustentable del agua (adaptación predio y planta),P004,"{'web': 'https://ciruelacertificada.cl/recurso/guia-para-el-uso-sustentable-del-agua/', 'pdf': 'https://ciruelacertificada.cl/wp-content/uploads/2024/11/Agua_Digital.pdf'}",000575
Ambiente,Agua,Guía,Guía para el uso sustentable del agua (adaptación predio y planta),P005,"{'web': 'https://ciruelacertificada.cl/recurso/guia-para-el-uso-sustentable-del-agua/', 'pdf': 'https://ciruelacertificada.cl/wp-content/uploads/2024/11/Agua_Digital.pdf'}",000576
Ambiente,Agua,Guía,Guía para el uso sustentable del agua (adaptación predio y planta),P006,"{'web': 'https://ciruelacertificada.cl/recurso/guia-para-el-uso-sustentable-del-agua/', 'pdf': 'https://ciruelacertificada.cl/wp-content/uploads/2024/11/Agua_Digital.pdf'}",000577
Ambiente,Agua,Guía,Guía para el uso sustentable del agua (adaptación predio y planta),P007,"{'web': 'https://ciruelacertificada.cl/recurso/guia-para-el-uso-sustentable-del-agua/', 'pdf': 'https://ciruelacertificada.cl/wp-content/uploads/2024/11/Agua_Digital.pdf'}",000578
Ambiente,Agua,Guía,Guía para el uso sustentable del agua (adaptación predio y planta),P008,"{'web': 'https://ciruelacertificada.cl/recurso/guia-para-el-uso-sustentable-del-agua/', 'pdf': 'https://ciruelacertificada.cl/wp-content/uploads/2024/11/Agua_Digital.pdf'}",000579
Ambiente,Agua,Guía,Guía para el uso sustentable del agua (adaptación predio y planta),P009,"{'web': 'https://ciruelacertificada.cl/recurso/guia-para-el-uso-sustentable-del-agua/', 'pdf': 'https://ciruelacertificada.cl/wp-content/uploads/2024/11/Agua_Digital.pdf'}",000580
Ambiente,Agua,Guía,Guía para el uso sustentable del agua (adaptación predio y planta),P010,"{'web': 'https://ciruelacertificada.cl/recurso/guia-para-el-uso-sustentable-del-agua/', 'pdf': 'https://ciruelacertificada.cl/wp-content/uploads/2024/11/Agua_Digital.pdf'}",000581
Ambiente,Agua,Guía,Guía para el uso sustentable del agua (adaptación predio y planta),P011,"{'web': 'https://ciruelacertificada.cl/recurso/guia-para-el-uso-sustentable-del-agua/', 'pdf': 'https://ciruelacertificada.cl/wp-content/uploads/2024/11/Agua_Digital.pdf'}",000582
Ambiente,Agua,Guía,Guía para el uso sustentable del agua (adaptación predio y planta),P012,"{'web': 'https://ciruelacertificada.cl/recurso/guia-para-el-uso-sustentable-del-agua/', 'pdf': 'https://ciruelacertificada.cl/wp-content/uploads/2024/11/Agua_Digital.pdf'}",000583
Ambiente,Agua,Guía,Guía para el uso sustentable del agua (adaptación predio y planta),P013,"{'web': 'https://ciruelacertificada.cl/recurso/guia-para-el-uso-sustentable-del-agua/', 'pdf': 'https://ciruelacertificada.cl/wp-content/uploads/2024/11/Agua_Digital.pdf'}",000584
Ambiente,Agua,Guía,Guía para el uso sustentable del agua (adaptación predio y planta),P014,"{'web': 'https://ciruelacertificada.cl/recurso/guia-para-el-uso-sustentable-del-agua/', 'pdf': 'https://ciruelacertificada.cl/wp-content/uploads/2024/11/Agua_Digital.pdf'}",000585
Ambiente,Agua,Guía,Guía para el uso sustentable del agua (adaptación predio y planta),P015,"{'web': 'https://ciruelacertificada.cl/recurso/guia-para-el-uso-sustentable-del-agua/', 'pdf': 'https://ciruelacertificada.cl/wp-content/uploads/2024/11/Agua_Digital.pdf'}",000586
Ambiente,Agua,Guía,Guía para el uso sustentable del agua (adaptación predio y planta),P016,"{'web': 'https://ciruelacertificada.cl/recurso/guia-para-el-uso-sustentable-del-agua/', 'pdf': 'https://ciruelacertificada.cl/wp-content/uploads/2024/11/Agua_Digital.pdf'}",000587
Ambiente,Agua,Guía,Guía para el uso sustentable del agua (adaptación predio y planta),P017,"{'web': 'https://ciruelacertificada.cl/recurso/guia-para-el-uso-sustentable-del-agua/', 'pdf': 'https://ciruelacertificada.cl/wp-content/uploads/2024/11/Agua_Digital.pdf'}",000588
Ambiente,Agua,Guía,Guía para el uso sustentable del agua (adaptación predio y planta),P018,"{'web': 'https://ciruelacertificada.cl/recurso/guia-para-el-uso-sustentable-del-agua/', 'pdf': 'https://ciruelacertificada.cl/wp-content/uploads/2024/11/Agua_Digital.pdf'}",000589
Ambiente,Agua,Guía,Guía para el uso sustentable del agua (adaptación predio y planta),P019,"{'web': 'https://ciruelacertificada.cl/recurso/guia-para-el-uso-sustentable-del-agua/', 'pdf': 'https://ciruelacertificada.cl/wp-content/uploads/2024/11/Agua_Digital.pdf'}",000590
Ambiente,Suelo,Guía,Guía para la gestión sustentable del suelo ,P020,"{'web': 'https://ciruelacertificada.cl/recurso/guia-para-la-gestion-sustentable-del-suelo/', 'pdf': 'https://ciruelacertificada.cl/wp-content/uploads/2024/11/Suelo_Digital.pdf'}",000591
Ambiente,Suelo,Guía,Guía para la gestión sustentable del suelo ,P021,"{'web': 'https://ciruelacertificada.cl/recurso/guia-para-la-gestion-sustentable-del-suelo/', 'pdf': 'https://ciruelacertificada.cl/wp-content/uploads/2024/11/Suelo_Digital.pdf'}",000592
Ambiente,Suelo,Guía,Guía para la gestión sustentable del suelo ,P022,"{'web': 'https://ciruelacertificada.cl/recurso/guia-para-la-gestion-sustentable-del-suelo/', 'pdf': 'https://ciruelacertificada.cl/wp-content/uploads/2024/11/Suelo_Digital.pdf'}",000593
Ambiente,Suelo,Guía,Guía para la gestión sustentable del suelo ,P023,"{'web': 'https://ciruelacertificada.cl/recurso/guia-para-la-gestion-sustentable-del-suelo/', 'pdf': 'https://ciruelacertificada.cl/wp-content/uploads/2024/11/Suelo_Digital.pdf'}",000594
Ambiente,Suelo,Guía,Guía para la gestión sustentable del suelo ,P024,"{'web': 'https://ciruelacertificada.cl/recurso/guia-para-la-gestion-sustentable-del-suelo/', 'pdf': 'https://ciruelacertificada.cl/wp-content/uploads/2024/11/Suelo_Digital.pdf'}",000595
Ambiente,Suelo,Guía,Guía para la gestión sustentable del suelo ,P025,"{'web': 'https://ciruelacertificada.cl/recurso/guia-para-la-gestion-sustentable-del-suelo/', 'pdf': 'https://ciruelacertificada.cl/wp-content/uploads/2024/11/Suelo_Digital.pdf'}",000596
Ambiente,Suelo,Guía,Guía para la gestión sustentable del suelo ,P026,"{'web': 'https://ciruelacertificada.cl/recurso/guia-para-la-gestion-sustentable-del-suelo/', 'pdf': 'https://ciruelacertificada.cl/wp-content/uploads/2024/11/Suelo_Digital.pdf'}",000597
Ambiente,Suelo,Guía,Guía para la gestión sustentable del suelo ,P027,"{'web': 'https://ciruelacertificada.cl/recurso/guia-para-la-gestion-sustentable-del-suelo/', 'pdf': 'https://ciruelacertificada.cl/wp-content/uploads/2024/11/Suelo_Digital.pdf'}",000598
Ambiente,Suelo,Guía,Guía para la gestión sustentable del suelo ,P028,"{'web': 'https://ciruelacertificada.cl/recurso/guia-para-la-gestion-sustentable-del-suelo/', 'pdf': 'https://ciruelacertificada.cl/wp-content/uploads/2024/11/Suelo_Digital.pdf'}",000599
Ambiente,Suelo,Guía,Guía para la gestión sustentable del suelo ,P029,"{'web': 'https://ciruelacertificada.cl/recurso/guia-para-la-gestion-sustentable-del-suelo/', 'pdf': 'https://ciruelacertificada.cl/wp-content/uploads/2024/11/Suelo_Digital.pdf'}",000600
Ambiente,Suelo,Guía,Guía para la gestión sustentable del suelo ,P030,"{'web': 'https://ciruelacertificada.cl/recurso/guia-para-la-gestion-sustentable-del-suelo/', 'pdf': 'https://ciruelacertificada.cl/wp-content/uploads/2024/11/Suelo_Digital.pdf'}",000601
Ambiente,Suelo,Guía,Guía para la gestión sustentable del suelo ,P031,"{'web': 'https://ciruelacertificada.cl/recurso/guia-para-la-gestion-sustentable-del-suelo/', 'pdf': 'https://ciruelacertificada.cl/wp-content/uploads/2024/11/Suelo_Digital.pdf'}",000602
Ambiente,Suelo,Guía,Guía para la gestión sustentable del suelo ,P032,"{'web': 'https://ciruelacertificada.cl/recurso/guia-para-la-gestion-sustentable-del-suelo/', 'pdf': 'https://ciruelacertificada.cl/wp-content/uploads/2024/11/Suelo_Digital.pdf'}",000603
Ambiente,Suelo,Guía,Guía para la gestión sustentable del suelo ,P033,"{'web': 'https://ciruelacertificada.cl/recurso/guia-para-la-gestion-sustentable-del-suelo/', 'pdf': 'https://ciruelacertificada.cl/wp-content/uploads/2024/11/Suelo_Digital.pdf'}",000604
Ambiente,Suelo,Guía,Guía para la gestión sustentable del suelo ,P034,"{'web': 'https://ciruelacertificada.cl/recurso/guia-para-la-gestion-sustentable-del-suelo/', 'pdf': 'https://ciruelacertificada.cl/wp-content/uploads/2024/11/Suelo_Digital.pdf'}",000605
Ambiente,Suelo,Guía,Guía para la gestión sustentable del suelo ,P035,"{'web': 'https://ciruelacertificada.cl/recurso/guia-para-la-gestion-sustentable-del-suelo/', 'pdf': 'https://ciruelacertificada.cl/wp-content/uploads/2024/11/Suelo_Digital.pdf'}",000606
Ambiente,Biodiversidad,Guía,Guía para la conservación de la biodiversidad ,P036,"{'web': 'https://ciruelacertificada.cl/recurso/guia-para-la-conservacion-de-la-biodiversidad/', 'pdf': 'https://ciruelacertificada.cl/wp-content/uploads/2024/11/Biodiversidad_Digital.pdf'}",000607
Ambiente,Biodiversidad,Guía,Guía para la conservación de la biodiversidad ,P037,"{'web': 'https://ciruelacertificada.cl/recurso/guia-para-la-conservacion-de-la-biodiversidad/', 'pdf': 'https://ciruelacertificada.cl/wp-content/uploads/2024/11/Biodiversidad_Digital.pdf'}",000608
Ambiente,Biodiversidad,Guía,Guía para la conservación de la biodiversidad ,P038,"{'web': 'https://ciruelacertificada.cl/recurso/guia-para-la-conservacion-de-la-biodiversidad/', 'pdf': 'https://ciruelacertificada.cl/wp-content/uploads/2024/11/Biodiversidad_Digital.pdf'}",000609
Ambiente,Biodiversidad,Guía,Guía para la conservación de la biodiversidad ,P039,"{'web': 'https://ciruelacertificada.cl/recurso/guia-para-la-conservacion-de-la-biodiversidad/', 'pdf': 'https://ciruelacertificada.cl/wp-content/uploads/2024/11/Biodiversidad_Digital.pdf'}",000610
Ambiente,Biodiversidad,Guía,Guía para la conservación de la biodiversidad ,P040,"{'web': 'https://ciruelacertificada.cl/recurso/guia-para-la-conservacion-de-la-biodiversidad/', 'pdf': 'https://ciruelacertificada.cl/wp-content/uploads/2024/11/Biodiversidad_Digital.pdf'}",000611
Ambiente,Biodiversidad,Guía,Guía para la conservación de la biodiversidad ,P041,"{'web': 'https://ciruelacertificada.cl/recurso/guia-para-la-conservacion-de-la-biodiversidad/', 'pdf': 'https://ciruelacertificada.cl/wp-content/uploads/2024/11/Biodiversidad_Digital.pdf'}",000612
Ambiente,Biodiversidad,Guía,Guía para la conservación de la biodiversidad ,P042,"{'web': 'https://ciruelacertificada.cl/recurso/guia-para-la-conservacion-de-la-biodiversidad/', 'pdf': 'https://ciruelacertificada.cl/wp-content/uploads/2024/11/Biodiversidad_Digital.pdf'}",000613
Ambiente,Biodiversidad,Guía,Guía para la conservación de la biodiversidad ,P043,"{'web': 'https://ciruelacertificada.cl/recurso/guia-para-la-conservacion-de-la-biodiversidad/', 'pdf': 'https://ciruelacertificada.cl/wp-content/uploads/2024/11/Biodiversidad_Digital.pdf'}",000614
Ambiente,Biodiversidad,Guía,Guía para la conservación de la biodiversidad ,P044,"{'web': 'https://ciruelacertificada.cl/recurso/guia-para-la-conservacion-de-la-biodiversidad/', 'pdf': 'https://ciruelacertificada.cl/wp-content/uploads/2024/11/Biodiversidad_Digital.pdf'}",000615
Ambiente,Biodiversidad,Guía,Guía para la conservación de la biodiversidad ,P045,"{'web': 'https://ciruelacertificada.cl/recurso/guia-para-la-conservacion-de-la-biodiversidad/', 'pdf': 'https://ciruelacertificada.cl/wp-content/uploads/2024/11/Biodiversidad_Digital.pdf'}",000616
Ambiente,Biodiversidad,Guía,Guía para la conservación de la biodiversidad ,P046,"{'web': 'https://ciruelacertificada.cl/recurso/guia-para-la-conservacion-de-la-biodiversidad/', 'pdf': 'https://ciruelacertificada.cl/wp-content/uploads/2024/11/Biodiversidad_Digital.pdf'}",000617
Ambiente,Insumos,Guía,Guía para la gestión sustentable los insumos ,P047,"{'web': 'https://ciruelacertificada.cl/recurso/guia-para-la-gestion-sustentable-de-los-insumos-utilizados-en-el-proceso-productivo/', 'pdf': 'https://ciruelacertificada.cl/wp-content/uploads/2024/11/Insumos_Digital.pdf'}",000618
Ambiente,Insumos,Guía,Guía para la gestión sustentable los insumos ,P048,"{'web': 'https://ciruelacertificada.cl/recurso/guia-para-la-gestion-sustentable-de-los-insumos-utilizados-en-el-proceso-productivo/', 'pdf': 'https://ciruelacertificada.cl/wp-content/uploads/2024/11/Insumos_Digital.pdf'}",000619
Ambiente,Insumos,Guía,Guía para la gestión sustentable los insumos ,P049,"{'web': 'https://ciruelacertificada.cl/recurso/guia-para-la-gestion-sustentable-de-los-insumos-utilizados-en-el-proceso-productivo/', 'pdf': 'https://ciruelacertificada.cl/wp-content/uploads/2024/11/Insumos_Digital.pdf'}",000620
Ambiente,Insumos,Guía,Guía para la gestión sustentable los insumos ,P050,"{'web': 'https://ciruelacertificada.cl/recurso/guia-para-la-gestion-sustentable-de-los-insumos-utilizados-en-el-proceso-productivo/', 'pdf': 'https://ciruelacertificada.cl/wp-content/uploads/2024/11/Insumos_Digital.pdf'}",000621
Ambiente,Insumos,Guía,Guía para la gestión sustentable los insumos ,P051,"{'web': 'https://ciruelacertificada.cl/recurso/guia-para-la-gestion-sustentable-de-los-insumos-utilizados-en-el-proceso-productivo/', 'pdf': 'https://ciruelacertificada.cl/wp-content/uploads/2024/11/Insumos_Digital.pdf'}",000622
Ambiente,Insumos,Guía,Guía para la gestión sustentable los insumos ,P052,"{'web': 'https://ciruelacertificada.cl/recurso/guia-para-la-gestion-sustentable-de-los-insumos-utilizados-en-el-proceso-productivo/', 'pdf': 'https://ciruelacertificada.cl/wp-content/uploads/2024/11/Insumos_Digital.pdf'}",000623
Ambiente,Insumos,Guía,Guía para la gestión sustentable los insumos ,P053,"{'web': 'https://ciruelacertificada.cl/recurso/guia-para-la-gestion-sustentable-de-los-insumos-utilizados-en-el-proceso-productivo/', 'pdf': 'https://ciruelacertificada.cl/wp-content/uploads/2024/11/Insumos_Digital.pdf'}",000624
Ambiente,Insumos,Guía,Guía para la gestión sustentable los insumos ,P054,"{'web': 'https://ciruelacertificada.cl/recurso/guia-para-la-gestion-sustentable-de-los-insumos-utilizados-en-el-proceso-productivo/', 'pdf': 'https://ciruelacertificada.cl/wp-content/uploads/2024/11/Insumos_Digital.pdf'}",000625
Ambiente,Insumos,Guía,Guía para la gestión sustentable los insumos ,P055,"{'web': 'https://ciruelacertificada.cl/recurso/guia-para-la-gestion-sustentable-de-los-insumos-utilizados-en-el-proceso-productivo/', 'pdf': 'https://ciruelacertificada.cl/wp-content/uploads/2024/11/Insumos_Digital.pdf'}",000626
Ambiente,Insumos,Guía,Guía para la gestión sustentable los insumos ,P056,"{'web': 'https://ciruelacertificada.cl/recurso/guia-para-la-gestion-sustentable-de-los-insumos-utilizados-en-el-proceso-productivo/', 'pdf': 'https://ciruelacertificada.cl/wp-content/uploads/2024/11/Insumos_Digital.pdf'}",000627
Ambiente,Insumos,Guía,Guía para la gestión sustentable los insumos ,P057,"{'web': 'https://ciruelacertificada.cl/recurso/guia-para-la-gestion-sustentable-de-los-insumos-utilizados-en-el-proceso-productivo/', 'pdf': 'https://ciruelacertificada.cl/wp-content/uploads/2024/11/Insumos_Digital.pdf'}",000628
Ambiente,Residuos,Guía,Guía para la gestión sustentable de los residuos.,P058,"{'web': 'https://ciruelacertificada.cl/recurso/guia-gestion-sustentable-de-los-residuos/', 'pdf': 'https://ciruelacertificada.cl/wp-content/uploads/2024/11/Residuos_Digital.pdf'}",000629
Ambiente,Residuos,Guía,Guía para la gestión sustentable de los residuos.,P059,"{'web': 'https://ciruelacertificada.cl/recurso/guia-gestion-sustentable-de-los-residuos/', 'pdf': 'https://ciruelacertificada.cl/wp-content/uploads/2024/11/Residuos_Digital.pdf'}",000630
Ambiente,Residuos,Guía,Guía para la gestión sustentable de los residuos.,P060,"{'web': 'https://ciruelacertificada.cl/recurso/guia-gestion-sustentable-de-los-residuos/', 'pdf': 'https://ciruelacertificada.cl/wp-content/uploads/2024/11/Residuos_Digital.pdf'}",000631
Ambiente,Residuos,Guía,Guía para la gestión sustentable de los residuos.,P061,"{'web': 'https://ciruelacertificada.cl/recurso/guia-gestion-sustentable-de-los-residuos/', 'pdf': 'https://ciruelacertificada.cl/wp-content/uploads/2024/11/Residuos_Digital.pdf'}",000632
Ambiente,Residuos,Guía,Guía para la gestión sustentable de los residuos.,P062,"{'web': 'https://ciruelacertificada.cl/recurso/guia-gestion-sustentable-de-los-residuos/', 'pdf': 'https://ciruelacertificada.cl/wp-content/uploads/2024/11/Residuos_Digital.pdf'}",000633
Ambiente,Residuos,Guía,Guía para la gestión sustentable de los residuos.,P063,"{'web': 'https://ciruelacertificada.cl/recurso/guia-gestion-sustentable-de-los-residuos/', 'pdf': 'https://ciruelacertificada.cl/wp-content/uploads/2024/11/Residuos_Digital.pdf'}",000634
Ambiente,Residuos,Guía,Guía para la gestión sustentable de los residuos.,P064,"{'web': 'https://ciruelacertificada.cl/recurso/guia-gestion-sustentable-de-los-residuos/', 'pdf': 'https://ciruelacertificada.cl/wp-content/uploads/2024/11/Residuos_Digital.pdf'}",000635
Ambiente,Residuos,Guía,Guía para la gestión sustentable de los residuos.,P065,"{'web': 'https://ciruelacertificada.cl/recurso/guia-gestion-sustentable-de-los-residuos/', 'pdf': 'https://ciruelacertificada.cl/wp-content/uploads/2024/11/Residuos_Digital.pdf'}",000636
Ambiente,Residuos,Guía,Guía para la gestión sustentable de los residuos.,P066,"{'web': 'https://ciruelacertificada.cl/recurso/guia-gestion-sustentable-de-los-residuos/', 'pdf': 'https://ciruelacertificada.cl/wp-content/uploads/2024/11/Residuos_Digital.pdf'}",000637
Ambiente,Residuos,Guía,Guía para la gestión sustentable de los residuos.,P067,"{'web': 'https://ciruelacertificada.cl/recurso/guia-gestion-sustentable-de-los-residuos/', 'pdf': 'https://ciruelacertificada.cl/wp-content/uploads/2024/11/Residuos_Digital.pdf'}",000638
Ambiente,Residuos,Guía,Guía para la gestión sustentable de los residuos.,P068,"{'web': 'https://ciruelacertificada.cl/recurso/guia-gestion-sustentable-de-los-residuos/', 'pdf': 'https://ciruelacertificada.cl/wp-content/uploads/2024/11/Residuos_Digital.pdf'}",000639
Ambiente,Residuos,Guía,Guía para la gestión sustentable de los residuos.,P069,"{'web': 'https://ciruelacertificada.cl/recurso/guia-gestion-sustentable-de-los-residuos/', 'pdf': 'https://ciruelacertificada.cl/wp-content/uploads/2024/11/Residuos_Digital.pdf'}",000640
Ambiente,Energía,Guía,"Guía para el uso, manejo y ahorro del recurso energético ",P070,"{'web': 'https://ciruelacertificada.cl/recurso/guia-para-la-gestion-sustentable-de-la-energia/', 'pdf': 'https://ciruelacertificada.cl/wp-content/uploads/2024/11/Energia_Digital.pdf'}",000641
Ambiente,Energía,Guía,"Guía para el uso, manejo y ahorro del recurso energético ",P071,"{'web': 'https://ciruelacertificada.cl/recurso/guia-para-la-gestion-sustentable-de-la-energia/', 'pdf': 'https://ciruelacertificada.cl/wp-content/uploads/2024/11/Energia_Digital.pdf'}",000642
Ambiente,Energía,Guía,"Guía para el uso, manejo y ahorro del recurso energético ",P072,"{'web': 'https://ciruelacertificada.cl/recurso/guia-para-la-gestion-sustentable-de-la-energia/', 'pdf': 'https://ciruelacertificada.cl/wp-content/uploads/2024/11/Energia_Digital.pdf'}",000643
Ambiente,Energía,Guía,"Guía para el uso, manejo y ahorro del recurso energético ",P073,"{'web': 'https://ciruelacertificada.cl/recurso/guia-para-la-gestion-sustentable-de-la-energia/', 'pdf': 'https://ciruelacertificada.cl/wp-content/uploads/2024/11/Energia_Digital.pdf'}",000644
Ambiente,Energía,Guía,"Guía para el uso, manejo y ahorro del recurso energético ",P074,"{'web': 'https://ciruelacertificada.cl/recurso/guia-para-la-gestion-sustentable-de-la-energia/', 'pdf': 'https://ciruelacertificada.cl/wp-content/uploads/2024/11/Energia_Digital.pdf'}",000645
Ambiente,Energía,Guía,"Guía para el uso, manejo y ahorro del recurso energético ",P075,"{'web': 'https://ciruelacertificada.cl/recurso/guia-para-la-gestion-sustentable-de-la-energia/', 'pdf': 'https://ciruelacertificada.cl/wp-content/uploads/2024/11/Energia_Digital.pdf'}",000646
Ambiente,Energía,Guía,"Guía para el uso, manejo y ahorro del recurso energético ",P076,"{'web': 'https://ciruelacertificada.cl/recurso/guia-para-la-gestion-sustentable-de-la-energia/', 'pdf': 'https://ciruelacertificada.cl/wp-content/uploads/2024/11/Energia_Digital.pdf'}",000647
Ambiente,Energía,Guía,"Guía para el uso, manejo y ahorro del recurso energético ",P077,"{'web': 'https://ciruelacertificada.cl/recurso/guia-para-la-gestion-sustentable-de-la-energia/', 'pdf': 'https://ciruelacertificada.cl/wp-content/uploads/2024/11/Energia_Digital.pdf'}",000648
Ambiente,Energía,Guía,"Guía para el uso, manejo y ahorro del recurso energético ",P078,"{'web': 'https://ciruelacertificada.cl/recurso/guia-para-la-gestion-sustentable-de-la-energia/', 'pdf': 'https://ciruelacertificada.cl/wp-content/uploads/2024/11/Energia_Digital.pdf'}",000649
Ambiente,GEI,Guía,Guía para la gestión de emisiones de Gases de Efecto Invernadero,P079,"{'web': 'https://ciruelacertificada.cl/recurso/guia-para-la-gestion-de-emisiones-de-gases-efecto-invernadero-gei/', 'pdf': 'https://ciruelacertificada.cl/wp-content/uploads/2024/11/GEI_Digital.pdf'}",000650
Ambiente,GEI,Guía,Guía para la gestión de emisiones de Gases de Efecto Invernadero,P080,"{'web': 'https://ciruelacertificada.cl/recurso/guia-para-la-gestion-de-emisiones-de-gases-efecto-invernadero-gei/', 'pdf': 'https://ciruelacertificada.cl/wp-content/uploads/2024/11/GEI_Digital.pdf'}",000651
Ambiente,GEI,Guía,Guía para la gestión de emisiones de Gases de Efecto Invernadero,P081,"{'web': 'https://ciruelacertificada.cl/recurso/guia-para-la-gestion-de-emisiones-de-gases-efecto-invernadero-gei/', 'pdf': 'https://ciruelacertificada.cl/wp-content/uploads/2024/11/GEI_Digital.pdf'}",000652
Ambiente,GEI,Guía,Guía para la gestión de emisiones de Gases de Efecto Invernadero,P082,"{'web': 'https://ciruelacertificada.cl/recurso/guia-para-la-gestion-de-emisiones-de-gases-efecto-invernadero-gei/', 'pdf': 'https://ciruelacertificada.cl/wp-content/uploads/2024/11/GEI_Digital.pdf'}",000653
Ambiente,GEI,Guía,Guía para la gestión de emisiones de Gases de Efecto Invernadero,P083,"{'web': 'https://ciruelacertificada.cl/recurso/guia-para-la-gestion-de-emisiones-de-gases-efecto-invernadero-gei/', 'pdf': 'https://ciruelacertificada.cl/wp-content/uploads/2024/11/GEI_Digital.pdf'}",000654
Ambiente,GEI,Guía,Guía para la gestión de emisiones de Gases de Efecto Invernadero,P084,"{'web': 'https://ciruelacertificada.cl/recurso/guia-para-la-gestion-de-emisiones-de-gases-efecto-invernadero-gei/', 'pdf': 'https://ciruelacertificada.cl/wp-content/uploads/2024/11/GEI_Digital.pdf'}",000655
Ambiente,GEI,Guía,Guía para la gestión de emisiones de Gases de Efecto Invernadero,P085,"{'web': 'https://ciruelacertificada.cl/recurso/guia-para-la-gestion-de-emisiones-de-gases-efecto-invernadero-gei/', 'pdf': 'https://ciruelacertificada.cl/wp-content/uploads/2024/11/GEI_Digital.pdf'}",000656
Ambiente,GEI,Guía,Guía para la gestión de emisiones de Gases de Efecto Invernadero,P086,"{'web': 'https://ciruelacertificada.cl/recurso/guia-para-la-gestion-de-emisiones-de-gases-efecto-invernadero-gei/', 'pdf': 'https://ciruelacertificada.cl/wp-content/uploads/2024/11/GEI_Digital.pdf'}",000657
Calidad,Calidad,Guía,Guía para la gestión eficiente de la calidad ,P087,"{'web': 'https://ciruelacertificada.cl/recurso/guia-gestion-de-la-calidad/', 'pdf': 'http://ciruelacertificada.cl/wp-content/uploads/2025/03/Gestion-de-la-Calidad_Digital.pdf'}",000658
Calidad,Calidad,Guía,Guía para la gestión eficiente de la calidad ,P088,"{'web': 'https://ciruelacertificada.cl/recurso/guia-gestion-de-la-calidad/', 'pdf': 'http://ciruelacertificada.cl/wp-content/uploads/2025/03/Gestion-de-la-Calidad_Digital.pdf'}",000659
Calidad,Calidad,Guía,Guía para la gestión eficiente de la calidad ,P089,"{'web': 'https://ciruelacertificada.cl/recurso/guia-gestion-de-la-calidad/', 'pdf': 'http://ciruelacertificada.cl/wp-content/uploads/2025/03/Gestion-de-la-Calidad_Digital.pdf'}",000660
Calidad,Calidad,Guía,Guía para la gestión eficiente de la calidad ,P090,"{'web': 'https://ciruelacertificada.cl/recurso/guia-gestion-de-la-calidad/', 'pdf': 'http://ciruelacertificada.cl/wp-content/uploads/2025/03/Gestion-de-la-Calidad_Digital.pdf'}",000661
Calidad,Calidad,Guía,Guía para la gestión eficiente de la calidad ,P091,"{'web': 'https://ciruelacertificada.cl/recurso/guia-gestion-de-la-calidad/', 'pdf': 'http://ciruelacertificada.cl/wp-content/uploads/2025/03/Gestion-de-la-Calidad_Digital.pdf'}",000662
Calidad,Calidad,Guía,Guía para la gestión eficiente de la calidad ,P092,"{'web': 'https://ciruelacertificada.cl/recurso/guia-gestion-de-la-calidad/', 'pdf': 'http://ciruelacertificada.cl/wp-content/uploads/2025/03/Gestion-de-la-Calidad_Digital.pdf'}",000663
Calidad,Calidad,Guía,Guía para la gestión eficiente de la calidad ,P093,"{'web': 'https://ciruelacertificada.cl/recurso/guia-gestion-de-la-calidad/', 'pdf': 'http://ciruelacertificada.cl/wp-content/uploads/2025/03/Gestion-de-la-Calidad_Digital.pdf'}",000664
Calidad,Calidad,Guía,Guía para la gestión eficiente de la calidad ,P094,"{'web': 'https://ciruelacertificada.cl/recurso/guia-gestion-de-la-calidad/', 'pdf': 'http://ciruelacertificada.cl/wp-content/uploads/2025/03/Gestion-de-la-Calidad_Digital.pdf'}",000665
Calidad,Calidad,Guía,Guía para la gestión eficiente de la calidad ,P095,"{'web': 'https://ciruelacertificada.cl/recurso/guia-gestion-de-la-calidad/', 'pdf': 'http://ciruelacertificada.cl/wp-content/uploads/2025/03/Gestion-de-la-Calidad_Digital.pdf'}",000666
Calidad,Calidad,Guía,Guía para la gestión eficiente de la calidad ,P096,"{'web': 'https://ciruelacertificada.cl/recurso/guia-gestion-de-la-calidad/', 'pdf': 'http://ciruelacertificada.cl/wp-content/uploads/2025/03/Gestion-de-la-Calidad_Digital.pdf'}",000667
Calidad,Calidad,Guía,Guía para la gestión eficiente de la calidad ,P097,"{'web': 'https://ciruelacertificada.cl/recurso/guia-gestion-de-la-calidad/', 'pdf': 'http://ciruelacertificada.cl/wp-content/uploads/2025/03/Gestion-de-la-Calidad_Digital.pdf'}",000668
Calidad,Inocuidad,Guía,Guía para la gestión eficiente de la inocuidad ,P098,"{'web': 'https://ciruelacertificada.cl/recurso/guia-gestion-de-la-inocuidad/', 'pdf': 'http://ciruelacertificada.cl/wp-content/uploads/2025/03/Gestion-de-la-Inocuidad_Digital.pdf'}",000669
Calidad,Inocuidad,Guía,Guía para la gestión eficiente de la inocuidad ,P099,"{'web': 'https://ciruelacertificada.cl/recurso/guia-gestion-de-la-inocuidad/', 'pdf': 'http://ciruelacertificada.cl/wp-content/uploads/2025/03/Gestion-de-la-Inocuidad_Digital.pdf'}",000670
Calidad,Inocuidad,Guía,Guía para la gestión eficiente de la inocuidad ,P100,"{'web': 'https://ciruelacertificada.cl/recurso/guia-gestion-de-la-inocuidad/', 'pdf': 'http://ciruelacertificada.cl/wp-content/uploads/2025/03/Gestion-de-la-Inocuidad_Digital.pdf'}",000671
Calidad,Inocuidad,Guía,Guía para la gestión eficiente de la inocuidad ,P101,"{'web': 'https://ciruelacertificada.cl/recurso/guia-gestion-de-la-inocuidad/', 'pdf': 'http://ciruelacertificada.cl/wp-content/uploads/2025/03/Gestion-de-la-Inocuidad_Digital.pdf'}",000672
Calidad,Inocuidad,Guía,Guía para la gestión eficiente de la inocuidad ,P102,"{'web': 'https://ciruelacertificada.cl/recurso/guia-gestion-de-la-inocuidad/', 'pdf': 'http://ciruelacertificada.cl/wp-content/uploads/2025/03/Gestion-de-la-Inocuidad_Digital.pdf'}",000673
Gestión ,Viabilidad económica,Guía,Guía para la gestión económica,P103,"{'web': 'https://ciruelacertificada.cl/recurso/guia-gestion-economica/', 'pdf': 'http://ciruelacertificada.cl/wp-content/uploads/2025/03/Viabilidad-Economica_Digital.pdf'}",000674
Gestión ,Viabilidad económica,Guía,Guía para la gestión económica,P104,"{'web': 'https://ciruelacertificada.cl/recurso/guia-gestion-economica/', 'pdf': 'http://ciruelacertificada.cl/wp-content/uploads/2025/03/Viabilidad-Economica_Digital.pdf'}",000675
Gestión ,Viabilidad económica,Guía,Guía para la gestión económica,P105,"{'web': 'https://ciruelacertificada.cl/recurso/guia-gestion-economica/', 'pdf': 'http://ciruelacertificada.cl/wp-content/uploads/2025/03/Viabilidad-Economica_Digital.pdf'}",000676
Gestión ,Viabilidad económica,Guía,Guía para la gestión económica,P106,"{'web': 'https://ciruelacertificada.cl/recurso/guia-gestion-economica/', 'pdf': 'http://ciruelacertificada.cl/wp-content/uploads/2025/03/Viabilidad-Economica_Digital.pdf'}",000677
Gestión ,Viabilidad económica,Guía,Guía para la gestión económica,P107,"{'web': 'https://ciruelacertificada.cl/recurso/guia-gestion-economica/', 'pdf': 'http://ciruelacertificada.cl/wp-content/uploads/2025/03/Viabilidad-Economica_Digital.pdf'}",000678
Gestión ,Viabilidad económica,Guía,Guía para la gestión económica,P108,"{'web': 'https://ciruelacertificada.cl/recurso/guia-gestion-economica/', 'pdf': 'http://ciruelacertificada.cl/wp-content/uploads/2025/03/Viabilidad-Economica_Digital.pdf'}",000679
Gestión ,Viabilidad económica,Guía,Guía para la gestión económica,P109,"{'web': 'https://ciruelacertificada.cl/recurso/guia-gestion-economica/', 'pdf': 'http://ciruelacertificada.cl/wp-content/uploads/2025/03/Viabilidad-Economica_Digital.pdf'}",000680
Gestión ,Viabilidad económica,Guía,Guía para la gestión económica,P110,"{'web': 'https://ciruelacertificada.cl/recurso/guia-gestion-economica/', 'pdf': 'http://ciruelacertificada.cl/wp-content/uploads/2025/03/Viabilidad-Economica_Digital.pdf'}",000681
Gestión ,Viabilidad económica,Guía,Guía para la gestión económica,P111,"{'web': 'https://ciruelacertificada.cl/recurso/guia-gestion-economica/', 'pdf': 'http://ciruelacertificada.cl/wp-content/uploads/2025/03/Viabilidad-Economica_Digital.pdf'}",000682
Gestión ,Viabilidad económica,Guía,Guía para la gestión económica,P112,"{'web': 'https://ciruelacertificada.cl/recurso/guia-gestion-economica/', 'pdf': 'http://ciruelacertificada.cl/wp-content/uploads/2025/03/Viabilidad-Economica_Digital.pdf'}",000683
Gestión ,Viabilidad económica,Guía,Guía para la gestión económica,P113,"{'web': 'https://ciruelacertificada.cl/recurso/guia-gestion-economica/', 'pdf': 'http://ciruelacertificada.cl/wp-content/uploads/2025/03/Viabilidad-Economica_Digital.pdf'}",000684
Social,CT y PS,Guía,Guía para la gestión de las condiciones y protección social de los trabajadores,P123,"{'web': 'https://ciruelacertificada.cl/recurso/guia-condiciones-de-trabajo-y-proteccion-social/', 'pdf': 'http://ciruelacertificada.cl/wp-content/uploads/2025/03/Condiciones-Laborales_Digital.pdf'}",000685
Social,CT y PS,Guía,Guía para la gestión de las condiciones y protección social de los trabajadores,P124,"{'web': 'https://ciruelacertificada.cl/recurso/guia-condiciones-de-trabajo-y-proteccion-social/', 'pdf': 'http://ciruelacertificada.cl/wp-content/uploads/2025/03/Condiciones-Laborales_Digital.pdf'}",000686
Social,CT y PS,Guía,Guía para la gestión de las condiciones y protección social de los trabajadores,P125,"{'web': 'https://ciruelacertificada.cl/recurso/guia-condiciones-de-trabajo-y-proteccion-social/', 'pdf': 'http://ciruelacertificada.cl/wp-content/uploads/2025/03/Condiciones-Laborales_Digital.pdf'}",000687
Social,CT y PS,Guía,Guía para la gestión de las condiciones y protección social de los trabajadores,P126,"{'web': 'https://ciruelacertificada.cl/recurso/guia-condiciones-de-trabajo-y-proteccion-social/', 'pdf': 'http://ciruelacertificada.cl/wp-content/uploads/2025/03/Condiciones-Laborales_Digital.pdf'}",000688
Social,CT y PS,Guía,Guía para la gestión de las condiciones y protección social de los trabajadores,P127,"{'web': 'https://ciruelacertificada.cl/recurso/guia-condiciones-de-trabajo-y-proteccion-social/', 'pdf': 'http://ciruelacertificada.cl/wp-content/uploads/2025/03/Condiciones-Laborales_Digital.pdf'}",000689
Social,CT y PS,Guía,Guía para la gestión de las condiciones y protección social de los trabajadores,P128,"{'web': 'https://ciruelacertificada.cl/recurso/guia-condiciones-de-trabajo-y-proteccion-social/', 'pdf': 'http://ciruelacertificada.cl/wp-content/uploads/2025/03/Condiciones-Laborales_Digital.pdf'}",000690
Social,CT y PS,Guía,Guía para la gestión de las condiciones y protección social de los trabajadores,P129,"{'web': 'https://ciruelacertificada.cl/recurso/guia-condiciones-de-trabajo-y-proteccion-social/', 'pdf': 'http://ciruelacertificada.cl/wp-content/uploads/2025/03/Condiciones-Laborales_Digital.pdf'}",000691
Social,CT y PS,Guía,Guía para la gestión de las condiciones y protección social de los trabajadores,P130,"{'web': 'https://ciruelacertificada.cl/recurso/guia-condiciones-de-trabajo-y-proteccion-social/', 'pdf': 'http://ciruelacertificada.cl/wp-content/uploads/2025/03/Condiciones-Laborales_Digital.pdf'}",000692
Social,CT y PS,Guía,Guía para la gestión de las condiciones y protección social de los trabajadores,P131,"{'web': 'https://ciruelacertificada.cl/recurso/guia-condiciones-de-trabajo-y-proteccion-social/', 'pdf': 'http://ciruelacertificada.cl/wp-content/uploads/2025/03/Condiciones-Laborales_Digital.pdf'}",000693
Social,CT y PS,Guía,Guía para la gestión de las condiciones y protección social de los trabajadores,P132,"{'web': 'https://ciruelacertificada.cl/recurso/guia-condiciones-de-trabajo-y-proteccion-social/', 'pdf': 'http://ciruelacertificada.cl/wp-content/uploads/2025/03/Condiciones-Laborales_Digital.pdf'}",000694
Social,CT y PS,Guía,Guía para la gestión de las condiciones y protección social de los trabajadores,P133,"{'web': 'https://ciruelacertificada.cl/recurso/guia-condiciones-de-trabajo-y-proteccion-social/', 'pdf': 'http://ciruelacertificada.cl/wp-content/uploads/2025/03/Condiciones-Laborales_Digital.pdf'}",000695
Social,CT y PS,Guía,Guía para la gestión de las condiciones y protección social de los trabajadores,P134,"{'web': 'https://ciruelacertificada.cl/recurso/guia-condiciones-de-trabajo-y-proteccion-social/', 'pdf': 'http://ciruelacertificada.cl/wp-content/uploads/2025/03/Condiciones-Laborales_Digital.pdf'}",000696
Social,CT y PS,Guía,Guía para la gestión de las condiciones y protección social de los trabajadores,P135,"{'web': 'https://ciruelacertificada.cl/recurso/guia-condiciones-de-trabajo-y-proteccion-social/', 'pdf': 'http://ciruelacertificada.cl/wp-content/uploads/2025/03/Condiciones-Laborales_Digital.pdf'}",000697
Social,CT y PS,Guía,Guía para la gestión de las condiciones y protección social de los trabajadores,P136,"{'web': 'https://ciruelacertificada.cl/recurso/guia-condiciones-de-trabajo-y-proteccion-social/', 'pdf': 'http://ciruelacertificada.cl/wp-content/uploads/2025/03/Condiciones-Laborales_Digital.pdf'}",000698
Social,CT y PS,Guía,Guía para la gestión de las condiciones y protección social de los trabajadores,P137,"{'web': 'https://ciruelacertificada.cl/recurso/guia-condiciones-de-trabajo-y-proteccion-social/', 'pdf': 'http://ciruelacertificada.cl/wp-content/uploads/2025/03/Condiciones-Laborales_Digital.pdf'}",000699
Social,CT y PS,Guía,Guía para la gestión de las condiciones y protección social de los trabajadores,P138,"{'web': 'https://ciruelacertificada.cl/recurso/guia-condiciones-de-trabajo-y-proteccion-social/', 'pdf': 'http://ciruelacertificada.cl/wp-content/uploads/2025/03/Condiciones-Laborales_Digital.pdf'}",000700
Social,Comunidades locales,Guía,Guía para el relacionamiento comunitario ,P114,"{'web': 'https://ciruelacertificada.cl/recurso/guia-para-el-relacionamiento-comunitario/', 'pdf': 'https://ciruelacertificada.cl/wp-content/uploads/2024/11/Relacionamiento-Comunitario-Digital.pdf'}",000701
Social,Comunidades locales,Guía,Guía para el relacionamiento comunitario ,P115,"{'web': 'https://ciruelacertificada.cl/recurso/guia-para-el-relacionamiento-comunitario/', 'pdf': 'https://ciruelacertificada.cl/wp-content/uploads/2024/11/Relacionamiento-Comunitario-Digital.pdf'}",000702
Social,Comunidades locales,Guía,Guía para el relacionamiento comunitario ,P116,"{'web': 'https://ciruelacertificada.cl/recurso/guia-para-el-relacionamiento-comunitario/', 'pdf': 'https://ciruelacertificada.cl/wp-content/uploads/2024/11/Relacionamiento-Comunitario-Digital.pdf'}",000703
Social,Comunidades locales,Guía,Guía para el relacionamiento comunitario ,P117,"{'web': 'https://ciruelacertificada.cl/recurso/guia-para-el-relacionamiento-comunitario/', 'pdf': 'https://ciruelacertificada.cl/wp-content/uploads/2024/11/Relacionamiento-Comunitario-Digital.pdf'}",000704
Social,Comunidades locales,Guía,Guía para el relacionamiento comunitario ,P118,"{'web': 'https://ciruelacertificada.cl/recurso/guia-para-el-relacionamiento-comunitario/', 'pdf': 'https://ciruelacertificada.cl/wp-content/uploads/2024/11/Relacionamiento-Comunitario-Digital.pdf'}",000705
Social,Comunidades locales,Guía,Guía para el relacionamiento comunitario ,P119,"{'web': 'https://ciruelacertificada.cl/recurso/guia-para-el-relacionamiento-comunitario/', 'pdf': 'https://ciruelacertificada.cl/wp-content/uploads/2024/11/Relacionamiento-Comunitario-Digital.pdf'}",000706
Social,Comunidades locales,Guía,Guía para el relacionamiento comunitario ,P120,"{'web': 'https://ciruelacertificada.cl/recurso/guia-para-el-relacionamiento-comunitario/', 'pdf': 'https://ciruelacertificada.cl/wp-content/uploads/2024/11/Relacionamiento-Comunitario-Digital.pdf'}",000707
Social,Comunidades locales,Guía,Guía para el relacionamiento comunitario ,P121,"{'web': 'https://ciruelacertificada.cl/recurso/guia-para-el-relacionamiento-comunitario/', 'pdf': 'https://ciruelacertificada.cl/wp-content/uploads/2024/11/Relacionamiento-Comunitario-Digital.pdf'}",000708
Social,Comunidades locales,Guía,Guía para el relacionamiento comunitario ,P122,"{'web': 'https://ciruelacertificada.cl/recurso/guia-para-el-relacionamiento-comunitario/', 'pdf': 'https://ciruelacertificada.cl/wp-content/uploads/2024/11/Relacionamiento-Comunitario-Digital.pdf'}",000709
Ética,Debida diligencia,Guía,Guía para la gestión de la debida diligencia de la legislación.,P139,"{'web': 'https://ciruelacertificada.cl/recurso/guia-debida-diligencia-de-la-legislacion/', 'pdf': 'http://ciruelacertificada.cl/wp-content/uploads/2025/03/Debida-Diligencia_Digital.pdf'}",000710
Ética,Debida diligencia,Guía,Guía para la gestión de la debida diligencia de la legislación.,P140,"{'web': 'https://ciruelacertificada.cl/recurso/guia-debida-diligencia-de-la-legislacion/', 'pdf': 'http://ciruelacertificada.cl/wp-content/uploads/2025/03/Debida-Diligencia_Digital.pdf'}",000711
Ética,Debida diligencia,Guía,Guía para la gestión de la debida diligencia de la legislación.,P141,"{'web': 'https://ciruelacertificada.cl/recurso/guia-debida-diligencia-de-la-legislacion/', 'pdf': 'http://ciruelacertificada.cl/wp-content/uploads/2025/03/Debida-Diligencia_Digital.pdf'}",000712
Ética,Debida diligencia,Guía,Guía para la gestión de la debida diligencia de la legislación.,P142,"{'web': 'https://ciruelacertificada.cl/recurso/guia-debida-diligencia-de-la-legislacion/', 'pdf': 'http://ciruelacertificada.cl/wp-content/uploads/2025/03/Debida-Diligencia_Digital.pdf'}",000713
Ética,Debida diligencia,Guía,Guía para la gestión de la debida diligencia de la legislación.,P143,"{'web': 'https://ciruelacertificada.cl/recurso/guia-debida-diligencia-de-la-legislacion/', 'pdf': 'http://ciruelacertificada.cl/wp-content/uploads/2025/03/Debida-Diligencia_Digital.pdf'}",000714
Ética,Debida diligencia,Guía,Guía para la gestión de la debida diligencia de la legislación.,P144,"{'web': 'https://ciruelacertificada.cl/recurso/guia-debida-diligencia-de-la-legislacion/', 'pdf': 'http://ciruelacertificada.cl/wp-content/uploads/2025/03/Debida-Diligencia_Digital.pdf'}",000715
Ética,Debida diligencia,Guía,Guía para la gestión de la debida diligencia de la legislación.,P145,"{'web': 'https://ciruelacertificada.cl/recurso/guia-debida-diligencia-de-la-legislacion/', 'pdf': 'http://ciruelacertificada.cl/wp-content/uploads/2025/03/Debida-Diligencia_Digital.pdf'}",000716
Ambiente,Agua,Curso,Curso: Agua,P001,"{'web': 'https://ciruelacertificada.cl/recurso/curso-gestion-sustentable-del-agua/', 'curso': 'https://www.chileagricola.cl/courses/82151-2/'}",000717
Ambiente,Agua,Curso,Curso: Agua,P002,"{'web': 'https://ciruelacertificada.cl/recurso/curso-gestion-sustentable-del-agua/', 'curso': 'https://www.chileagricola.cl/courses/82151-2/'}",000718
Ambiente,Agua,Curso,Curso: Agua,P003,"{'web': 'https://ciruelacertificada.cl/recurso/curso-gestion-sustentable-del-agua/', 'curso': 'https://www.chileagricola.cl/courses/82151-2/'}",000719
Ambiente,Agua,Curso,Curso: Agua,P004,"{'web': 'https://ciruelacertificada.cl/recurso/curso-gestion-sustentable-del-agua/', 'curso': 'https://www.chileagricola.cl/courses/82151-2/'}",000720
Ambiente,Agua,Curso,Curso: Agua,P005,"{'web': 'https://ciruelacertificada.cl/recurso/curso-gestion-sustentable-del-agua/', 'curso': 'https://www.chileagricola.cl/courses/82151-2/'}",000721
Ambiente,Agua,Curso,Curso: Agua,P006,"{'web': 'https://ciruelacertificada.cl/recurso/curso-gestion-sustentable-del-agua/', 'curso': 'https://www.chileagricola.cl/courses/82151-2/'}",000722
Ambiente,Agua,Curso,Curso: Agua,P007,"{'web': 'https://ciruelacertificada.cl/recurso/curso-gestion-sustentable-del-agua/', 'curso': 'https://www.chileagricola.cl/courses/82151-2/'}",000723
Ambiente,Agua,Curso,Curso: Agua,P008,"{'web': 'https://ciruelacertificada.cl/recurso/curso-gestion-sustentable-del-agua/', 'curso': 'https://www.chileagricola.cl/courses/82151-2/'}",000724
Ambiente,Agua,Curso,Curso: Agua,P009,"{'web': 'https://ciruelacertificada.cl/recurso/curso-gestion-sustentable-del-agua/', 'curso': 'https://www.chileagricola.cl/courses/82151-2/'}",000725
Ambiente,Agua,Curso,Curso: Agua,P010,"{'web': 'https://ciruelacertificada.cl/recurso/curso-gestion-sustentable-del-agua/', 'curso': 'https://www.chileagricola.cl/courses/82151-2/'}",000726
Ambiente,Agua,Curso,Curso: Agua,P011,"{'web': 'https://ciruelacertificada.cl/recurso/curso-gestion-sustentable-del-agua/', 'curso': 'https://www.chileagricola.cl/courses/82151-2/'}",000727
Ambiente,Agua,Curso,Curso: Agua,P012,"{'web': 'https://ciruelacertificada.cl/recurso/curso-gestion-sustentable-del-agua/', 'curso': 'https://www.chileagricola.cl/courses/82151-2/'}",000728
Ambiente,Agua,Curso,Curso: Agua,P013,"{'web': 'https://ciruelacertificada.cl/recurso/curso-gestion-sustentable-del-agua/', 'curso': 'https://www.chileagricola.cl/courses/82151-2/'}",000729
Ambiente,Agua,Curso,Curso: Agua,P014,"{'web': 'https://ciruelacertificada.cl/recurso/curso-gestion-sustentable-del-agua/', 'curso': 'https://www.chileagricola.cl/courses/82151-2/'}",000730
Ambiente,Agua,Curso,Curso: Agua,P015,"{'web': 'https://ciruelacertificada.cl/recurso/curso-gestion-sustentable-del-agua/', 'curso': 'https://www.chileagricola.cl/courses/82151-2/'}",000731
Ambiente,Agua,Curso,Curso: Agua,P016,"{'web': 'https://ciruelacertificada.cl/recurso/curso-gestion-sustentable-del-agua/', 'curso': 'https://www.chileagricola.cl/courses/82151-2/'}",000732
Ambiente,Agua,Curso,Curso: Agua,P017,"{'web': 'https://ciruelacertificada.cl/recurso/curso-gestion-sustentable-del-agua/', 'curso': 'https://www.chileagricola.cl/courses/82151-2/'}",000733
Ambiente,Agua,Curso,Curso: Agua,P018,"{'web': 'https://ciruelacertificada.cl/recurso/curso-gestion-sustentable-del-agua/', 'curso': 'https://www.chileagricola.cl/courses/82151-2/'}",000734
Ambiente,Agua,Curso,Curso: Agua,P019,"{'web': 'https://ciruelacertificada.cl/recurso/curso-gestion-sustentable-del-agua/', 'curso': 'https://www.chileagricola.cl/courses/82151-2/'}",000735
Ambiente,Suelo,Curso,Curso: Suelo,P020,"{'web': 'https://ciruelacertificada.cl/recurso/curso-gestion-sustentable-de-suelos/', 'curso': 'https://www.chileagricola.cl/courses/estandar-sustentabilidad-industria-de-ciruelas-deshidratadas-gestion-sustentable-de-suelos/'}",000736
Ambiente,Suelo,Curso,Curso: Suelo,P021,"{'web': 'https://ciruelacertificada.cl/recurso/curso-gestion-sustentable-de-suelos/', 'curso': 'https://www.chileagricola.cl/courses/estandar-sustentabilidad-industria-de-ciruelas-deshidratadas-gestion-sustentable-de-suelos/'}",000737
Ambiente,Suelo,Curso,Curso: Suelo,P022,"{'web': 'https://ciruelacertificada.cl/recurso/curso-gestion-sustentable-de-suelos/', 'curso': 'https://www.chileagricola.cl/courses/estandar-sustentabilidad-industria-de-ciruelas-deshidratadas-gestion-sustentable-de-suelos/'}",000738
Ambiente,Suelo,Curso,Curso: Suelo,P023,"{'web': 'https://ciruelacertificada.cl/recurso/curso-gestion-sustentable-de-suelos/', 'curso': 'https://www.chileagricola.cl/courses/estandar-sustentabilidad-industria-de-ciruelas-deshidratadas-gestion-sustentable-de-suelos/'}",000739
Ambiente,Suelo,Curso,Curso: Suelo,P024,"{'web': 'https://ciruelacertificada.cl/recurso/curso-gestion-sustentable-de-suelos/', 'curso': 'https://www.chileagricola.cl/courses/estandar-sustentabilidad-industria-de-ciruelas-deshidratadas-gestion-sustentable-de-suelos/'}",000740
Ambiente,Suelo,Curso,Curso: Suelo,P025,"{'web': 'https://ciruelacertificada.cl/recurso/curso-gestion-sustentable-de-suelos/', 'curso': 'https://www.chileagricola.cl/courses/estandar-sustentabilidad-industria-de-ciruelas-deshidratadas-gestion-sustentable-de-suelos/'}",000741
Ambiente,Suelo,Curso,Curso: Suelo,P026,"{'web': 'https://ciruelacertificada.cl/recurso/curso-gestion-sustentable-de-suelos/', 'curso': 'https://www.chileagricola.cl/courses/estandar-sustentabilidad-industria-de-ciruelas-deshidratadas-gestion-sustentable-de-suelos/'}",000742
Ambiente,Suelo,Curso,Curso: Suelo,P027,"{'web': 'https://ciruelacertificada.cl/recurso/curso-gestion-sustentable-de-suelos/', 'curso': 'https://www.chileagricola.cl/courses/estandar-sustentabilidad-industria-de-ciruelas-deshidratadas-gestion-sustentable-de-suelos/'}",000743
Ambiente,Suelo,Curso,Curso: Suelo,P028,"{'web': 'https://ciruelacertificada.cl/recurso/curso-gestion-sustentable-de-suelos/', 'curso': 'https://www.chileagricola.cl/courses/estandar-sustentabilidad-industria-de-ciruelas-deshidratadas-gestion-sustentable-de-suelos/'}",000744
Ambiente,Suelo,Curso,Curso: Suelo,P029,"{'web': 'https://ciruelacertificada.cl/recurso/curso-gestion-sustentable-de-suelos/', 'curso': 'https://www.chileagricola.cl/courses/estandar-sustentabilidad-industria-de-ciruelas-deshidratadas-gestion-sustentable-de-suelos/'}",000745
Ambiente,Suelo,Curso,Curso: Suelo,P030,"{'web': 'https://ciruelacertificada.cl/recurso/curso-gestion-sustentable-de-suelos/', 'curso': 'https://www.chileagricola.cl/courses/estandar-sustentabilidad-industria-de-ciruelas-deshidratadas-gestion-sustentable-de-suelos/'}",000746
Ambiente,Suelo,Curso,Curso: Suelo,P031,"{'web': 'https://ciruelacertificada.cl/recurso/curso-gestion-sustentable-de-suelos/', 'curso': 'https://www.chileagricola.cl/courses/estandar-sustentabilidad-industria-de-ciruelas-deshidratadas-gestion-sustentable-de-suelos/'}",000747
Ambiente,Suelo,Curso,Curso: Suelo,P032,"{'web': 'https://ciruelacertificada.cl/recurso/curso-gestion-sustentable-de-suelos/', 'curso': 'https://www.chileagricola.cl/courses/estandar-sustentabilidad-industria-de-ciruelas-deshidratadas-gestion-sustentable-de-suelos/'}",000748
Ambiente,Suelo,Curso,Curso: Suelo,P033,"{'web': 'https://ciruelacertificada.cl/recurso/curso-gestion-sustentable-de-suelos/', 'curso': 'https://www.chileagricola.cl/courses/estandar-sustentabilidad-industria-de-ciruelas-deshidratadas-gestion-sustentable-de-suelos/'}",000749
Ambiente,Suelo,Curso,Curso: Suelo,P034,"{'web': 'https://ciruelacertificada.cl/recurso/curso-gestion-sustentable-de-suelos/', 'curso': 'https://www.chileagricola.cl/courses/estandar-sustentabilidad-industria-de-ciruelas-deshidratadas-gestion-sustentable-de-suelos/'}",000750
Ambiente,Suelo,Curso,Curso: Suelo,P035,"{'web': 'https://ciruelacertificada.cl/recurso/curso-gestion-sustentable-de-suelos/', 'curso': 'https://www.chileagricola.cl/courses/estandar-sustentabilidad-industria-de-ciruelas-deshidratadas-gestion-sustentable-de-suelos/'}",000751
Ambiente,Biodiversidad,Curso,Curso: Biodiversidad,P036,"{'web': 'https://ciruelacertificada.cl/recurso/curso-biodiversidad/', 'curso': 'https://www.chileagricola.cl/courses/81303/'}",000752
Ambiente,Biodiversidad,Curso,Curso: Biodiversidad,P037,"{'web': 'https://ciruelacertificada.cl/recurso/curso-biodiversidad/', 'curso': 'https://www.chileagricola.cl/courses/81303/'}",000753
Ambiente,Biodiversidad,Curso,Curso: Biodiversidad,P038,"{'web': 'https://ciruelacertificada.cl/recurso/curso-biodiversidad/', 'curso': 'https://www.chileagricola.cl/courses/81303/'}",000754
Ambiente,Biodiversidad,Curso,Curso: Biodiversidad,P039,"{'web': 'https://ciruelacertificada.cl/recurso/curso-biodiversidad/', 'curso': 'https://www.chileagricola.cl/courses/81303/'}",000755
Ambiente,Biodiversidad,Curso,Curso: Biodiversidad,P040,"{'web': 'https://ciruelacertificada.cl/recurso/curso-biodiversidad/', 'curso': 'https://www.chileagricola.cl/courses/81303/'}",000756
Ambiente,Biodiversidad,Curso,Curso: Biodiversidad,P041,"{'web': 'https://ciruelacertificada.cl/recurso/curso-biodiversidad/', 'curso': 'https://www.chileagricola.cl/courses/81303/'}",000757
Ambiente,Biodiversidad,Curso,Curso: Biodiversidad,P042,"{'web': 'https://ciruelacertificada.cl/recurso/curso-biodiversidad/', 'curso': 'https://www.chileagricola.cl/courses/81303/'}",000758
Ambiente,Biodiversidad,Curso,Curso: Biodiversidad,P043,"{'web': 'https://ciruelacertificada.cl/recurso/curso-biodiversidad/', 'curso': 'https://www.chileagricola.cl/courses/81303/'}",000759
Ambiente,Biodiversidad,Curso,Curso: Biodiversidad,P044,"{'web': 'https://ciruelacertificada.cl/recurso/curso-biodiversidad/', 'curso': 'https://www.chileagricola.cl/courses/81303/'}",000760
Ambiente,Biodiversidad,Curso,Curso: Biodiversidad,P045,"{'web': 'https://ciruelacertificada.cl/recurso/curso-biodiversidad/', 'curso': 'https://www.chileagricola.cl/courses/81303/'}",000761
Ambiente,Biodiversidad,Curso,Curso: Biodiversidad,P046,"{'web': 'https://ciruelacertificada.cl/recurso/curso-biodiversidad/', 'curso': 'https://www.chileagricola.cl/courses/81303/'}",000762
Ambiente,Insumos,Curso,Curso: Insumos,P047,"{'web': 'https://ciruelacertificada.cl/recurso/curso-gestion-sustentable-de-insumos/', 'curso': 'https://www.chileagricola.cl/courses/81303-2-3/'}",000763
Ambiente,Insumos,Curso,Curso: Insumos,P048,"{'web': 'https://ciruelacertificada.cl/recurso/curso-gestion-sustentable-de-insumos/', 'curso': 'https://www.chileagricola.cl/courses/81303-2-3/'}",000764
Ambiente,Insumos,Curso,Curso: Insumos,P049,"{'web': 'https://ciruelacertificada.cl/recurso/curso-gestion-sustentable-de-insumos/', 'curso': 'https://www.chileagricola.cl/courses/81303-2-3/'}",000765
Ambiente,Insumos,Curso,Curso: Insumos,P050,"{'web': 'https://ciruelacertificada.cl/recurso/curso-gestion-sustentable-de-insumos/', 'curso': 'https://www.chileagricola.cl/courses/81303-2-3/'}",000766
Ambiente,Insumos,Curso,Curso: Insumos,P051,"{'web': 'https://ciruelacertificada.cl/recurso/curso-gestion-sustentable-de-insumos/', 'curso': 'https://www.chileagricola.cl/courses/81303-2-3/'}",000767
Ambiente,Insumos,Curso,Curso: Insumos,P052,"{'web': 'https://ciruelacertificada.cl/recurso/curso-gestion-sustentable-de-insumos/', 'curso': 'https://www.chileagricola.cl/courses/81303-2-3/'}",000768
Ambiente,Insumos,Curso,Curso: Insumos,P053,"{'web': 'https://ciruelacertificada.cl/recurso/curso-gestion-sustentable-de-insumos/', 'curso': 'https://www.chileagricola.cl/courses/81303-2-3/'}",000769
Ambiente,Insumos,Curso,Curso: Insumos,P054,"{'web': 'https://ciruelacertificada.cl/recurso/curso-gestion-sustentable-de-insumos/', 'curso': 'https://www.chileagricola.cl/courses/81303-2-3/'}",000770
Ambiente,Insumos,Curso,Curso: Insumos,P055,"{'web': 'https://ciruelacertificada.cl/recurso/curso-gestion-sustentable-de-insumos/', 'curso': 'https://www.chileagricola.cl/courses/81303-2-3/'}",000771
Ambiente,Insumos,Curso,Curso: Insumos,P056,"{'web': 'https://ciruelacertificada.cl/recurso/curso-gestion-sustentable-de-insumos/', 'curso': 'https://www.chileagricola.cl/courses/81303-2-3/'}",000772
Ambiente,Insumos,Curso,Curso: Insumos,P057,"{'web': 'https://ciruelacertificada.cl/recurso/curso-gestion-sustentable-de-insumos/', 'curso': 'https://www.chileagricola.cl/courses/81303-2-3/'}",000773
Ambiente,Residuos,Curso,Curso: Residuos,P058,"{'web': 'https://ciruelacertificada.cl/recurso/curso-gestion-sustentable-de-residuos/', 'curso': 'https://www.chileagricola.cl/courses/81303-2-2/'}",000774
Ambiente,Residuos,Curso,Curso: Residuos,P059,"{'web': 'https://ciruelacertificada.cl/recurso/curso-gestion-sustentable-de-residuos/', 'curso': 'https://www.chileagricola.cl/courses/81303-2-2/'}",000775
Ambiente,Residuos,Curso,Curso: Residuos,P060,"{'web': 'https://ciruelacertificada.cl/recurso/curso-gestion-sustentable-de-residuos/', 'curso': 'https://www.chileagricola.cl/courses/81303-2-2/'}",000776
Ambiente,Residuos,Curso,Curso: Residuos,P061,"{'web': 'https://ciruelacertificada.cl/recurso/curso-gestion-sustentable-de-residuos/', 'curso': 'https://www.chileagricola.cl/courses/81303-2-2/'}",000777
Ambiente,Residuos,Curso,Curso: Residuos,P062,"{'web': 'https://ciruelacertificada.cl/recurso/curso-gestion-sustentable-de-residuos/', 'curso': 'https://www.chileagricola.cl/courses/81303-2-2/'}",000778
Ambiente,Residuos,Curso,Curso: Residuos,P063,"{'web': 'https://ciruelacertificada.cl/recurso/curso-gestion-sustentable-de-residuos/', 'curso': 'https://www.chileagricola.cl/courses/81303-2-2/'}",000779
Ambiente,Residuos,Curso,Curso: Residuos,P064,"{'web': 'https://ciruelacertificada.cl/recurso/curso-gestion-sustentable-de-residuos/', 'curso': 'https://www.chileagricola.cl/courses/81303-2-2/'}",000780
Ambiente,Residuos,Curso,Curso: Residuos,P065,"{'web': 'https://ciruelacertificada.cl/recurso/curso-gestion-sustentable-de-residuos/', 'curso': 'https://www.chileagricola.cl/courses/81303-2-2/'}",000781
Ambiente,Residuos,Curso,Curso: Residuos,P066,"{'web': 'https://ciruelacertificada.cl/recurso/curso-gestion-sustentable-de-residuos/', 'curso': 'https://www.chileagricola.cl/courses/81303-2-2/'}",000782
Ambiente,Residuos,Curso,Curso: Residuos,P067,"{'web': 'https://ciruelacertificada.cl/recurso/curso-gestion-sustentable-de-residuos/', 'curso': 'https://www.chileagricola.cl/courses/81303-2-2/'}",000783
Ambiente,Residuos,Curso,Curso: Residuos,P068,"{'web': 'https://ciruelacertificada.cl/recurso/curso-gestion-sustentable-de-residuos/', 'curso': 'https://www.chileagricola.cl/courses/81303-2-2/'}",000784
Ambiente,Residuos,Curso,Curso: Residuos,P069,"{'web': 'https://ciruelacertificada.cl/recurso/curso-gestion-sustentable-de-residuos/', 'curso': 'https://www.chileagricola.cl/courses/81303-2-2/'}",000785
Ambiente,Energía,Curso,Curso: Energía,P070,"{'web': 'https://ciruelacertificada.cl/recurso/curso-gestion-de-energia-y-eficiencia-energetica/', 'curso': 'https://www.chileagricola.cl/courses/82151/'}",000786
Ambiente,Energía,Curso,Curso: Energía,P071,"{'web': 'https://ciruelacertificada.cl/recurso/curso-gestion-de-energia-y-eficiencia-energetica/', 'curso': 'https://www.chileagricola.cl/courses/82151/'}",000787
Ambiente,Energía,Curso,Curso: Energía,P072,"{'web': 'https://ciruelacertificada.cl/recurso/curso-gestion-de-energia-y-eficiencia-energetica/', 'curso': 'https://www.chileagricola.cl/courses/82151/'}",000788
Ambiente,Energía,Curso,Curso: Energía,P073,"{'web': 'https://ciruelacertificada.cl/recurso/curso-gestion-de-energia-y-eficiencia-energetica/', 'curso': 'https://www.chileagricola.cl/courses/82151/'}",000789
Ambiente,Energía,Curso,Curso: Energía,P074,"{'web': 'https://ciruelacertificada.cl/recurso/curso-gestion-de-energia-y-eficiencia-energetica/', 'curso': 'https://www.chileagricola.cl/courses/82151/'}",000790
Ambiente,Energía,Curso,Curso: Energía,P075,"{'web': 'https://ciruelacertificada.cl/recurso/curso-gestion-de-energia-y-eficiencia-energetica/', 'curso': 'https://www.chileagricola.cl/courses/82151/'}",000791
Ambiente,Energía,Curso,Curso: Energía,P076,"{'web': 'https://ciruelacertificada.cl/recurso/curso-gestion-de-energia-y-eficiencia-energetica/', 'curso': 'https://www.chileagricola.cl/courses/82151/'}",000792
Ambiente,Energía,Curso,Curso: Energía,P077,"{'web': 'https://ciruelacertificada.cl/recurso/curso-gestion-de-energia-y-eficiencia-energetica/', 'curso': 'https://www.chileagricola.cl/courses/82151/'}",000793
Ambiente,Energía,Curso,Curso: Energía,P078,"{'web': 'https://ciruelacertificada.cl/recurso/curso-gestion-de-energia-y-eficiencia-energetica/', 'curso': 'https://www.chileagricola.cl/courses/82151/'}",000794
Ambiente,GEI,Curso,Curso: GEI,P079,"{'web': 'https://ciruelacertificada.cl/recurso/curso-gei-y-cambio-climatico/', 'curso': 'https://www.chileagricola.cl/courses/81303-2/'}",000795
Ambiente,GEI,Curso,Curso: GEI,P080,"{'web': 'https://ciruelacertificada.cl/recurso/curso-gei-y-cambio-climatico/', 'curso': 'https://www.chileagricola.cl/courses/81303-2/'}",000796
Ambiente,GEI,Curso,Curso: GEI,P081,"{'web': 'https://ciruelacertificada.cl/recurso/curso-gei-y-cambio-climatico/', 'curso': 'https://www.chileagricola.cl/courses/81303-2/'}",000797
Ambiente,GEI,Curso,Curso: GEI,P082,"{'web': 'https://ciruelacertificada.cl/recurso/curso-gei-y-cambio-climatico/', 'curso': 'https://www.chileagricola.cl/courses/81303-2/'}",000798
Ambiente,GEI,Curso,Curso: GEI,P083,"{'web': 'https://ciruelacertificada.cl/recurso/curso-gei-y-cambio-climatico/', 'curso': 'https://www.chileagricola.cl/courses/81303-2/'}",000799
Ambiente,GEI,Curso,Curso: GEI,P084,"{'web': 'https://ciruelacertificada.cl/recurso/curso-gei-y-cambio-climatico/', 'curso': 'https://www.chileagricola.cl/courses/81303-2/'}",000800
Ambiente,GEI,Curso,Curso: GEI,P085,"{'web': 'https://ciruelacertificada.cl/recurso/curso-gei-y-cambio-climatico/', 'curso': 'https://www.chileagricola.cl/courses/81303-2/'}",000801
Ambiente,GEI,Curso,Curso: GEI,P086,"{'web': 'https://ciruelacertificada.cl/recurso/curso-gei-y-cambio-climatico/', 'curso': 'https://www.chileagricola.cl/courses/81303-2/'}",000802
Calidad,Calidad,Curso,Curso: Calidad,P087,"{'web': 'https://ciruelacertificada.cl/recurso/curso-gestion-de-la-calidad/', 'curso': 'https://www.chileagricola.cl/courses/81303-2-3-2/'}",000803
Calidad,Calidad,Curso,Curso: Calidad,P088,"{'web': 'https://ciruelacertificada.cl/recurso/curso-gestion-de-la-calidad/', 'curso': 'https://www.chileagricola.cl/courses/81303-2-3-2/'}",000804
Calidad,Calidad,Curso,Curso: Calidad,P089,"{'web': 'https://ciruelacertificada.cl/recurso/curso-gestion-de-la-calidad/', 'curso': 'https://www.chileagricola.cl/courses/81303-2-3-2/'}",000805
Calidad,Calidad,Curso,Curso: Calidad,P090,"{'web': 'https://ciruelacertificada.cl/recurso/curso-gestion-de-la-calidad/', 'curso': 'https://www.chileagricola.cl/courses/81303-2-3-2/'}",000806
Calidad,Calidad,Curso,Curso: Calidad,P091,"{'web': 'https://ciruelacertificada.cl/recurso/curso-gestion-de-la-calidad/', 'curso': 'https://www.chileagricola.cl/courses/81303-2-3-2/'}",000807
Calidad,Calidad,Curso,Curso: Calidad,P092,"{'web': 'https://ciruelacertificada.cl/recurso/curso-gestion-de-la-calidad/', 'curso': 'https://www.chileagricola.cl/courses/81303-2-3-2/'}",000808
Calidad,Calidad,Curso,Curso: Calidad,P093,"{'web': 'https://ciruelacertificada.cl/recurso/curso-gestion-de-la-calidad/', 'curso': 'https://www.chileagricola.cl/courses/81303-2-3-2/'}",000809
Calidad,Calidad,Curso,Curso: Calidad,P094,"{'web': 'https://ciruelacertificada.cl/recurso/curso-gestion-de-la-calidad/', 'curso': 'https://www.chileagricola.cl/courses/81303-2-3-2/'}",000810
Calidad,Calidad,Curso,Curso: Calidad,P095,"{'web': 'https://ciruelacertificada.cl/recurso/curso-gestion-de-la-calidad/', 'curso': 'https://www.chileagricola.cl/courses/81303-2-3-2/'}",000811
Calidad,Calidad,Curso,Curso: Calidad,P096,"{'web': 'https://ciruelacertificada.cl/recurso/curso-gestion-de-la-calidad/', 'curso': 'https://www.chileagricola.cl/courses/81303-2-3-2/'}",000812
Calidad,Calidad,Curso,Curso: Calidad,P097,"{'web': 'https://ciruelacertificada.cl/recurso/curso-gestion-de-la-calidad/', 'curso': 'https://www.chileagricola.cl/courses/81303-2-3-2/'}",000813
Calidad,Inocuidad,Curso,Curso: Inocuidad,P098,"{'web': 'https://ciruelacertificada.cl/recurso/curso-gestion-de-la-inocuidad-alimentaria/', 'curso': 'https://www.chileagricola.cl/courses/81303-2-3-2-2/'}",000814
Calidad,Inocuidad,Curso,Curso: Inocuidad,P099,"{'web': 'https://ciruelacertificada.cl/recurso/curso-gestion-de-la-inocuidad-alimentaria/', 'curso': 'https://www.chileagricola.cl/courses/81303-2-3-2-2/'}",000815
Calidad,Inocuidad,Curso,Curso: Inocuidad,P100,"{'web': 'https://ciruelacertificada.cl/recurso/curso-gestion-de-la-inocuidad-alimentaria/', 'curso': 'https://www.chileagricola.cl/courses/81303-2-3-2-2/'}",000816
Calidad,Inocuidad,Curso,Curso: Inocuidad,P101,"{'web': 'https://ciruelacertificada.cl/recurso/curso-gestion-de-la-inocuidad-alimentaria/', 'curso': 'https://www.chileagricola.cl/courses/81303-2-3-2-2/'}",000817
Calidad,Inocuidad,Curso,Curso: Inocuidad,P102,"{'web': 'https://ciruelacertificada.cl/recurso/curso-gestion-de-la-inocuidad-alimentaria/', 'curso': 'https://www.chileagricola.cl/courses/81303-2-3-2-2/'}",000818
Gestión ,Viabilidad económica,Curso,Curso: Viabilidad económica,P103,"{'web': 'https://ciruelacertificada.cl/recurso/curso-viabilidad-economica/', 'curso': 'https://www.chileagricola.cl/courses/estandar-sustentabilidad-industria-de-ciruelas-deshidratadas-viabilidad-economica/'}",000819
Gestión ,Viabilidad económica,Curso,Curso: Viabilidad económica,P104,"{'web': 'https://ciruelacertificada.cl/recurso/curso-viabilidad-economica/', 'curso': 'https://www.chileagricola.cl/courses/estandar-sustentabilidad-industria-de-ciruelas-deshidratadas-viabilidad-economica/'}",000820
Gestión ,Viabilidad económica,Curso,Curso: Viabilidad económica,P105,"{'web': 'https://ciruelacertificada.cl/recurso/curso-viabilidad-economica/', 'curso': 'https://www.chileagricola.cl/courses/estandar-sustentabilidad-industria-de-ciruelas-deshidratadas-viabilidad-economica/'}",000821
Gestión ,Viabilidad económica,Curso,Curso: Viabilidad económica,P106,"{'web': 'https://ciruelacertificada.cl/recurso/curso-viabilidad-economica/', 'curso': 'https://www.chileagricola.cl/courses/estandar-sustentabilidad-industria-de-ciruelas-deshidratadas-viabilidad-economica/'}",000822
Gestión ,Viabilidad económica,Curso,Curso: Viabilidad económica,P107,"{'web': 'https://ciruelacertificada.cl/recurso/curso-viabilidad-economica/', 'curso': 'https://www.chileagricola.cl/courses/estandar-sustentabilidad-industria-de-ciruelas-deshidratadas-viabilidad-economica/'}",000823
Gestión ,Viabilidad económica,Curso,Curso: Viabilidad económica,P108,"{'web': 'https://ciruelacertificada.cl/recurso/curso-viabilidad-economica/', 'curso': 'https://www.chileagricola.cl/courses/estandar-sustentabilidad-industria-de-ciruelas-deshidratadas-viabilidad-economica/'}",000824
Gestión ,Viabilidad económica,Curso,Curso: Viabilidad económica,P109,"{'web': 'https://ciruelacertificada.cl/recurso/curso-viabilidad-economica/', 'curso': 'https://www.chileagricola.cl/courses/estandar-sustentabilidad-industria-de-ciruelas-deshidratadas-viabilidad-economica/'}",000825
Gestión ,Viabilidad económica,Curso,Curso: Viabilidad económica,P110,"{'web': 'https://ciruelacertificada.cl/recurso/curso-viabilidad-economica/', 'curso': 'https://www.chileagricola.cl/courses/estandar-sustentabilidad-industria-de-ciruelas-deshidratadas-viabilidad-economica/'}",000826
Gestión ,Viabilidad económica,Curso,Curso: Viabilidad económica,P111,"{'web': 'https://ciruelacertificada.cl/recurso/curso-viabilidad-economica/', 'curso': 'https://www.chileagricola.cl/courses/estandar-sustentabilidad-industria-de-ciruelas-deshidratadas-viabilidad-economica/'}",000827
Gestión ,Viabilidad económica,Curso,Curso: Viabilidad económica,P112,"{'web': 'https://ciruelacertificada.cl/recurso/curso-viabilidad-economica/', 'curso': 'https://www.chileagricola.cl/courses/estandar-sustentabilidad-industria-de-ciruelas-deshidratadas-viabilidad-economica/'}",000828
Gestión ,Viabilidad económica,Curso,Curso: Viabilidad económica,P113,"{'web': 'https://ciruelacertificada.cl/recurso/curso-viabilidad-economica/', 'curso': 'https://www.chileagricola.cl/courses/estandar-sustentabilidad-industria-de-ciruelas-deshidratadas-viabilidad-economica/'}",000829
Social,CT y PS,Curso,Curso: Condiciones de trabajo y protección social,P123,"{'web': 'https://ciruelacertificada.cl/recurso/curso-condiciones-laborales-y-proteccion-social/', 'curso': 'https://www.chileagricola.cl/courses/82151-2-3/'}",000830
Social,CT y PS,Curso,Curso: Condiciones de trabajo y protección social,P124,"{'web': 'https://ciruelacertificada.cl/recurso/curso-condiciones-laborales-y-proteccion-social/', 'curso': 'https://www.chileagricola.cl/courses/82151-2-3/'}",000831
Social,CT y PS,Curso,Curso: Condiciones de trabajo y protección social,P125,"{'web': 'https://ciruelacertificada.cl/recurso/curso-condiciones-laborales-y-proteccion-social/', 'curso': 'https://www.chileagricola.cl/courses/82151-2-3/'}",000832
Social,CT y PS,Curso,Curso: Condiciones de trabajo y protección social,P126,"{'web': 'https://ciruelacertificada.cl/recurso/curso-condiciones-laborales-y-proteccion-social/', 'curso': 'https://www.chileagricola.cl/courses/82151-2-3/'}",000833
Social,CT y PS,Curso,Curso: Condiciones de trabajo y protección social,P127,"{'web': 'https://ciruelacertificada.cl/recurso/curso-condiciones-laborales-y-proteccion-social/', 'curso': 'https://www.chileagricola.cl/courses/82151-2-3/'}",000834
Social,CT y PS,Curso,Curso: Condiciones de trabajo y protección social,P128,"{'web': 'https://ciruelacertificada.cl/recurso/curso-condiciones-laborales-y-proteccion-social/', 'curso': 'https://www.chileagricola.cl/courses/82151-2-3/'}",000835
Social,CT y PS,Curso,Curso: Condiciones de trabajo y protección social,P129,"{'web': 'https://ciruelacertificada.cl/recurso/curso-condiciones-laborales-y-proteccion-social/', 'curso': 'https://www.chileagricola.cl/courses/82151-2-3/'}",000836
Social,CT y PS,Curso,Curso: Condiciones de trabajo y protección social,P130,"{'web': 'https://ciruelacertificada.cl/recurso/curso-condiciones-laborales-y-proteccion-social/', 'curso': 'https://www.chileagricola.cl/courses/82151-2-3/'}",000837
Social,CT y PS,Curso,Curso: Condiciones de trabajo y protección social,P131,"{'web': 'https://ciruelacertificada.cl/recurso/curso-condiciones-laborales-y-proteccion-social/', 'curso': 'https://www.chileagricola.cl/courses/82151-2-3/'}",000838
Social,CT y PS,Curso,Curso: Condiciones de trabajo y protección social,P132,"{'web': 'https://ciruelacertificada.cl/recurso/curso-condiciones-laborales-y-proteccion-social/', 'curso': 'https://www.chileagricola.cl/courses/82151-2-3/'}",000839
Social,CT y PS,Curso,Curso: Condiciones de trabajo y protección social,P133,"{'web': 'https://ciruelacertificada.cl/recurso/curso-condiciones-laborales-y-proteccion-social/', 'curso': 'https://www.chileagricola.cl/courses/82151-2-3/'}",000840
Social,CT y PS,Curso,Curso: Condiciones de trabajo y protección social,P134,"{'web': 'https://ciruelacertificada.cl/recurso/curso-condiciones-laborales-y-proteccion-social/', 'curso': 'https://www.chileagricola.cl/courses/82151-2-3/'}",000841
Social,CT y PS,Curso,Curso: Condiciones de trabajo y protección social,P135,"{'web': 'https://ciruelacertificada.cl/recurso/curso-condiciones-laborales-y-proteccion-social/', 'curso': 'https://www.chileagricola.cl/courses/82151-2-3/'}",000842
Social,CT y PS,Curso,Curso: Condiciones de trabajo y protección social,P136,"{'web': 'https://ciruelacertificada.cl/recurso/curso-condiciones-laborales-y-proteccion-social/', 'curso': 'https://www.chileagricola.cl/courses/82151-2-3/'}",000843
Social,CT y PS,Curso,Curso: Condiciones de trabajo y protección social,P137,"{'web': 'https://ciruelacertificada.cl/recurso/curso-condiciones-laborales-y-proteccion-social/', 'curso': 'https://www.chileagricola.cl/courses/82151-2-3/'}",000844
Social,CT y PS,Curso,Curso: Condiciones de trabajo y protección social,P138,"{'web': 'https://ciruelacertificada.cl/recurso/curso-condiciones-laborales-y-proteccion-social/', 'curso': 'https://www.chileagricola.cl/courses/82151-2-3/'}",000845
Social,Comunidades locales,Curso,Curso: Comunidades locales,P114,"{'web': 'https://ciruelacertificada.cl/recurso/curso-relacion-con-las-comunidades/', 'curso': 'https://www.chileagricola.cl/courses/estandar-sustentabilidad-industria-de-ciruelas-deshidratadas-comunidades-locales-parte-1/'}",000846
Social,Comunidades locales,Curso,Curso: Comunidades locales,P115,"{'web': 'https://ciruelacertificada.cl/recurso/curso-relacion-con-las-comunidades/', 'curso': 'https://www.chileagricola.cl/courses/estandar-sustentabilidad-industria-de-ciruelas-deshidratadas-comunidades-locales-parte-1/'}",000847
Social,Comunidades locales,Curso,Curso: Comunidades locales,P116,"{'web': 'https://ciruelacertificada.cl/recurso/curso-relacion-con-las-comunidades/', 'curso': 'https://www.chileagricola.cl/courses/estandar-sustentabilidad-industria-de-ciruelas-deshidratadas-comunidades-locales-parte-1/'}",000848
Social,Comunidades locales,Curso,Curso: Comunidades locales,P117,"{'web': 'https://ciruelacertificada.cl/recurso/curso-relacion-con-las-comunidades/', 'curso': 'https://www.chileagricola.cl/courses/estandar-sustentabilidad-industria-de-ciruelas-deshidratadas-comunidades-locales-parte-1/'}",000849
Social,Comunidades locales,Curso,Curso: Comunidades locales,P118,"{'web': 'https://ciruelacertificada.cl/recurso/curso-relacion-con-las-comunidades/', 'curso': 'https://www.chileagricola.cl/courses/estandar-sustentabilidad-industria-de-ciruelas-deshidratadas-comunidades-locales-parte-1/'}",000850
Social,Comunidades locales,Curso,Curso: Comunidades locales,P119,"{'web': 'https://ciruelacertificada.cl/recurso/curso-relacion-con-las-comunidades/', 'curso': 'https://www.chileagricola.cl/courses/estandar-sustentabilidad-industria-de-ciruelas-deshidratadas-comunidades-locales-parte-1/'}",000851
Social,Comunidades locales,Curso,Curso: Comunidades locales,P120,"{'web': 'https://ciruelacertificada.cl/recurso/curso-relacion-con-las-comunidades/', 'curso': 'https://www.chileagricola.cl/courses/estandar-sustentabilidad-industria-de-ciruelas-deshidratadas-comunidades-locales-parte-1/'}",000852
Social,Comunidades locales,Curso,Curso: Comunidades locales,P121,"{'web': 'https://ciruelacertificada.cl/recurso/curso-relacion-con-las-comunidades/', 'curso': 'https://www.chileagricola.cl/courses/estandar-sustentabilidad-industria-de-ciruelas-deshidratadas-comunidades-locales-parte-1/'}",000853
Social,Comunidades locales,Curso,Curso: Comunidades locales,P122,"{'web': 'https://ciruelacertificada.cl/recurso/curso-relacion-con-las-comunidades/', 'curso': 'https://www.chileagricola.cl/courses/estandar-sustentabilidad-industria-de-ciruelas-deshidratadas-comunidades-locales-parte-1/'}",000854
Ética,Debida diligencia,Curso,Curso: Debida diligencia,P139,"{'web': 'https://ciruelacertificada.cl/recurso/curso-debida-diligencia-de-la-legislacion/', 'curso': 'https://www.chileagricola.cl/courses/82151-2-2/'}",000855
Ética,Debida diligencia,Curso,Curso: Debida diligencia,P140,"{'web': 'https://ciruelacertificada.cl/recurso/curso-debida-diligencia-de-la-legislacion/', 'curso': 'https://www.chileagricola.cl/courses/82151-2-2/'}",000856
Ética,Debida diligencia,Curso,Curso: Debida diligencia,P141,"{'web': 'https://ciruelacertificada.cl/recurso/curso-debida-diligencia-de-la-legislacion/', 'curso': 'https://www.chileagricola.cl/courses/82151-2-2/'}",000857
Ética,Debida diligencia,Curso,Curso: Debida diligencia,P142,"{'web': 'https://ciruelacertificada.cl/recurso/curso-debida-diligencia-de-la-legislacion/', 'curso': 'https://www.chileagricola.cl/courses/82151-2-2/'}",000858
Ética,Debida diligencia,Curso,Curso: Debida diligencia,P143,"{'web': 'https://ciruelacertificada.cl/recurso/curso-debida-diligencia-de-la-legislacion/', 'curso': 'https://www.chileagricola.cl/courses/82151-2-2/'}",000859
Ética,Debida diligencia,Curso,Curso: Debida diligencia,P144,"{'web': 'https://ciruelacertificada.cl/recurso/curso-debida-diligencia-de-la-legislacion/', 'curso': 'https://www.chileagricola.cl/courses/82151-2-2/'}",000860
Ética,Debida diligencia,Curso,Curso: Debida diligencia,P145,"{'web': 'https://ciruelacertificada.cl/recurso/curso-debida-diligencia-de-la-legislacion/', 'curso': 'https://www.chileagricola.cl/courses/82151-2-2/'}",000861
General,General,Estándar,Estándar de Sustentabilidad para la Industria de Ciruelas Deshidratadas. Fase de Producción Primaria,P001,"{'web': 'https://ciruelacertificada.cl/recurso/estandar-de-sustentabilidad-para-la-industria-de-ciruelas-deshidratadas-fase-de-produccion-primaria/', 'pdf': 'https://ciruelacertificada.cl/wp-content/uploads/2024/11/EstandarPP.pdf'}",000862
General,General,Estándar,Estándar de Sustentabilidad para la Industria de Ciruelas Deshidratadas. Fase de Producción Primaria,P002,"{'web': 'https://ciruelacertificada.cl/recurso/estandar-de-sustentabilidad-para-la-industria-de-ciruelas-deshidratadas-fase-de-produccion-primaria/', 'pdf': 'https://ciruelacertificada.cl/wp-content/uploads/2024/11/EstandarPP.pdf'}",000863
General,General,Estándar,Estándar de Sustentabilidad para la Industria de Ciruelas Deshidratadas. Fase de Producción Primaria,P003,"{'web': 'https://ciruelacertificada.cl/recurso/estandar-de-sustentabilidad-para-la-industria-de-ciruelas-deshidratadas-fase-de-produccion-primaria/', 'pdf': 'https://ciruelacertificada.cl/wp-content/uploads/2024/11/EstandarPP.pdf'}",000864
General,General,Estándar,Estándar de Sustentabilidad para la Industria de Ciruelas Deshidratadas. Fase de Producción Primaria,P004,"{'web': 'https://ciruelacertificada.cl/recurso/estandar-de-sustentabilidad-para-la-industria-de-ciruelas-deshidratadas-fase-de-produccion-primaria/', 'pdf': 'https://ciruelacertificada.cl/wp-content/uploads/2024/11/EstandarPP.pdf'}",000865
General,General,Estándar,Estándar de Sustentabilidad para la Industria de Ciruelas Deshidratadas. Fase de Producción Primaria,P005,"{'web': 'https://ciruelacertificada.cl/recurso/estandar-de-sustentabilidad-para-la-industria-de-ciruelas-deshidratadas-fase-de-produccion-primaria/', 'pdf': 'https://ciruelacertificada.cl/wp-content/uploads/2024/11/EstandarPP.pdf'}",000866
General,General,Estándar,Estándar de Sustentabilidad para la Industria de Ciruelas Deshidratadas. Fase de Producción Primaria,P006,"{'web': 'https://ciruelacertificada.cl/recurso/estandar-de-sustentabilidad-para-la-industria-de-ciruelas-deshidratadas-fase-de-produccion-primaria/', 'pdf': 'https://ciruelacertificada.cl/wp-content/uploads/2024/11/EstandarPP.pdf'}",000867
General,General,Estándar,Estándar de Sustentabilidad para la Industria de Ciruelas Deshidratadas. Fase de Producción Primaria,P007,"{'web': 'https://ciruelacertificada.cl/recurso/estandar-de-sustentabilidad-para-la-industria-de-ciruelas-deshidratadas-fase-de-produccion-primaria/', 'pdf': 'https://ciruelacertificada.cl/wp-content/uploads/2024/11/EstandarPP.pdf'}",000868
General,General,Estándar,Estándar de Sustentabilidad para la Industria de Ciruelas Deshidratadas. Fase de Producción Primaria,P008,"{'web': 'https://ciruelacertificada.cl/recurso/estandar-de-sustentabilidad-para-la-industria-de-ciruelas-deshidratadas-fase-de-produccion-primaria/', 'pdf': 'https://ciruelacertificada.cl/wp-content/uploads/2024/11/EstandarPP.pdf'}",000869
General,General,Estándar,Estándar de Sustentabilidad para la Industria de Ciruelas Deshidratadas. Fase de Producción Primaria,P009,"{'web': 'https://ciruelacertificada.cl/recurso/estandar-de-sustentabilidad-para-la-industria-de-ciruelas-deshidratadas-fase-de-produccion-primaria/', 'pdf': 'https://ciruelacertificada.cl/wp-content/uploads/2024/11/EstandarPP.pdf'}",000870
General,General,Estándar,Estándar de Sustentabilidad para la Industria de Ciruelas Deshidratadas. Fase de Producción Primaria,P010,"{'web': 'https://ciruelacertificada.cl/recurso/estandar-de-sustentabilidad-para-la-industria-de-ciruelas-deshidratadas-fase-de-produccion-primaria/', 'pdf': 'https://ciruelacertificada.cl/wp-content/uploads/2024/11/EstandarPP.pdf'}",000871
General,General,Estándar,Estándar de Sustentabilidad para la Industria de Ciruelas Deshidratadas. Fase de Producción Primaria,P011,"{'web': 'https://ciruelacertificada.cl/recurso/estandar-de-sustentabilidad-para-la-industria-de-ciruelas-deshidratadas-fase-de-produccion-primaria/', 'pdf': 'https://ciruelacertificada.cl/wp-content/uploads/2024/11/EstandarPP.pdf'}",000872
General,General,Estándar,Estándar de Sustentabilidad para la Industria de Ciruelas Deshidratadas. Fase de Producción Primaria,P012,"{'web': 'https://ciruelacertificada.cl/recurso/estandar-de-sustentabilidad-para-la-industria-de-ciruelas-deshidratadas-fase-de-produccion-primaria/', 'pdf': 'https://ciruelacertificada.cl/wp-content/uploads/2024/11/EstandarPP.pdf'}",000873
General,General,Estándar,Estándar de Sustentabilidad para la Industria de Ciruelas Deshidratadas. Fase de Producción Primaria,P013,"{'web': 'https://ciruelacertificada.cl/recurso/estandar-de-sustentabilidad-para-la-industria-de-ciruelas-deshidratadas-fase-de-produccion-primaria/', 'pdf': 'https://ciruelacertificada.cl/wp-content/uploads/2024/11/EstandarPP.pdf'}",000874
General,General,Estándar,Estándar de Sustentabilidad para la Industria de Ciruelas Deshidratadas. Fase de Producción Primaria,P014,"{'web': 'https://ciruelacertificada.cl/recurso/estandar-de-sustentabilidad-para-la-industria-de-ciruelas-deshidratadas-fase-de-produccion-primaria/', 'pdf': 'https://ciruelacertificada.cl/wp-content/uploads/2024/11/EstandarPP.pdf'}",000875
General,General,Estándar,Estándar de Sustentabilidad para la Industria de Ciruelas Deshidratadas. Fase de Producción Primaria,P015,"{'web': 'https://ciruelacertificada.cl/recurso/estandar-de-sustentabilidad-para-la-industria-de-ciruelas-deshidratadas-fase-de-produccion-primaria/', 'pdf': 'https://ciruelacertificada.cl/wp-content/uploads/2024/11/EstandarPP.pdf'}",000876
General,General,Estándar,Estándar de Sustentabilidad para la Industria de Ciruelas Deshidratadas. Fase de Producción Primaria,P016,"{'web': 'https://ciruelacertificada.cl/recurso/estandar-de-sustentabilidad-para-la-industria-de-ciruelas-deshidratadas-fase-de-produccion-primaria/', 'pdf': 'https://ciruelacertificada.cl/wp-content/uploads/2024/11/EstandarPP.pdf'}",000877
General,General,Estándar,Estándar de Sustentabilidad para la Industria de Ciruelas Deshidratadas. Fase de Producción Primaria,P017,"{'web': 'https://ciruelacertificada.cl/recurso/estandar-de-sustentabilidad-para-la-industria-de-ciruelas-deshidratadas-fase-de-produccion-primaria/', 'pdf': 'https://ciruelacertificada.cl/wp-content/uploads/2024/11/EstandarPP.pdf'}",000878
General,General,Estándar,Estándar de Sustentabilidad para la Industria de Ciruelas Deshidratadas. Fase de Producción Primaria,P018,"{'web': 'https://ciruelacertificada.cl/recurso/estandar-de-sustentabilidad-para-la-industria-de-ciruelas-deshidratadas-fase-de-produccion-primaria/', 'pdf': 'https://ciruelacertificada.cl/wp-content/uploads/2024/11/EstandarPP.pdf'}",000879
General,General,Estándar,Estándar de Sustentabilidad para la Industria de Ciruelas Deshidratadas. Fase de Producción Primaria,P019,"{'web': 'https://ciruelacertificada.cl/recurso/estandar-de-sustentabilidad-para-la-industria-de-ciruelas-deshidratadas-fase-de-produccion-primaria/', 'pdf': 'https://ciruelacertificada.cl/wp-content/uploads/2024/11/EstandarPP.pdf'}",000880
General,General,Estándar,Estándar de Sustentabilidad para la Industria de Ciruelas Deshidratadas. Fase de Producción Primaria,P020,"{'web': 'https://ciruelacertificada.cl/recurso/estandar-de-sustentabilidad-para-la-industria-de-ciruelas-deshidratadas-fase-de-produccion-primaria/', 'pdf': 'https://ciruelacertificada.cl/wp-content/uploads/2024/11/EstandarPP.pdf'}",000881
General,General,Estándar,Estándar de Sustentabilidad para la Industria de Ciruelas Deshidratadas. Fase de Producción Primaria,P021,"{'web': 'https://ciruelacertificada.cl/recurso/estandar-de-sustentabilidad-para-la-industria-de-ciruelas-deshidratadas-fase-de-produccion-primaria/', 'pdf': 'https://ciruelacertificada.cl/wp-content/uploads/2024/11/EstandarPP.pdf'}",000882
General,General,Estándar,Estándar de Sustentabilidad para la Industria de Ciruelas Deshidratadas. Fase de Producción Primaria,P022,"{'web': 'https://ciruelacertificada.cl/recurso/estandar-de-sustentabilidad-para-la-industria-de-ciruelas-deshidratadas-fase-de-produccion-primaria/', 'pdf': 'https://ciruelacertificada.cl/wp-content/uploads/2024/11/EstandarPP.pdf'}",000883
General,General,Estándar,Estándar de Sustentabilidad para la Industria de Ciruelas Deshidratadas. Fase de Producción Primaria,P023,"{'web': 'https://ciruelacertificada.cl/recurso/estandar-de-sustentabilidad-para-la-industria-de-ciruelas-deshidratadas-fase-de-produccion-primaria/', 'pdf': 'https://ciruelacertificada.cl/wp-content/uploads/2024/11/EstandarPP.pdf'}",000884
General,General,Estándar,Estándar de Sustentabilidad para la Industria de Ciruelas Deshidratadas. Fase de Producción Primaria,P024,"{'web': 'https://ciruelacertificada.cl/recurso/estandar-de-sustentabilidad-para-la-industria-de-ciruelas-deshidratadas-fase-de-produccion-primaria/', 'pdf': 'https://ciruelacertificada.cl/wp-content/uploads/2024/11/EstandarPP.pdf'}",000885
General,General,Estándar,Estándar de Sustentabilidad para la Industria de Ciruelas Deshidratadas. Fase de Producción Primaria,P025,"{'web': 'https://ciruelacertificada.cl/recurso/estandar-de-sustentabilidad-para-la-industria-de-ciruelas-deshidratadas-fase-de-produccion-primaria/', 'pdf': 'https://ciruelacertificada.cl/wp-content/uploads/2024/11/EstandarPP.pdf'}",000886
General,General,Estándar,Estándar de Sustentabilidad para la Industria de Ciruelas Deshidratadas. Fase de Producción Primaria,P026,"{'web': 'https://ciruelacertificada.cl/recurso/estandar-de-sustentabilidad-para-la-industria-de-ciruelas-deshidratadas-fase-de-produccion-primaria/', 'pdf': 'https://ciruelacertificada.cl/wp-content/uploads/2024/11/EstandarPP.pdf'}",000887
General,General,Estándar,Estándar de Sustentabilidad para la Industria de Ciruelas Deshidratadas. Fase de Producción Primaria,P027,"{'web': 'https://ciruelacertificada.cl/recurso/estandar-de-sustentabilidad-para-la-industria-de-ciruelas-deshidratadas-fase-de-produccion-primaria/', 'pdf': 'https://ciruelacertificada.cl/wp-content/uploads/2024/11/EstandarPP.pdf'}",000888
General,General,Estándar,Estándar de Sustentabilidad para la Industria de Ciruelas Deshidratadas. Fase de Producción Primaria,P028,"{'web': 'https://ciruelacertificada.cl/recurso/estandar-de-sustentabilidad-para-la-industria-de-ciruelas-deshidratadas-fase-de-produccion-primaria/', 'pdf': 'https://ciruelacertificada.cl/wp-content/uploads/2024/11/EstandarPP.pdf'}",000889
General,General,Estándar,Estándar de Sustentabilidad para la Industria de Ciruelas Deshidratadas. Fase de Producción Primaria,P029,"{'web': 'https://ciruelacertificada.cl/recurso/estandar-de-sustentabilidad-para-la-industria-de-ciruelas-deshidratadas-fase-de-produccion-primaria/', 'pdf': 'https://ciruelacertificada.cl/wp-content/uploads/2024/11/EstandarPP.pdf'}",000890
General,General,Estándar,Estándar de Sustentabilidad para la Industria de Ciruelas Deshidratadas. Fase de Producción Primaria,P030,"{'web': 'https://ciruelacertificada.cl/recurso/estandar-de-sustentabilidad-para-la-industria-de-ciruelas-deshidratadas-fase-de-produccion-primaria/', 'pdf': 'https://ciruelacertificada.cl/wp-content/uploads/2024/11/EstandarPP.pdf'}",000891
General,General,Estándar,Estándar de Sustentabilidad para la Industria de Ciruelas Deshidratadas. Fase de Producción Primaria,P031,"{'web': 'https://ciruelacertificada.cl/recurso/estandar-de-sustentabilidad-para-la-industria-de-ciruelas-deshidratadas-fase-de-produccion-primaria/', 'pdf': 'https://ciruelacertificada.cl/wp-content/uploads/2024/11/EstandarPP.pdf'}",000892
General,General,Estándar,Estándar de Sustentabilidad para la Industria de Ciruelas Deshidratadas. Fase de Producción Primaria,P032,"{'web': 'https://ciruelacertificada.cl/recurso/estandar-de-sustentabilidad-para-la-industria-de-ciruelas-deshidratadas-fase-de-produccion-primaria/', 'pdf': 'https://ciruelacertificada.cl/wp-content/uploads/2024/11/EstandarPP.pdf'}",000893
General,General,Estándar,Estándar de Sustentabilidad para la Industria de Ciruelas Deshidratadas. Fase de Producción Primaria,P033,"{'web': 'https://ciruelacertificada.cl/recurso/estandar-de-sustentabilidad-para-la-industria-de-ciruelas-deshidratadas-fase-de-produccion-primaria/', 'pdf': 'https://ciruelacertificada.cl/wp-content/uploads/2024/11/EstandarPP.pdf'}",000894
General,General,Estándar,Estándar de Sustentabilidad para la Industria de Ciruelas Deshidratadas. Fase de Producción Primaria,P034,"{'web': 'https://ciruelacertificada.cl/recurso/estandar-de-sustentabilidad-para-la-industria-de-ciruelas-deshidratadas-fase-de-produccion-primaria/', 'pdf': 'https://ciruelacertificada.cl/wp-content/uploads/2024/11/EstandarPP.pdf'}",000895
General,General,Estándar,Estándar de Sustentabilidad para la Industria de Ciruelas Deshidratadas. Fase de Producción Primaria,P035,"{'web': 'https://ciruelacertificada.cl/recurso/estandar-de-sustentabilidad-para-la-industria-de-ciruelas-deshidratadas-fase-de-produccion-primaria/', 'pdf': 'https://ciruelacertificada.cl/wp-content/uploads/2024/11/EstandarPP.pdf'}",000896
General,General,Estándar,Estándar de Sustentabilidad para la Industria de Ciruelas Deshidratadas. Fase de Producción Primaria,P036,"{'web': 'https://ciruelacertificada.cl/recurso/estandar-de-sustentabilidad-para-la-industria-de-ciruelas-deshidratadas-fase-de-produccion-primaria/', 'pdf': 'https://ciruelacertificada.cl/wp-content/uploads/2024/11/EstandarPP.pdf'}",000897
General,General,Estándar,Estándar de Sustentabilidad para la Industria de Ciruelas Deshidratadas. Fase de Producción Primaria,P037,"{'web': 'https://ciruelacertificada.cl/recurso/estandar-de-sustentabilidad-para-la-industria-de-ciruelas-deshidratadas-fase-de-produccion-primaria/', 'pdf': 'https://ciruelacertificada.cl/wp-content/uploads/2024/11/EstandarPP.pdf'}",000898
General,General,Estándar,Estándar de Sustentabilidad para la Industria de Ciruelas Deshidratadas. Fase de Producción Primaria,P038,"{'web': 'https://ciruelacertificada.cl/recurso/estandar-de-sustentabilidad-para-la-industria-de-ciruelas-deshidratadas-fase-de-produccion-primaria/', 'pdf': 'https://ciruelacertificada.cl/wp-content/uploads/2024/11/EstandarPP.pdf'}",000899
General,General,Estándar,Estándar de Sustentabilidad para la Industria de Ciruelas Deshidratadas. Fase de Producción Primaria,P039,"{'web': 'https://ciruelacertificada.cl/recurso/estandar-de-sustentabilidad-para-la-industria-de-ciruelas-deshidratadas-fase-de-produccion-primaria/', 'pdf': 'https://ciruelacertificada.cl/wp-content/uploads/2024/11/EstandarPP.pdf'}",000900
General,General,Estándar,Estándar de Sustentabilidad para la Industria de Ciruelas Deshidratadas. Fase de Producción Primaria,P040,"{'web': 'https://ciruelacertificada.cl/recurso/estandar-de-sustentabilidad-para-la-industria-de-ciruelas-deshidratadas-fase-de-produccion-primaria/', 'pdf': 'https://ciruelacertificada.cl/wp-content/uploads/2024/11/EstandarPP.pdf'}",000901
General,General,Estándar,Estándar de Sustentabilidad para la Industria de Ciruelas Deshidratadas. Fase de Producción Primaria,P041,"{'web': 'https://ciruelacertificada.cl/recurso/estandar-de-sustentabilidad-para-la-industria-de-ciruelas-deshidratadas-fase-de-produccion-primaria/', 'pdf': 'https://ciruelacertificada.cl/wp-content/uploads/2024/11/EstandarPP.pdf'}",000902
General,General,Estándar,Estándar de Sustentabilidad para la Industria de Ciruelas Deshidratadas. Fase de Producción Primaria,P042,"{'web': 'https://ciruelacertificada.cl/recurso/estandar-de-sustentabilidad-para-la-industria-de-ciruelas-deshidratadas-fase-de-produccion-primaria/', 'pdf': 'https://ciruelacertificada.cl/wp-content/uploads/2024/11/EstandarPP.pdf'}",000903
General,General,Estándar,Estándar de Sustentabilidad para la Industria de Ciruelas Deshidratadas. Fase de Producción Primaria,P043,"{'web': 'https://ciruelacertificada.cl/recurso/estandar-de-sustentabilidad-para-la-industria-de-ciruelas-deshidratadas-fase-de-produccion-primaria/', 'pdf': 'https://ciruelacertificada.cl/wp-content/uploads/2024/11/EstandarPP.pdf'}",000904
General,General,Estándar,Estándar de Sustentabilidad para la Industria de Ciruelas Deshidratadas. Fase de Producción Primaria,P044,"{'web': 'https://ciruelacertificada.cl/recurso/estandar-de-sustentabilidad-para-la-industria-de-ciruelas-deshidratadas-fase-de-produccion-primaria/', 'pdf': 'https://ciruelacertificada.cl/wp-content/uploads/2024/11/EstandarPP.pdf'}",000905
General,General,Estándar,Estándar de Sustentabilidad para la Industria de Ciruelas Deshidratadas. Fase de Producción Primaria,P045,"{'web': 'https://ciruelacertificada.cl/recurso/estandar-de-sustentabilidad-para-la-industria-de-ciruelas-deshidratadas-fase-de-produccion-primaria/', 'pdf': 'https://ciruelacertificada.cl/wp-content/uploads/2024/11/EstandarPP.pdf'}",000906
General,General,Estándar,Estándar de Sustentabilidad para la Industria de Ciruelas Deshidratadas. Fase de Producción Primaria,P046,"{'web': 'https://ciruelacertificada.cl/recurso/estandar-de-sustentabilidad-para-la-industria-de-ciruelas-deshidratadas-fase-de-produccion-primaria/', 'pdf': 'https://ciruelacertificada.cl/wp-content/uploads/2024/11/EstandarPP.pdf'}",000907
General,General,Estándar,Estándar de Sustentabilidad para la Industria de Ciruelas Deshidratadas. Fase de Producción Primaria,P047,"{'web': 'https://ciruelacertificada.cl/recurso/estandar-de-sustentabilidad-para-la-industria-de-ciruelas-deshidratadas-fase-de-produccion-primaria/', 'pdf': 'https://ciruelacertificada.cl/wp-content/uploads/2024/11/EstandarPP.pdf'}",000908
General,General,Estándar,Estándar de Sustentabilidad para la Industria de Ciruelas Deshidratadas. Fase de Producción Primaria,P048,"{'web': 'https://ciruelacertificada.cl/recurso/estandar-de-sustentabilidad-para-la-industria-de-ciruelas-deshidratadas-fase-de-produccion-primaria/', 'pdf': 'https://ciruelacertificada.cl/wp-content/uploads/2024/11/EstandarPP.pdf'}",000909
General,General,Estándar,Estándar de Sustentabilidad para la Industria de Ciruelas Deshidratadas. Fase de Producción Primaria,P049,"{'web': 'https://ciruelacertificada.cl/recurso/estandar-de-sustentabilidad-para-la-industria-de-ciruelas-deshidratadas-fase-de-produccion-primaria/', 'pdf': 'https://ciruelacertificada.cl/wp-content/uploads/2024/11/EstandarPP.pdf'}",000910
General,General,Estándar,Estándar de Sustentabilidad para la Industria de Ciruelas Deshidratadas. Fase de Producción Primaria,P050,"{'web': 'https://ciruelacertificada.cl/recurso/estandar-de-sustentabilidad-para-la-industria-de-ciruelas-deshidratadas-fase-de-produccion-primaria/', 'pdf': 'https://ciruelacertificada.cl/wp-content/uploads/2024/11/EstandarPP.pdf'}",000911
General,General,Estándar,Estándar de Sustentabilidad para la Industria de Ciruelas Deshidratadas. Fase de Producción Primaria,P051,"{'web': 'https://ciruelacertificada.cl/recurso/estandar-de-sustentabilidad-para-la-industria-de-ciruelas-deshidratadas-fase-de-produccion-primaria/', 'pdf': 'https://ciruelacertificada.cl/wp-content/uploads/2024/11/EstandarPP.pdf'}",000912
General,General,Estándar,Estándar de Sustentabilidad para la Industria de Ciruelas Deshidratadas. Fase de Producción Primaria,P052,"{'web': 'https://ciruelacertificada.cl/recurso/estandar-de-sustentabilidad-para-la-industria-de-ciruelas-deshidratadas-fase-de-produccion-primaria/', 'pdf': 'https://ciruelacertificada.cl/wp-content/uploads/2024/11/EstandarPP.pdf'}",000913
General,General,Estándar,Estándar de Sustentabilidad para la Industria de Ciruelas Deshidratadas. Fase de Producción Primaria,P053,"{'web': 'https://ciruelacertificada.cl/recurso/estandar-de-sustentabilidad-para-la-industria-de-ciruelas-deshidratadas-fase-de-produccion-primaria/', 'pdf': 'https://ciruelacertificada.cl/wp-content/uploads/2024/11/EstandarPP.pdf'}",000914
General,General,Estándar,Estándar de Sustentabilidad para la Industria de Ciruelas Deshidratadas. Fase de Producción Primaria,P054,"{'web': 'https://ciruelacertificada.cl/recurso/estandar-de-sustentabilidad-para-la-industria-de-ciruelas-deshidratadas-fase-de-produccion-primaria/', 'pdf': 'https://ciruelacertificada.cl/wp-content/uploads/2024/11/EstandarPP.pdf'}",000915
General,General,Estándar,Estándar de Sustentabilidad para la Industria de Ciruelas Deshidratadas. Fase de Producción Primaria,P055,"{'web': 'https://ciruelacertificada.cl/recurso/estandar-de-sustentabilidad-para-la-industria-de-ciruelas-deshidratadas-fase-de-produccion-primaria/', 'pdf': 'https://ciruelacertificada.cl/wp-content/uploads/2024/11/EstandarPP.pdf'}",000916
General,General,Estándar,Estándar de Sustentabilidad para la Industria de Ciruelas Deshidratadas. Fase de Producción Primaria,P056,"{'web': 'https://ciruelacertificada.cl/recurso/estandar-de-sustentabilidad-para-la-industria-de-ciruelas-deshidratadas-fase-de-produccion-primaria/', 'pdf': 'https://ciruelacertificada.cl/wp-content/uploads/2024/11/EstandarPP.pdf'}",000917
General,General,Estándar,Estándar de Sustentabilidad para la Industria de Ciruelas Deshidratadas. Fase de Producción Primaria,P057,"{'web': 'https://ciruelacertificada.cl/recurso/estandar-de-sustentabilidad-para-la-industria-de-ciruelas-deshidratadas-fase-de-produccion-primaria/', 'pdf': 'https://ciruelacertificada.cl/wp-content/uploads/2024/11/EstandarPP.pdf'}",000918
General,General,Estándar,Estándar de Sustentabilidad para la Industria de Ciruelas Deshidratadas. Fase de Producción Primaria,P058,"{'web': 'https://ciruelacertificada.cl/recurso/estandar-de-sustentabilidad-para-la-industria-de-ciruelas-deshidratadas-fase-de-produccion-primaria/', 'pdf': 'https://ciruelacertificada.cl/wp-content/uploads/2024/11/EstandarPP.pdf'}",000919
General,General,Estándar,Estándar de Sustentabilidad para la Industria de Ciruelas Deshidratadas. Fase de Producción Primaria,P059,"{'web': 'https://ciruelacertificada.cl/recurso/estandar-de-sustentabilidad-para-la-industria-de-ciruelas-deshidratadas-fase-de-produccion-primaria/', 'pdf': 'https://ciruelacertificada.cl/wp-content/uploads/2024/11/EstandarPP.pdf'}",000920
General,General,Estándar,Estándar de Sustentabilidad para la Industria de Ciruelas Deshidratadas. Fase de Producción Primaria,P060,"{'web': 'https://ciruelacertificada.cl/recurso/estandar-de-sustentabilidad-para-la-industria-de-ciruelas-deshidratadas-fase-de-produccion-primaria/', 'pdf': 'https://ciruelacertificada.cl/wp-content/uploads/2024/11/EstandarPP.pdf'}",000921
General,General,Estándar,Estándar de Sustentabilidad para la Industria de Ciruelas Deshidratadas. Fase de Producción Primaria,P061,"{'web': 'https://ciruelacertificada.cl/recurso/estandar-de-sustentabilidad-para-la-industria-de-ciruelas-deshidratadas-fase-de-produccion-primaria/', 'pdf': 'https://ciruelacertificada.cl/wp-content/uploads/2024/11/EstandarPP.pdf'}",000922
General,General,Estándar,Estándar de Sustentabilidad para la Industria de Ciruelas Deshidratadas. Fase de Producción Primaria,P062,"{'web': 'https://ciruelacertificada.cl/recurso/estandar-de-sustentabilidad-para-la-industria-de-ciruelas-deshidratadas-fase-de-produccion-primaria/', 'pdf': 'https://ciruelacertificada.cl/wp-content/uploads/2024/11/EstandarPP.pdf'}",000923
General,General,Estándar,Estándar de Sustentabilidad para la Industria de Ciruelas Deshidratadas. Fase de Producción Primaria,P063,"{'web': 'https://ciruelacertificada.cl/recurso/estandar-de-sustentabilidad-para-la-industria-de-ciruelas-deshidratadas-fase-de-produccion-primaria/', 'pdf': 'https://ciruelacertificada.cl/wp-content/uploads/2024/11/EstandarPP.pdf'}",000924
General,General,Estándar,Estándar de Sustentabilidad para la Industria de Ciruelas Deshidratadas. Fase de Producción Primaria,P064,"{'web': 'https://ciruelacertificada.cl/recurso/estandar-de-sustentabilidad-para-la-industria-de-ciruelas-deshidratadas-fase-de-produccion-primaria/', 'pdf': 'https://ciruelacertificada.cl/wp-content/uploads/2024/11/EstandarPP.pdf'}",000925
General,General,Estándar,Estándar de Sustentabilidad para la Industria de Ciruelas Deshidratadas. Fase de Producción Primaria,P065,"{'web': 'https://ciruelacertificada.cl/recurso/estandar-de-sustentabilidad-para-la-industria-de-ciruelas-deshidratadas-fase-de-produccion-primaria/', 'pdf': 'https://ciruelacertificada.cl/wp-content/uploads/2024/11/EstandarPP.pdf'}",000926
General,General,Estándar,Estándar de Sustentabilidad para la Industria de Ciruelas Deshidratadas. Fase de Producción Primaria,P066,"{'web': 'https://ciruelacertificada.cl/recurso/estandar-de-sustentabilidad-para-la-industria-de-ciruelas-deshidratadas-fase-de-produccion-primaria/', 'pdf': 'https://ciruelacertificada.cl/wp-content/uploads/2024/11/EstandarPP.pdf'}",000927
General,General,Estándar,Estándar de Sustentabilidad para la Industria de Ciruelas Deshidratadas. Fase de Producción Primaria,P067,"{'web': 'https://ciruelacertificada.cl/recurso/estandar-de-sustentabilidad-para-la-industria-de-ciruelas-deshidratadas-fase-de-produccion-primaria/', 'pdf': 'https://ciruelacertificada.cl/wp-content/uploads/2024/11/EstandarPP.pdf'}",000928
General,General,Estándar,Estándar de Sustentabilidad para la Industria de Ciruelas Deshidratadas. Fase de Producción Primaria,P068,"{'web': 'https://ciruelacertificada.cl/recurso/estandar-de-sustentabilidad-para-la-industria-de-ciruelas-deshidratadas-fase-de-produccion-primaria/', 'pdf': 'https://ciruelacertificada.cl/wp-content/uploads/2024/11/EstandarPP.pdf'}",000929
General,General,Estándar,Estándar de Sustentabilidad para la Industria de Ciruelas Deshidratadas. Fase de Producción Primaria,P069,"{'web': 'https://ciruelacertificada.cl/recurso/estandar-de-sustentabilidad-para-la-industria-de-ciruelas-deshidratadas-fase-de-produccion-primaria/', 'pdf': 'https://ciruelacertificada.cl/wp-content/uploads/2024/11/EstandarPP.pdf'}",000930
General,General,Estándar,Estándar de Sustentabilidad para la Industria de Ciruelas Deshidratadas. Fase de Producción Primaria,P070,"{'web': 'https://ciruelacertificada.cl/recurso/estandar-de-sustentabilidad-para-la-industria-de-ciruelas-deshidratadas-fase-de-produccion-primaria/', 'pdf': 'https://ciruelacertificada.cl/wp-content/uploads/2024/11/EstandarPP.pdf'}",000931
General,General,Estándar,Estándar de Sustentabilidad para la Industria de Ciruelas Deshidratadas. Fase de Producción Primaria,P071,"{'web': 'https://ciruelacertificada.cl/recurso/estandar-de-sustentabilidad-para-la-industria-de-ciruelas-deshidratadas-fase-de-produccion-primaria/', 'pdf': 'https://ciruelacertificada.cl/wp-content/uploads/2024/11/EstandarPP.pdf'}",000932
General,General,Estándar,Estándar de Sustentabilidad para la Industria de Ciruelas Deshidratadas. Fase de Producción Primaria,P072,"{'web': 'https://ciruelacertificada.cl/recurso/estandar-de-sustentabilidad-para-la-industria-de-ciruelas-deshidratadas-fase-de-produccion-primaria/', 'pdf': 'https://ciruelacertificada.cl/wp-content/uploads/2024/11/EstandarPP.pdf'}",000933
General,General,Estándar,Estándar de Sustentabilidad para la Industria de Ciruelas Deshidratadas. Fase de Producción Primaria,P073,"{'web': 'https://ciruelacertificada.cl/recurso/estandar-de-sustentabilidad-para-la-industria-de-ciruelas-deshidratadas-fase-de-produccion-primaria/', 'pdf': 'https://ciruelacertificada.cl/wp-content/uploads/2024/11/EstandarPP.pdf'}",000934
General,General,Estándar,Estándar de Sustentabilidad para la Industria de Ciruelas Deshidratadas. Fase de Producción Primaria,P074,"{'web': 'https://ciruelacertificada.cl/recurso/estandar-de-sustentabilidad-para-la-industria-de-ciruelas-deshidratadas-fase-de-produccion-primaria/', 'pdf': 'https://ciruelacertificada.cl/wp-content/uploads/2024/11/EstandarPP.pdf'}",000935
General,General,Estándar,Estándar de Sustentabilidad para la Industria de Ciruelas Deshidratadas. Fase de Producción Primaria,P075,"{'web': 'https://ciruelacertificada.cl/recurso/estandar-de-sustentabilidad-para-la-industria-de-ciruelas-deshidratadas-fase-de-produccion-primaria/', 'pdf': 'https://ciruelacertificada.cl/wp-content/uploads/2024/11/EstandarPP.pdf'}",000936
General,General,Estándar,Estándar de Sustentabilidad para la Industria de Ciruelas Deshidratadas. Fase de Producción Primaria,P076,"{'web': 'https://ciruelacertificada.cl/recurso/estandar-de-sustentabilidad-para-la-industria-de-ciruelas-deshidratadas-fase-de-produccion-primaria/', 'pdf': 'https://ciruelacertificada.cl/wp-content/uploads/2024/11/EstandarPP.pdf'}",000937
General,General,Estándar,Estándar de Sustentabilidad para la Industria de Ciruelas Deshidratadas. Fase de Producción Primaria,P077,"{'web': 'https://ciruelacertificada.cl/recurso/estandar-de-sustentabilidad-para-la-industria-de-ciruelas-deshidratadas-fase-de-produccion-primaria/', 'pdf': 'https://ciruelacertificada.cl/wp-content/uploads/2024/11/EstandarPP.pdf'}",000938
General,General,Estándar,Estándar de Sustentabilidad para la Industria de Ciruelas Deshidratadas. Fase de Producción Primaria,P078,"{'web': 'https://ciruelacertificada.cl/recurso/estandar-de-sustentabilidad-para-la-industria-de-ciruelas-deshidratadas-fase-de-produccion-primaria/', 'pdf': 'https://ciruelacertificada.cl/wp-content/uploads/2024/11/EstandarPP.pdf'}",000939
General,General,Estándar,Estándar de Sustentabilidad para la Industria de Ciruelas Deshidratadas. Fase de Producción Primaria,P079,"{'web': 'https://ciruelacertificada.cl/recurso/estandar-de-sustentabilidad-para-la-industria-de-ciruelas-deshidratadas-fase-de-produccion-primaria/', 'pdf': 'https://ciruelacertificada.cl/wp-content/uploads/2024/11/EstandarPP.pdf'}",000940
General,General,Estándar,Estándar de Sustentabilidad para la Industria de Ciruelas Deshidratadas. Fase de Producción Primaria,P080,"{'web': 'https://ciruelacertificada.cl/recurso/estandar-de-sustentabilidad-para-la-industria-de-ciruelas-deshidratadas-fase-de-produccion-primaria/', 'pdf': 'https://ciruelacertificada.cl/wp-content/uploads/2024/11/EstandarPP.pdf'}",000941
General,General,Estándar,Estándar de Sustentabilidad para la Industria de Ciruelas Deshidratadas. Fase de Producción Primaria,P081,"{'web': 'https://ciruelacertificada.cl/recurso/estandar-de-sustentabilidad-para-la-industria-de-ciruelas-deshidratadas-fase-de-produccion-primaria/', 'pdf': 'https://ciruelacertificada.cl/wp-content/uploads/2024/11/EstandarPP.pdf'}",000942
General,General,Estándar,Estándar de Sustentabilidad para la Industria de Ciruelas Deshidratadas. Fase de Producción Primaria,P082,"{'web': 'https://ciruelacertificada.cl/recurso/estandar-de-sustentabilidad-para-la-industria-de-ciruelas-deshidratadas-fase-de-produccion-primaria/', 'pdf': 'https://ciruelacertificada.cl/wp-content/uploads/2024/11/EstandarPP.pdf'}",000943
General,General,Estándar,Estándar de Sustentabilidad para la Industria de Ciruelas Deshidratadas. Fase de Producción Primaria,P083,"{'web': 'https://ciruelacertificada.cl/recurso/estandar-de-sustentabilidad-para-la-industria-de-ciruelas-deshidratadas-fase-de-produccion-primaria/', 'pdf': 'https://ciruelacertificada.cl/wp-content/uploads/2024/11/EstandarPP.pdf'}",000944
General,General,Estándar,Estándar de Sustentabilidad para la Industria de Ciruelas Deshidratadas. Fase de Producción Primaria,P084,"{'web': 'https://ciruelacertificada.cl/recurso/estandar-de-sustentabilidad-para-la-industria-de-ciruelas-deshidratadas-fase-de-produccion-primaria/', 'pdf': 'https://ciruelacertificada.cl/wp-content/uploads/2024/11/EstandarPP.pdf'}",000945
General,General,Estándar,Estándar de Sustentabilidad para la Industria de Ciruelas Deshidratadas. Fase de Producción Primaria,P085,"{'web': 'https://ciruelacertificada.cl/recurso/estandar-de-sustentabilidad-para-la-industria-de-ciruelas-deshidratadas-fase-de-produccion-primaria/', 'pdf': 'https://ciruelacertificada.cl/wp-content/uploads/2024/11/EstandarPP.pdf'}",000946
General,General,Estándar,Estándar de Sustentabilidad para la Industria de Ciruelas Deshidratadas. Fase de Producción Primaria,P086,"{'web': 'https://ciruelacertificada.cl/recurso/estandar-de-sustentabilidad-para-la-industria-de-ciruelas-deshidratadas-fase-de-produccion-primaria/', 'pdf': 'https://ciruelacertificada.cl/wp-content/uploads/2024/11/EstandarPP.pdf'}",000947
General,General,Estándar,Estándar de Sustentabilidad para la Industria de Ciruelas Deshidratadas. Fase de Producción Primaria,P087,"{'web': 'https://ciruelacertificada.cl/recurso/estandar-de-sustentabilidad-para-la-industria-de-ciruelas-deshidratadas-fase-de-produccion-primaria/', 'pdf': 'https://ciruelacertificada.cl/wp-content/uploads/2024/11/EstandarPP.pdf'}",000948
General,General,Estándar,Estándar de Sustentabilidad para la Industria de Ciruelas Deshidratadas. Fase de Producción Primaria,P088,"{'web': 'https://ciruelacertificada.cl/recurso/estandar-de-sustentabilidad-para-la-industria-de-ciruelas-deshidratadas-fase-de-produccion-primaria/', 'pdf': 'https://ciruelacertificada.cl/wp-content/uploads/2024/11/EstandarPP.pdf'}",000949
General,General,Estándar,Estándar de Sustentabilidad para la Industria de Ciruelas Deshidratadas. Fase de Producción Primaria,P089,"{'web': 'https://ciruelacertificada.cl/recurso/estandar-de-sustentabilidad-para-la-industria-de-ciruelas-deshidratadas-fase-de-produccion-primaria/', 'pdf': 'https://ciruelacertificada.cl/wp-content/uploads/2024/11/EstandarPP.pdf'}",000950
General,General,Estándar,Estándar de Sustentabilidad para la Industria de Ciruelas Deshidratadas. Fase de Producción Primaria,P090,"{'web': 'https://ciruelacertificada.cl/recurso/estandar-de-sustentabilidad-para-la-industria-de-ciruelas-deshidratadas-fase-de-produccion-primaria/', 'pdf': 'https://ciruelacertificada.cl/wp-content/uploads/2024/11/EstandarPP.pdf'}",000951
General,General,Estándar,Estándar de Sustentabilidad para la Industria de Ciruelas Deshidratadas. Fase de Producción Primaria,P091,"{'web': 'https://ciruelacertificada.cl/recurso/estandar-de-sustentabilidad-para-la-industria-de-ciruelas-deshidratadas-fase-de-produccion-primaria/', 'pdf': 'https://ciruelacertificada.cl/wp-content/uploads/2024/11/EstandarPP.pdf'}",000952
General,General,Estándar,Estándar de Sustentabilidad para la Industria de Ciruelas Deshidratadas. Fase de Producción Primaria,P092,"{'web': 'https://ciruelacertificada.cl/recurso/estandar-de-sustentabilidad-para-la-industria-de-ciruelas-deshidratadas-fase-de-produccion-primaria/', 'pdf': 'https://ciruelacertificada.cl/wp-content/uploads/2024/11/EstandarPP.pdf'}",000953
General,General,Estándar,Estándar de Sustentabilidad para la Industria de Ciruelas Deshidratadas. Fase de Producción Primaria,P093,"{'web': 'https://ciruelacertificada.cl/recurso/estandar-de-sustentabilidad-para-la-industria-de-ciruelas-deshidratadas-fase-de-produccion-primaria/', 'pdf': 'https://ciruelacertificada.cl/wp-content/uploads/2024/11/EstandarPP.pdf'}",000954
General,General,Estándar,Estándar de Sustentabilidad para la Industria de Ciruelas Deshidratadas. Fase de Producción Primaria,P094,"{'web': 'https://ciruelacertificada.cl/recurso/estandar-de-sustentabilidad-para-la-industria-de-ciruelas-deshidratadas-fase-de-produccion-primaria/', 'pdf': 'https://ciruelacertificada.cl/wp-content/uploads/2024/11/EstandarPP.pdf'}",000955
General,General,Estándar,Estándar de Sustentabilidad para la Industria de Ciruelas Deshidratadas. Fase de Producción Primaria,P095,"{'web': 'https://ciruelacertificada.cl/recurso/estandar-de-sustentabilidad-para-la-industria-de-ciruelas-deshidratadas-fase-de-produccion-primaria/', 'pdf': 'https://ciruelacertificada.cl/wp-content/uploads/2024/11/EstandarPP.pdf'}",000956
General,General,Estándar,Estándar de Sustentabilidad para la Industria de Ciruelas Deshidratadas. Fase de Producción Primaria,P096,"{'web': 'https://ciruelacertificada.cl/recurso/estandar-de-sustentabilidad-para-la-industria-de-ciruelas-deshidratadas-fase-de-produccion-primaria/', 'pdf': 'https://ciruelacertificada.cl/wp-content/uploads/2024/11/EstandarPP.pdf'}",000957
General,General,Estándar,Estándar de Sustentabilidad para la Industria de Ciruelas Deshidratadas. Fase de Producción Primaria,P097,"{'web': 'https://ciruelacertificada.cl/recurso/estandar-de-sustentabilidad-para-la-industria-de-ciruelas-deshidratadas-fase-de-produccion-primaria/', 'pdf': 'https://ciruelacertificada.cl/wp-content/uploads/2024/11/EstandarPP.pdf'}",000958
General,General,Estándar,Estándar de Sustentabilidad para la Industria de Ciruelas Deshidratadas. Fase de Producción Primaria,P098,"{'web': 'https://ciruelacertificada.cl/recurso/estandar-de-sustentabilidad-para-la-industria-de-ciruelas-deshidratadas-fase-de-produccion-primaria/', 'pdf': 'https://ciruelacertificada.cl/wp-content/uploads/2024/11/EstandarPP.pdf'}",000959
General,General,Estándar,Estándar de Sustentabilidad para la Industria de Ciruelas Deshidratadas. Fase de Producción Primaria,P099,"{'web': 'https://ciruelacertificada.cl/recurso/estandar-de-sustentabilidad-para-la-industria-de-ciruelas-deshidratadas-fase-de-produccion-primaria/', 'pdf': 'https://ciruelacertificada.cl/wp-content/uploads/2024/11/EstandarPP.pdf'}",000960
General,General,Estándar,Estándar de Sustentabilidad para la Industria de Ciruelas Deshidratadas. Fase de Producción Primaria,P100,"{'web': 'https://ciruelacertificada.cl/recurso/estandar-de-sustentabilidad-para-la-industria-de-ciruelas-deshidratadas-fase-de-produccion-primaria/', 'pdf': 'https://ciruelacertificada.cl/wp-content/uploads/2024/11/EstandarPP.pdf'}",000961
General,General,Estándar,Estándar de Sustentabilidad para la Industria de Ciruelas Deshidratadas. Fase de Producción Primaria,P101,"{'web': 'https://ciruelacertificada.cl/recurso/estandar-de-sustentabilidad-para-la-industria-de-ciruelas-deshidratadas-fase-de-produccion-primaria/', 'pdf': 'https://ciruelacertificada.cl/wp-content/uploads/2024/11/EstandarPP.pdf'}",000962
General,General,Estándar,Estándar de Sustentabilidad para la Industria de Ciruelas Deshidratadas. Fase de Producción Primaria,P102,"{'web': 'https://ciruelacertificada.cl/recurso/estandar-de-sustentabilidad-para-la-industria-de-ciruelas-deshidratadas-fase-de-produccion-primaria/', 'pdf': 'https://ciruelacertificada.cl/wp-content/uploads/2024/11/EstandarPP.pdf'}",000963
General,General,Estándar,Estándar de Sustentabilidad para la Industria de Ciruelas Deshidratadas. Fase de Producción Primaria,P103,"{'web': 'https://ciruelacertificada.cl/recurso/estandar-de-sustentabilidad-para-la-industria-de-ciruelas-deshidratadas-fase-de-produccion-primaria/', 'pdf': 'https://ciruelacertificada.cl/wp-content/uploads/2024/11/EstandarPP.pdf'}",000964
General,General,Estándar,Estándar de Sustentabilidad para la Industria de Ciruelas Deshidratadas. Fase de Producción Primaria,P104,"{'web': 'https://ciruelacertificada.cl/recurso/estandar-de-sustentabilidad-para-la-industria-de-ciruelas-deshidratadas-fase-de-produccion-primaria/', 'pdf': 'https://ciruelacertificada.cl/wp-content/uploads/2024/11/EstandarPP.pdf'}",000965
General,General,Estándar,Estándar de Sustentabilidad para la Industria de Ciruelas Deshidratadas. Fase de Producción Primaria,P105,"{'web': 'https://ciruelacertificada.cl/recurso/estandar-de-sustentabilidad-para-la-industria-de-ciruelas-deshidratadas-fase-de-produccion-primaria/', 'pdf': 'https://ciruelacertificada.cl/wp-content/uploads/2024/11/EstandarPP.pdf'}",000966
General,General,Estándar,Estándar de Sustentabilidad para la Industria de Ciruelas Deshidratadas. Fase de Producción Primaria,P106,"{'web': 'https://ciruelacertificada.cl/recurso/estandar-de-sustentabilidad-para-la-industria-de-ciruelas-deshidratadas-fase-de-produccion-primaria/', 'pdf': 'https://ciruelacertificada.cl/wp-content/uploads/2024/11/EstandarPP.pdf'}",000967
General,General,Estándar,Estándar de Sustentabilidad para la Industria de Ciruelas Deshidratadas. Fase de Producción Primaria,P107,"{'web': 'https://ciruelacertificada.cl/recurso/estandar-de-sustentabilidad-para-la-industria-de-ciruelas-deshidratadas-fase-de-produccion-primaria/', 'pdf': 'https://ciruelacertificada.cl/wp-content/uploads/2024/11/EstandarPP.pdf'}",000968
General,General,Estándar,Estándar de Sustentabilidad para la Industria de Ciruelas Deshidratadas. Fase de Producción Primaria,P108,"{'web': 'https://ciruelacertificada.cl/recurso/estandar-de-sustentabilidad-para-la-industria-de-ciruelas-deshidratadas-fase-de-produccion-primaria/', 'pdf': 'https://ciruelacertificada.cl/wp-content/uploads/2024/11/EstandarPP.pdf'}",000969
General,General,Estándar,Estándar de Sustentabilidad para la Industria de Ciruelas Deshidratadas. Fase de Producción Primaria,P109,"{'web': 'https://ciruelacertificada.cl/recurso/estandar-de-sustentabilidad-para-la-industria-de-ciruelas-deshidratadas-fase-de-produccion-primaria/', 'pdf': 'https://ciruelacertificada.cl/wp-content/uploads/2024/11/EstandarPP.pdf'}",000970
General,General,Estándar,Estándar de Sustentabilidad para la Industria de Ciruelas Deshidratadas. Fase de Producción Primaria,P110,"{'web': 'https://ciruelacertificada.cl/recurso/estandar-de-sustentabilidad-para-la-industria-de-ciruelas-deshidratadas-fase-de-produccion-primaria/', 'pdf': 'https://ciruelacertificada.cl/wp-content/uploads/2024/11/EstandarPP.pdf'}",000971
General,General,Estándar,Estándar de Sustentabilidad para la Industria de Ciruelas Deshidratadas. Fase de Producción Primaria,P111,"{'web': 'https://ciruelacertificada.cl/recurso/estandar-de-sustentabilidad-para-la-industria-de-ciruelas-deshidratadas-fase-de-produccion-primaria/', 'pdf': 'https://ciruelacertificada.cl/wp-content/uploads/2024/11/EstandarPP.pdf'}",000972
General,General,Estándar,Estándar de Sustentabilidad para la Industria de Ciruelas Deshidratadas. Fase de Producción Primaria,P112,"{'web': 'https://ciruelacertificada.cl/recurso/estandar-de-sustentabilidad-para-la-industria-de-ciruelas-deshidratadas-fase-de-produccion-primaria/', 'pdf': 'https://ciruelacertificada.cl/wp-content/uploads/2024/11/EstandarPP.pdf'}",000973
General,General,Estándar,Estándar de Sustentabilidad para la Industria de Ciruelas Deshidratadas. Fase de Producción Primaria,P113,"{'web': 'https://ciruelacertificada.cl/recurso/estandar-de-sustentabilidad-para-la-industria-de-ciruelas-deshidratadas-fase-de-produccion-primaria/', 'pdf': 'https://ciruelacertificada.cl/wp-content/uploads/2024/11/EstandarPP.pdf'}",000974
General,General,Estándar,Estándar de Sustentabilidad para la Industria de Ciruelas Deshidratadas. Fase de Producción Primaria,P114,"{'web': 'https://ciruelacertificada.cl/recurso/estandar-de-sustentabilidad-para-la-industria-de-ciruelas-deshidratadas-fase-de-produccion-primaria/', 'pdf': 'https://ciruelacertificada.cl/wp-content/uploads/2024/11/EstandarPP.pdf'}",000975
General,General,Estándar,Estándar de Sustentabilidad para la Industria de Ciruelas Deshidratadas. Fase de Producción Primaria,P115,"{'web': 'https://ciruelacertificada.cl/recurso/estandar-de-sustentabilidad-para-la-industria-de-ciruelas-deshidratadas-fase-de-produccion-primaria/', 'pdf': 'https://ciruelacertificada.cl/wp-content/uploads/2024/11/EstandarPP.pdf'}",000976
General,General,Estándar,Estándar de Sustentabilidad para la Industria de Ciruelas Deshidratadas. Fase de Producción Primaria,P116,"{'web': 'https://ciruelacertificada.cl/recurso/estandar-de-sustentabilidad-para-la-industria-de-ciruelas-deshidratadas-fase-de-produccion-primaria/', 'pdf': 'https://ciruelacertificada.cl/wp-content/uploads/2024/11/EstandarPP.pdf'}",000977
General,General,Estándar,Estándar de Sustentabilidad para la Industria de Ciruelas Deshidratadas. Fase de Producción Primaria,P117,"{'web': 'https://ciruelacertificada.cl/recurso/estandar-de-sustentabilidad-para-la-industria-de-ciruelas-deshidratadas-fase-de-produccion-primaria/', 'pdf': 'https://ciruelacertificada.cl/wp-content/uploads/2024/11/EstandarPP.pdf'}",000978
General,General,Estándar,Estándar de Sustentabilidad para la Industria de Ciruelas Deshidratadas. Fase de Producción Primaria,P118,"{'web': 'https://ciruelacertificada.cl/recurso/estandar-de-sustentabilidad-para-la-industria-de-ciruelas-deshidratadas-fase-de-produccion-primaria/', 'pdf': 'https://ciruelacertificada.cl/wp-content/uploads/2024/11/EstandarPP.pdf'}",000979
General,General,Estándar,Estándar de Sustentabilidad para la Industria de Ciruelas Deshidratadas. Fase de Producción Primaria,P119,"{'web': 'https://ciruelacertificada.cl/recurso/estandar-de-sustentabilidad-para-la-industria-de-ciruelas-deshidratadas-fase-de-produccion-primaria/', 'pdf': 'https://ciruelacertificada.cl/wp-content/uploads/2024/11/EstandarPP.pdf'}",000980
General,General,Estándar,Estándar de Sustentabilidad para la Industria de Ciruelas Deshidratadas. Fase de Producción Primaria,P120,"{'web': 'https://ciruelacertificada.cl/recurso/estandar-de-sustentabilidad-para-la-industria-de-ciruelas-deshidratadas-fase-de-produccion-primaria/', 'pdf': 'https://ciruelacertificada.cl/wp-content/uploads/2024/11/EstandarPP.pdf'}",000981
General,General,Estándar,Estándar de Sustentabilidad para la Industria de Ciruelas Deshidratadas. Fase de Producción Primaria,P121,"{'web': 'https://ciruelacertificada.cl/recurso/estandar-de-sustentabilidad-para-la-industria-de-ciruelas-deshidratadas-fase-de-produccion-primaria/', 'pdf': 'https://ciruelacertificada.cl/wp-content/uploads/2024/11/EstandarPP.pdf'}",000982
General,General,Estándar,Estándar de Sustentabilidad para la Industria de Ciruelas Deshidratadas. Fase de Producción Primaria,P122,"{'web': 'https://ciruelacertificada.cl/recurso/estandar-de-sustentabilidad-para-la-industria-de-ciruelas-deshidratadas-fase-de-produccion-primaria/', 'pdf': 'https://ciruelacertificada.cl/wp-content/uploads/2024/11/EstandarPP.pdf'}",000983
General,General,Estándar,Estándar de Sustentabilidad para la Industria de Ciruelas Deshidratadas. Fase de Producción Primaria,P123,"{'web': 'https://ciruelacertificada.cl/recurso/estandar-de-sustentabilidad-para-la-industria-de-ciruelas-deshidratadas-fase-de-produccion-primaria/', 'pdf': 'https://ciruelacertificada.cl/wp-content/uploads/2024/11/EstandarPP.pdf'}",000984
General,General,Estándar,Estándar de Sustentabilidad para la Industria de Ciruelas Deshidratadas. Fase de Producción Primaria,P124,"{'web': 'https://ciruelacertificada.cl/recurso/estandar-de-sustentabilidad-para-la-industria-de-ciruelas-deshidratadas-fase-de-produccion-primaria/', 'pdf': 'https://ciruelacertificada.cl/wp-content/uploads/2024/11/EstandarPP.pdf'}",000985
General,General,Estándar,Estándar de Sustentabilidad para la Industria de Ciruelas Deshidratadas. Fase de Producción Primaria,P125,"{'web': 'https://ciruelacertificada.cl/recurso/estandar-de-sustentabilidad-para-la-industria-de-ciruelas-deshidratadas-fase-de-produccion-primaria/', 'pdf': 'https://ciruelacertificada.cl/wp-content/uploads/2024/11/EstandarPP.pdf'}",000986
General,General,Estándar,Estándar de Sustentabilidad para la Industria de Ciruelas Deshidratadas. Fase de Producción Primaria,P126,"{'web': 'https://ciruelacertificada.cl/recurso/estandar-de-sustentabilidad-para-la-industria-de-ciruelas-deshidratadas-fase-de-produccion-primaria/', 'pdf': 'https://ciruelacertificada.cl/wp-content/uploads/2024/11/EstandarPP.pdf'}",000987
General,General,Estándar,Estándar de Sustentabilidad para la Industria de Ciruelas Deshidratadas. Fase de Producción Primaria,P127,"{'web': 'https://ciruelacertificada.cl/recurso/estandar-de-sustentabilidad-para-la-industria-de-ciruelas-deshidratadas-fase-de-produccion-primaria/', 'pdf': 'https://ciruelacertificada.cl/wp-content/uploads/2024/11/EstandarPP.pdf'}",000988
General,General,Estándar,Estándar de Sustentabilidad para la Industria de Ciruelas Deshidratadas. Fase de Producción Primaria,P128,"{'web': 'https://ciruelacertificada.cl/recurso/estandar-de-sustentabilidad-para-la-industria-de-ciruelas-deshidratadas-fase-de-produccion-primaria/', 'pdf': 'https://ciruelacertificada.cl/wp-content/uploads/2024/11/EstandarPP.pdf'}",000989
General,General,Estándar,Estándar de Sustentabilidad para la Industria de Ciruelas Deshidratadas. Fase de Producción Primaria,P129,"{'web': 'https://ciruelacertificada.cl/recurso/estandar-de-sustentabilidad-para-la-industria-de-ciruelas-deshidratadas-fase-de-produccion-primaria/', 'pdf': 'https://ciruelacertificada.cl/wp-content/uploads/2024/11/EstandarPP.pdf'}",000990
General,General,Estándar,Estándar de Sustentabilidad para la Industria de Ciruelas Deshidratadas. Fase de Producción Primaria,P130,"{'web': 'https://ciruelacertificada.cl/recurso/estandar-de-sustentabilidad-para-la-industria-de-ciruelas-deshidratadas-fase-de-produccion-primaria/', 'pdf': 'https://ciruelacertificada.cl/wp-content/uploads/2024/11/EstandarPP.pdf'}",000991
General,General,Estándar,Estándar de Sustentabilidad para la Industria de Ciruelas Deshidratadas. Fase de Producción Primaria,P131,"{'web': 'https://ciruelacertificada.cl/recurso/estandar-de-sustentabilidad-para-la-industria-de-ciruelas-deshidratadas-fase-de-produccion-primaria/', 'pdf': 'https://ciruelacertificada.cl/wp-content/uploads/2024/11/EstandarPP.pdf'}",000992
General,General,Estándar,Estándar de Sustentabilidad para la Industria de Ciruelas Deshidratadas. Fase de Producción Primaria,P132,"{'web': 'https://ciruelacertificada.cl/recurso/estandar-de-sustentabilidad-para-la-industria-de-ciruelas-deshidratadas-fase-de-produccion-primaria/', 'pdf': 'https://ciruelacertificada.cl/wp-content/uploads/2024/11/EstandarPP.pdf'}",000993
General,General,Estándar,Estándar de Sustentabilidad para la Industria de Ciruelas Deshidratadas. Fase de Producción Primaria,P133,"{'web': 'https://ciruelacertificada.cl/recurso/estandar-de-sustentabilidad-para-la-industria-de-ciruelas-deshidratadas-fase-de-produccion-primaria/', 'pdf': 'https://ciruelacertificada.cl/wp-content/uploads/2024/11/EstandarPP.pdf'}",000994
General,General,Estándar,Estándar de Sustentabilidad para la Industria de Ciruelas Deshidratadas. Fase de Producción Primaria,P134,"{'web': 'https://ciruelacertificada.cl/recurso/estandar-de-sustentabilidad-para-la-industria-de-ciruelas-deshidratadas-fase-de-produccion-primaria/', 'pdf': 'https://ciruelacertificada.cl/wp-content/uploads/2024/11/EstandarPP.pdf'}",000995
General,General,Estándar,Estándar de Sustentabilidad para la Industria de Ciruelas Deshidratadas. Fase de Producción Primaria,P135,"{'web': 'https://ciruelacertificada.cl/recurso/estandar-de-sustentabilidad-para-la-industria-de-ciruelas-deshidratadas-fase-de-produccion-primaria/', 'pdf': 'https://ciruelacertificada.cl/wp-content/uploads/2024/11/EstandarPP.pdf'}",000996
General,General,Estándar,Estándar de Sustentabilidad para la Industria de Ciruelas Deshidratadas. Fase de Producción Primaria,P136,"{'web': 'https://ciruelacertificada.cl/recurso/estandar-de-sustentabilidad-para-la-industria-de-ciruelas-deshidratadas-fase-de-produccion-primaria/', 'pdf': 'https://ciruelacertificada.cl/wp-content/uploads/2024/11/EstandarPP.pdf'}",000997
General,General,Estándar,Estándar de Sustentabilidad para la Industria de Ciruelas Deshidratadas. Fase de Producción Primaria,P137,"{'web': 'https://ciruelacertificada.cl/recurso/estandar-de-sustentabilidad-para-la-industria-de-ciruelas-deshidratadas-fase-de-produccion-primaria/', 'pdf': 'https://ciruelacertificada.cl/wp-content/uploads/2024/11/EstandarPP.pdf'}",000998
General,General,Estándar,Estándar de Sustentabilidad para la Industria de Ciruelas Deshidratadas. Fase de Producción Primaria,P138,"{'web': 'https://ciruelacertificada.cl/recurso/estandar-de-sustentabilidad-para-la-industria-de-ciruelas-deshidratadas-fase-de-produccion-primaria/', 'pdf': 'https://ciruelacertificada.cl/wp-content/uploads/2024/11/EstandarPP.pdf'}",000999
General,General,Estándar,Estándar de Sustentabilidad para la Industria de Ciruelas Deshidratadas. Fase de Producción Primaria,P139,"{'web': 'https://ciruelacertificada.cl/recurso/estandar-de-sustentabilidad-para-la-industria-de-ciruelas-deshidratadas-fase-de-produccion-primaria/', 'pdf': 'https://ciruelacertificada.cl/wp-content/uploads/2024/11/EstandarPP.pdf'}",001000
General,General,Estándar,Estándar de Sustentabilidad para la Industria de Ciruelas Deshidratadas. Fase de Producción Primaria,P140,"{'web': 'https://ciruelacertificada.cl/recurso/estandar-de-sustentabilidad-para-la-industria-de-ciruelas-deshidratadas-fase-de-produccion-primaria/', 'pdf': 'https://ciruelacertificada.cl/wp-content/uploads/2024/11/EstandarPP.pdf'}",001001
General,General,Estándar,Estándar de Sustentabilidad para la Industria de Ciruelas Deshidratadas. Fase de Producción Primaria,P141,"{'web': 'https://ciruelacertificada.cl/recurso/estandar-de-sustentabilidad-para-la-industria-de-ciruelas-deshidratadas-fase-de-produccion-primaria/', 'pdf': 'https://ciruelacertificada.cl/wp-content/uploads/2024/11/EstandarPP.pdf'}",001002
General,General,Estándar,Estándar de Sustentabilidad para la Industria de Ciruelas Deshidratadas. Fase de Producción Primaria,P142,"{'web': 'https://ciruelacertificada.cl/recurso/estandar-de-sustentabilidad-para-la-industria-de-ciruelas-deshidratadas-fase-de-produccion-primaria/', 'pdf': 'https://ciruelacertificada.cl/wp-content/uploads/2024/11/EstandarPP.pdf'}",001003
General,General,Estándar,Estándar de Sustentabilidad para la Industria de Ciruelas Deshidratadas. Fase de Producción Primaria,P143,"{'web': 'https://ciruelacertificada.cl/recurso/estandar-de-sustentabilidad-para-la-industria-de-ciruelas-deshidratadas-fase-de-produccion-primaria/', 'pdf': 'https://ciruelacertificada.cl/wp-content/uploads/2024/11/EstandarPP.pdf'}",001004
General,General,Estándar,Estándar de Sustentabilidad para la Industria de Ciruelas Deshidratadas. Fase de Producción Primaria,P144,"{'web': 'https://ciruelacertificada.cl/recurso/estandar-de-sustentabilidad-para-la-industria-de-ciruelas-deshidratadas-fase-de-produccion-primaria/', 'pdf': 'https://ciruelacertificada.cl/wp-content/uploads/2024/11/EstandarPP.pdf'}",001005
General,General,Estándar,Estándar de Sustentabilidad para la Industria de Ciruelas Deshidratadas. Fase de Producción Primaria,P145,"{'web': 'https://ciruelacertificada.cl/recurso/estandar-de-sustentabilidad-para-la-industria-de-ciruelas-deshidratadas-fase-de-produccion-primaria/', 'pdf': 'https://ciruelacertificada.cl/wp-content/uploads/2024/11/EstandarPP.pdf'}",001006
